ts,element,code,web_name,team,element_type,now_cost,cost_change_event,cost_change_start,price_change_percent,price_change_hourly_rate,price_change_locked_until,price_change_calibrating,proj0_percent,proj1_percent,proj2_percent,proj0_likelihood,proj1_likelihood,proj2_likelihood,transfers_in_event,transfers_out_event,transfers_in,transfers_out,selected_by_percent,status,chance_of_playing_next_round,news,news_added,form,event_points,total_points,minutes
2026-08-21T13:47:03+00:00,1,154561,Raya,1,1,60,0,0,0,0,,False,0,0,0,0,0,0,0,0,0,0,37.2,a,,,,0.0,0,162,3330
2026-08-21T13:47:03+00:00,2,109745,Arrizabalaga,1,1,50,0,0,0,0,,False,0,0,0,0,0,0,0,0,0,0,0.1,a,,,,0.0,0,2,90
2026-08-21T13:47:03+00:00,3,437495,Meslier,1,1,50,0,0,0,0,,False,0,0,0,0,0,0,0,0,0,0,0.0,a,,,,0.0,0,0,0
2026-08-21T13:47:03+00:00,4,226597,Gabriel,1,2,80,0,0,0,0,,False,0,0,0,0,0,0,0,0,0,0,29.7,a,,,,0.0,0,209,2750
2026-08-21T13:47:03+00:00,5,445122,J.Timber,1,2,65,0,0,0,0,,False,0,0,0,0,0,0,0,0,0,0,0.1,i,0,Groin injury - Unknown return date,2026-07-23T12:01:23.272929Z,0.0,0,149,2452
2026-08-21T13:47:03+00:00,6,462424,Saliba,1,2,60,0,0,0,0,,False,0,0,0,0,0,0,0,0,0,0,0.3,i,0,Back injury - Unknown return date,2026-07-23T12:01:23.289376Z,0.0,0,137,2614
2026-08-21T13:47:03+00:00,7,499169,Lewis-Skelly,1,3,55,0,0,0,0,,False,0,0,0,0,0,0,0,0,0,0,0.6,a,,,,0.0,0,29,697
2026-08-21T13:47:03+00:00,8,466075,Calafiori,1,2,55,0,0,0,0,,False,0,0,0,0,0,0,0,0,0,0,37.2,a,,,,0.0,0,109,1697
2026-08-21T13:47:03+00:00,9,448104,Hincapie,1,2,55,0,0,0,0,,False,0,0,0,0,0,0,0,0,0,0,2.0,a,,,,0.0,0,87,1787
2026-08-21T13:47:03+00:00,10,198869,White,1,2,55,0,0,0,0,,False,0,0,0,0,0,0,0,0,0,0,4.0,a,100,,2026-07-23T12:01:23.305229Z,0.0,0,45,699
2026-08-21T13:47:03+00:00,11,500040,Mosquera,1,2,55,0,0,0,0,,False,0,0,0,0,0,0,0,0,0,0,7.1,a,,,,0.0,0,40,986
2026-08-21T13:47:03+00:00,12,223340,Saka,1,3,95,0,0,0,0,,False,0,0,0,0,0,0,0,0,0,0,9.2,a,,,,0.0,0,157,2218
2026-08-21T13:47:03+00:00,13,204480,Rice,1,3,75,0,0,0,0,,False,0,0,0,0,0,0,0,0,0,0,18.4,a,,,,0.0,0,184,3093
2026-08-21T13:47:03+00:00,14,232413,Eze,1,3,65,0,0,0,0,,False,0,0,0,0,0,0,0,0,0,0,2.2,a,,,,0.0,0,113,1885
2026-08-21T13:47:03+00:00,15,184029,Ødegaard,1,3,65,0,0,0,0,,False,0,0,0,0,0,0,0,0,0,0,7.6,a,,,,0.0,0,74,1363
2026-08-21T13:47:03+00:00,16,248857,Madueke,1,3,65,0,0,0,0,,False,0,0,0,0,0,0,0,0,0,0,0.3,a,,,,0.0,0,72,1205
2026-08-21T13:47:03+00:00,17,195384,Merino,1,3,60,0,0,0,0,,False,0,0,0,0,0,0,0,0,0,0,0.7,a,,,,0.0,0,67,1024
2026-08-21T13:47:03+00:00,18,444145,Martinelli,1,3,65,0,0,0,0,,False,0,0,0,0,0,0,0,0,0,0,0.2,a,,,,0.0,0,57,1065
2026-08-21T13:47:03+00:00,19,481655,Zubimendi,1,3,55,0,0,0,0,,False,0,0,0,0,0,0,0,0,0,0,1.2,a,,,,0.0,0,133,2991
2026-08-21T13:47:03+00:00,20,616077,Dowman,1,3,55,0,0,0,0,,False,0,0,0,0,0,0,0,0,0,0,0.1,a,,,,0.0,0,16,152
2026-08-21T13:47:03+00:00,22,499175,Nwaneri,1,3,55,0,0,0,0,,False,0,0,0,0,0,0,0,0,0,0,0.0,a,,,,0.0,0,8,165
2026-08-21T13:47:03+00:00,23,438098,Fábio Vieira,1,3,55,0,0,0,0,,False,0,0,0,0,0,0,0,0,0,0,0.0,a,,,,0.0,0,0,0
2026-08-21T13:47:03+00:00,24,200641,Nelson,1,3,55,0,0,0,0,,False,0,0,0,0,0,0,0,0,0,0,0.0,a,,,,0.0,0,13,118
2026-08-21T13:47:03+00:00,25,224117,Gyökeres,1,4,75,0,0,0,0,,False,0,0,0,0,0,0,0,0,0,0,9.5,a,,,,0.0,0,128,2217
2026-08-21T13:47:03+00:00,26,219847,Havertz,1,4,75,0,0,0,0,,False,0,0,0,0,0,0,0,0,0,0,5.0,a,,,,0.0,0,36,577
2026-08-21T13:47:03+00:00,27,205651,G.Jesus,1,4,60,0,0,0,0,,False,0,0,0,0,0,0,0,0,0,0,0.4,a,,,,0.0,0,24,418
2026-08-21T13:47:03+00:00,452,208706,Bruno G.,1,3,70,0,0,0,0,,False,0,0,0,0,0,0,0,0,0,0,5.5,d,75,Thigh injury - 75% chance of playing,2026-08-20T17:00:08.846118Z,0.0,0,154,2456
2026-08-21T13:47:03+00:00,557,439509,Tzolis,1,3,65,0,0,0,0,,False,0,0,0,0,0,0,0,0,0,0,23.4,a,,,,0.0,0,0,0
2026-08-21T13:47:03+00:00,28,98980,Martinez,2,1,50,0,0,0,0,,False,0,0,0,0,0,0,0,0,0,0,4.4,a,,,,0.0,0,120,2835
2026-08-21T13:47:03+00:00,29,72147,M.Bizot,2,1,45,0,0,0,0,,False,0,0,0,0,0,0,0,0,0,0,0.1,a,,,,0.0,0,16,585
2026-08-21T13:47:03+00:00,30,101188,Digne,2,2,45,0,0,0,0,,False,0,0,0,0,0,0,0,0,0,0,0.2,u,0,Has joined Paris Saint-Germain permanently,2026-08-10T14:03:30.089007Z,0.0,0,97,1842
2026-08-21T13:47:03+00:00,31,199798,Konsa,2,2,45,0,0,0,0,,False,0,0,0,0,0,0,0,0,0,0,14.6,a,,,,0.0,0,100,3035
2026-08-21T13:47:03+00:00,32,199796,Cash,2,2,45,0,0,0,0,,False,0,0,0,0,0,0,0,0,0,0,8.5,a,,,,0.0,0,117,3016
2026-08-21T13:47:03+00:00,33,149484,Mings,2,2,45,0,0,0,0,,False,0,0,0,0,0,0,0,0,0,0,0.3,a,,,,0.0,0,50,1322
2026-08-21T13:47:03+00:00,34,244954,Pau,2,2,45,0,0,0,0,,False,0,0,0,0,0,0,0,0,0,0,0.4,a,,,,0.0,0,64,1673
2026-08-21T13:47:03+00:00,35,515597,Bogarde,2,3,50,0,0,0,0,,False,0,0,0,0,0,0,0,0,0,0,0.1,a,,,,0.0,0,40,1042
2026-08-21T13:47:03+00:00,36,441302,Maatsen,2,2,45,0,0,0,0,,False,0,0,0,0,0,0,0,0,0,0,0.8,a,,,,0.0,0,54,1590
2026-08-21T13:47:03+00:00,37,184667,Lindelöf,2,2,45,0,0,0,0,,False,0,0,0,0,0,0,0,0,0,0,0.3,a,,,,0.0,0,29,942
2026-08-21T13:47:03+00:00,38,606798,A.García,2,2,40,0,0,0,0,,False,0,0,0,0,0,0,0,0,0,0,1.7,a,,,,0.0,0,5,83
2026-08-21T13:47:03+00:00,39,578545,Nedeljkovic,2,2,40,0,0,0,0,,False,0,0,0,0,0,0,0,0,0,0,0.4,u,0,Has joined Rangers on loan for the rest of the season,2026-08-19T13:56:46.385411Z,0.0,0,0,0
2026-08-21T13:47:03+00:00,41,195546,Buendía,2,3,60,0,0,0,0,,False,0,0,0,0,0,0,0,0,0,0,1.4,a,,,,0.0,0,102,1753
2026-08-21T13:47:03+00:00,44,215711,Bailey,2,3,55,0,0,0,0,,False,0,0,0,0,0,0,0,0,0,0,0.1,a,,,,0.0,0,21,450
2026-08-21T13:47:03+00:00,45,122806,McGinn,2,3,55,0,0,0,0,,False,0,0,0,0,0,0,0,0,0,0,3.3,a,,,,0.0,0,103,2136
2026-08-21T13:47:03+00:00,46,88894,Barkley,2,3,50,0,0,0,0,,False,0,0,0,0,0,0,0,0,0,0,0.2,a,,,,0.0,0,56,844
2026-08-21T13:47:03+00:00,47,226944,Kamara,2,3,50,0,0,0,0,,False,0,0,0,0,0,0,0,0,0,0,0.3,a,100,,2026-07-23T12:01:23.337269Z,0.0,0,61,1410
2026-08-21T13:47:03+00:00,48,449871,Onana,2,3,50,0,0,0,0,,False,0,0,0,0,0,0,0,0,0,0,0.0,i,0,Knee injury - Unknown return date,2026-07-23T12:01:23.352497Z,0.0,0,76,1755
2026-08-21T13:47:03+00:00,49,469247,Iling Jr,2,3,50,0,0,0,0,,False,0,0,0,0,0,0,0,0,0,0,0.0,u,0,Has joined Bolton Wanderers on loan for the rest of the season,2026-08-17T13:52:28.532616Z,0.0,0,0,0
2026-08-21T13:47:03+00:00,50,645618,Burrowes,2,3,45,0,0,0,0,,False,0,0,0,0,0,0,0,0,0,0,0.7,a,,,,0.0,0,1,16
2026-08-21T13:47:03+00:00,51,577285,George Hemmings,2,3,45,0,0,0,0,,False,0,0,0,0,0,0,0,0,0,0,0.7,a,,,,0.0,0,2,25
2026-08-21T13:47:03+00:00,52,653481,Alysson,2,3,50,0,0,0,0,,False,0,0,0,0,0,0,0,0,0,0,0.0,a,,,,0.0,0,3,47
2026-08-21T13:47:03+00:00,53,614071,Manzambi,2,3,60,0,0,0,0,,False,0,0,0,0,0,0,0,0,0,0,0.4,i,0,Knee injury - Unknown return date,2026-08-15T15:30:06.388335Z,0.0,0,0,0
2026-08-21T13:47:03+00:00,54,448089,Gomes,2,3,55,0,0,0,0,,False,0,0,0,0,0,0,0,0,0,0,0.1,i,0,Calf injury - Unknown return date,2026-08-15T16:00:07.546807Z,0.0,0,85,2207
2026-08-21T13:47:03+00:00,55,178301,Watkins,2,4,80,0,0,0,0,,False,0,0,0,0,0,0,0,0,0,0,10.6,a,,,,0.0,0,167,2833
2026-08-21T13:47:03+00:00,56,173879,Abraham,2,4,55,0,0,0,0,,False,0,0,0,0,0,0,0,0,0,0,0.1,d,75,Knock - 75% chance of playing,2026-08-15T16:00:07.558543Z,0.0,0,23,278
2026-08-21T13:47:03+00:00,160,493105,Garnacho,2,3,60,0,0,0,0,,False,0,0,0,0,0,0,0,0,0,0,0.6,a,,,,0.0,0,56,1261
2026-08-21T13:47:03+00:00,582,690838,Madjo,2,4,55,0,0,0,0,,False,0,0,0,0,0,0,0,0,0,0,0.6,i,0,Unspecified injury - Unknown return date,2026-08-15T16:00:07.974271Z,0.0,0,0,0
2026-08-21T13:47:03+00:00,596,487992,Ruggeri,2,2,45,0,0,0,0,,False,0,0,0,0,0,0,0,0,0,0,0.1,a,,,,0.0,0,0,0
2026-08-21T13:47:03+00:00,597,433969,Suzuki,2,1,50,0,0,0,0,,False,0,0,0,0,0,0,0,0,0,0,0.5,a,,,,0.0,0,0,0
2026-08-21T13:47:03+00:00,57,457569,Petrović,3,1,45,0,0,0,0,,False,0,0,0,0,0,0,0,0,0,0,3.3,a,,,,0.0,0,124,3420
2026-08-21T13:47:03+00:00,58,40383,Forster,3,1,40,0,0,0,0,,False,0,0,0,0,0,0,0,0,0,0,3.2,a,,,,0.0,0,0,0
2026-08-21T13:47:03+00:00,59,444172,Dennis,3,1,40,0,0,0,0,,False,0,0,0,0,0,0,0,0,0,0,0.2,a,,,,0.0,0,0,0
2026-08-21T13:47:03+00:00,60,463981,Hill,3,2,55,0,0,0,0,,False,0,0,0,0,0,0,0,0,0,0,0.9,a,,,,0.0,0,110,2102
2026-08-21T13:47:03+00:00,61,494521,Truffert,3,2,55,0,0,0,0,,False,0,0,0,0,0,0,0,0,0,0,4.5,a,,,,0.0,0,165,3378
2026-08-21T13:47:03+00:00,62,242882,Diakité,3,2,50,0,0,0,0,,False,0,0,0,0,0,0,0,0,0,0,0.2,a,,,,0.0,0,46,1275
2026-08-21T13:47:03+00:00,63,620487,Milosavljević,3,2,50,0,0,0,0,,False,0,0,0,0,0,0,0,0,0,0,0.0,i,0,Unspecified injury - Unknown return date,2026-08-06T10:00:10.456051Z,0.0,0,19,367
2026-08-21T13:47:03+00:00,64,54469,Smith,3,2,45,0,0,0,0,,False,0,0,0,0,0,0,0,0,0,0,0.1,a,,,,0.0,0,58,1073
2026-08-21T13:47:03+00:00,65,436893,J.Araujo,3,2,45,0,0,0,0,,False,0,0,0,0,0,0,0,0,0,0,0.0,i,0,Thigh injury - Unknown return date,2026-08-09T08:00:05.645826Z,0.0,0,0,0
2026-08-21T13:47:03+00:00,66,575901,Soler,3,2,40,0,0,0,0,,False,0,0,0,0,0,0,0,0,0,0,0.2,d,75,Hamstring injury - 75% chance of playing,2026-08-15T16:30:07.021055Z,0.0,0,3,34
2026-08-21T13:47:03+00:00,67,499604,Rayan,3,3,65,0,0,0,0,,False,0,0,0,0,0,0,0,0,0,0,2.8,a,,,,0.0,0,67,1110
2026-08-21T13:47:03+00:00,68,201658,Tavernier,3,3,60,0,0,0,0,,False,0,0,0,0,0,0,0,0,0,0,1.6,a,,,,0.0,0,137,2732
2026-08-21T13:47:03+00:00,69,503139,Scott,3,3,60,0,0,0,0,,False,0,0,0,0,0,0,0,0,0,0,1.5,a,,,,0.0,0,136,2848
2026-08-21T13:47:03+00:00,70,222683,Kluivert,3,3,60,0,0,0,0,,False,0,0,0,0,0,0,0,0,0,0,1.1,a,,,,0.0,0,41,945
2026-08-21T13:47:03+00:00,71,155408,Cook,3,3,50,0,0,0,0,,False,0,0,0,0,0,0,0,0,0,0,0.1,a,,,,0.0,0,40,872
2026-08-21T13:47:03+00:00,72,496208,Gannon-Doak,3,3,50,0,0,0,0,,False,0,0,0,0,0,0,0,0,0,0,0.1,a,,,,0.0,0,11,105
2026-08-21T13:47:03+00:00,73,200785,Adams,3,3,50,0,0,0,0,,False,0,0,0,0,0,0,0,0,0,0,0.2,d,75,Unspecified injury - 75% chance of playing,2026-08-15T16:30:07.029928Z,0.0,0,77,1769
2026-08-21T13:47:03+00:00,74,111317,Brooks,3,3,50,0,0,0,0,,False,0,0,0,0,0,0,0,0,0,0,0.1,d,75,Unspecified injury - 75% chance of playing,2026-08-15T16:30:07.037929Z,0.0,0,59,1188
2026-08-21T13:47:03+00:00,75,158499,Christie,3,3,50,0,0,0,0,,False,0,0,0,0,0,0,0,0,0,0,0.0,s,0,Suspended until 29 Aug,2026-07-24T17:30:10.035483Z,0.0,0,47,978
2026-08-21T13:47:03+00:00,76,614574,Tóth.A,3,3,50,0,0,0,0,,False,0,0,0,0,0,0,0,0,0,0,0.0,a,,,,0.0,0,8,135
2026-08-21T13:47:03+00:00,77,489888,Adli,3,3,50,0,0,0,0,,False,0,0,0,0,0,0,0,0,0,0,0.0,i,0,Unspecified injury - Unknown return date,2026-08-15T16:00:07.590566Z,0.0,0,67,1074
2026-08-21T13:47:03+00:00,78,560262,Kroupi.Jr,3,3,75,0,0,0,0,,False,0,0,0,0,0,0,0,0,0,0,0.6,i,0,Foot injury - Unknown return date,2026-07-29T17:30:09.796802Z,0.0,0,113,1663
2026-08-21T13:47:03+00:00,79,444102,Evanilson,3,4,60,0,0,0,0,,False,0,0,0,0,0,0,0,0,0,0,2.2,a,,,,0.0,0,115,2741
2026-08-21T13:47:03+00:00,80,168636,Enes Ünal,3,4,55,0,0,0,0,,False,0,0,0,0,0,0,0,0,0,0,0.0,u,0,Has joined Getafe permanently,2026-08-14T14:14:21.881112Z,0.0,0,27,214
2026-08-21T13:47:03+00:00,81,561245,Rodríguez,3,4,60,0,0,0,0,,False,0,0,0,0,0,0,0,0,0,0,0.1,d,75,Unspecified injury - 75% chance of playing,2026-08-15T16:30:07.054142Z,0.0,0,0,0
2026-08-21T13:47:03+00:00,566,483067,Silva,3,2,50,0,0,0,0,,False,0,0,0,0,0,0,0,0,0,0,0.3,a,,,,0.0,0,0,0
2026-08-21T13:47:03+00:00,573,494928,Sanchez,3,2,45,0,0,0,0,,False,0,0,0,0,0,0,0,0,0,0,0.2,a,,,,0.0,0,0,0
2026-08-21T13:47:03+00:00,82,200720,Kelleher,4,1,50,0,0,0,0,,False,0,0,0,0,0,0,0,0,0,0,5.8,a,,,,0.0,0,143,3330
2026-08-21T13:47:03+00:00,83,507433,Valdimarsson,4,1,45,0,0,0,0,,False,0,0,0,0,0,0,0,0,0,0,0.1,a,,,,0.0,0,1,90
2026-08-21T13:47:03+00:00,84,432830,Collins,4,2,55,0,0,0,0,,False,0,0,0,0,0,0,0,0,0,0,1.8,a,,,,0.0,0,129,2971
2026-08-21T13:47:03+00:00,85,444765,Van den Berg,4,2,50,0,0,0,0,,False,0,0,0,0,0,0,0,0,0,0,0.2,i,0,Unspecified injury - Unknown return date,2026-08-15T15:30:06.416627Z,0.0,0,113,2761
2026-08-21T13:47:03+00:00,86,249231,Lewis-Potter,4,3,55,0,0,0,0,,False,0,0,0,0,0,0,0,0,0,0,0.4,a,,,,0.0,0,115,1960
2026-08-21T13:47:03+00:00,87,191866,Ajer,4,2,45,0,0,0,0,,False,0,0,0,0,0,0,0,0,0,0,3.0,a,,,,0.0,0,76,1805
2026-08-21T13:47:03+00:00,88,607464,Kayode,4,2,45,0,0,0,0,,False,0,0,0,0,0,0,0,0,0,0,3.2,a,,,,0.0,0,113,3258
2026-08-21T13:47:03+00:00,89,194010,Henry,4,2,45,0,0,0,0,,False,0,0,0,0,0,0,0,0,0,0,0.3,a,,,,0.0,0,52,1322
2026-08-21T13:47:03+00:00,90,472713,Hickey,4,2,45,0,0,0,0,,False,0,0,0,0,0,0,0,0,0,0,0.1,a,,,,0.0,0,37,679
2026-08-21T13:47:03+00:00,91,231065,Pinnock,4,2,45,0,0,0,0,,False,0,0,0,0,0,0,0,0,0,0,0.1,a,,,,0.0,0,14,318
2026-08-21T13:47:03+00:00,92,570241,Ji-soo,4,2,45,0,0,0,0,,False,0,0,0,0,0,0,0,0,0,0,0.0,a,,,,0.0,0,0,0
2026-08-21T13:47:03+00:00,93,513086,Schuster,4,2,45,0,0,0,0,,False,0,0,0,0,0,0,0,0,0,0,0.2,a,,,,0.0,0,0,0
2026-08-21T13:47:03+00:00,94,513418,Schade,4,3,60,0,0,0,0,,False,0,0,0,0,0,0,0,0,0,0,3.6,a,,,,0.0,0,125,2744
2026-08-21T13:47:03+00:00,95,533463,O.Dango,4,3,65,0,0,0,0,,False,0,0,0,0,0,0,0,0,0,0,1.2,a,,,,0.0,0,136,2271
2026-08-21T13:47:03+00:00,96,440089,Damsgaard,4,3,55,0,0,0,0,,False,0,0,0,0,0,0,0,0,0,0,0.6,a,,,,0.0,0,113,2046
2026-08-21T13:47:03+00:00,97,207283,Jensen,4,3,55,0,0,0,0,,False,0,0,0,0,0,0,0,0,0,0,0.2,a,,,,0.0,0,98,2239
2026-08-21T13:47:03+00:00,98,204580,Janelt,4,3,50,0,0,0,0,,False,0,0,0,0,0,0,0,0,0,0,0.1,a,,,,0.0,0,74,1434
2026-08-21T13:47:03+00:00,99,543295,Milambo,4,3,50,0,0,0,0,,False,0,0,0,0,0,0,0,0,0,0,0.0,i,0,Knee injury - Unknown return date,2026-07-23T12:01:23.384798Z,0.0,0,1,45
2026-08-21T13:47:03+00:00,100,244858,Carvalho,4,3,50,0,0,0,0,,False,0,0,0,0,0,0,0,0,0,0,0.0,d,75,Lack of match fitness - 75% chance of playing,2026-08-18T13:58:17.442072Z,0.0,0,13,100
2026-08-21T13:47:03+00:00,102,508395,Yarmoliuk,4,3,50,0,0,0,0,,False,0,0,0,0,0,0,0,0,0,0,1.4,a,,,,0.0,0,104,2652
2026-08-21T13:47:03+00:00,103,183656,Dasilva,4,3,50,0,0,0,0,,False,0,0,0,0,0,0,0,0,0,0,0.0,a,,,,0.0,0,2,2
2026-08-21T13:47:03+00:00,105,444180,Anthony,4,3,60,0,0,0,0,,False,0,0,0,0,0,0,0,0,0,0,0.2,a,,,,0.0,0,0,0
2026-08-21T13:47:03+00:00,106,502500,Thiago,4,4,80,0,0,0,0,,False,0,0,0,0,0,0,0,0,0,0,17.2,a,,,,0.0,0,181,3282
2026-08-21T13:47:03+00:00,107,593174,Furo,4,4,45,0,0,0,0,,False,0,0,0,0,0,0,0,0,0,0,0.9,a,,,,0.0,0,1,1
2026-08-21T13:47:03+00:00,108,75115,Wilson,4,4,55,0,0,0,0,,False,0,0,0,0,0,0,0,0,0,0,0.3,a,,,,0.0,0,0,0
2026-08-21T13:47:03+00:00,565,513545,M.Sangaré,4,3,55,0,0,0,0,,False,0,0,0,0,0,0,0,0,0,0,3.3,a,,,,0.0,0,0,0
2026-08-21T13:47:03+00:00,109,489639,Verbruggen,5,1,45,0,0,0,0,,False,0,0,0,0,0,0,0,0,0,0,21.5,a,,,,0.0,0,130,3420
2026-08-21T13:47:03+00:00,111,49262,Steele,5,1,40,0,0,0,0,,False,0,0,0,0,0,0,0,0,0,0,4.2,a,,,,0.0,0,0,0
2026-08-21T13:47:03+00:00,113,231416,F.Kadıoğlu,5,2,45,0,0,0,0,,False,0,0,0,0,0,0,0,0,0,0,3.0,a,,,,0.0,0,118,3130
2026-08-21T13:47:03+00:00,114,204120,Boscagli,5,2,45,0,0,0,0,,False,0,0,0,0,0,0,0,0,0,0,0.2,a,,,,0.0,0,39,799
2026-08-21T13:47:03+00:00,115,465730,De Cuyper,5,2,45,0,0,0,0,,False,0,0,0,0,0,0,0,0,0,0,1.7,a,,,,0.0,0,84,1404
2026-08-21T13:47:03+00:00,116,83299,Dunk,5,2,45,0,0,0,0,,False,0,0,0,0,0,0,0,0,0,0,1.0,a,,,,0.0,0,100,2837
2026-08-21T13:47:03+00:00,117,550090,Coppola,5,2,45,0,0,0,0,,False,0,0,0,0,0,0,0,0,0,0,0.0,a,,,,0.0,0,10,193
2026-08-21T13:47:03+00:00,118,223434,Igor,5,2,45,0,0,0,0,,False,0,0,0,0,0,0,0,0,0,0,0.1,a,,,,0.0,0,6,103
2026-08-21T13:47:03+00:00,119,451490,Costinha,5,2,45,0,0,0,0,,False,0,0,0,0,0,0,0,0,0,0,0.0,a,,,,0.0,0,0,0
2026-08-21T13:47:03+00:00,120,454490,Svoboda,5,2,50,0,0,0,0,,False,0,0,0,0,0,0,0,0,0,0,0.0,a,,,,0.0,0,0,0
2026-08-21T13:47:03+00:00,121,451340,Mitoma,5,3,60,0,0,0,0,,False,0,0,0,0,0,0,0,0,0,0,0.1,i,0,Hamstring injury - Unknown return date,2026-07-24T18:30:10.661894Z,0.0,0,62,1714
2026-08-21T13:47:03+00:00,122,592031,Minteh,5,3,60,0,0,0,0,,False,0,0,0,0,0,0,0,0,0,0,0.1,i,0,Leg injury - Expected back 28 Nov,2026-08-14T18:00:06.418033Z,0.0,0,117,2389
2026-08-21T13:47:03+00:00,123,532529,Hinshelwood,5,3,60,0,0,0,0,,False,0,0,0,0,0,0,0,0,0,0,0.4,a,,,,0.0,0,91,1736
2026-08-21T13:47:03+00:00,124,60307,Groß,5,3,55,0,0,0,0,,False,0,0,0,0,0,0,0,0,0,0,14.4,a,,,,0.0,0,78,1636
2026-08-21T13:47:03+00:00,125,463067,Georginio,5,4,55,0,0,0,0,,False,0,0,0,0,0,0,0,0,0,0,0.9,a,,,,0.0,0,87,1776
2026-08-21T13:47:03+00:00,126,219249,O'Riley,5,3,55,0,0,0,0,,False,0,0,0,0,0,0,0,0,0,0,0.1,a,,,,0.0,0,16,202
2026-08-21T13:47:03+00:00,127,514254,Gomez,5,3,50,0,0,0,0,,False,0,0,0,0,0,0,0,0,0,0,3.5,a,,,,0.0,0,97,2117
2026-08-21T13:47:03+00:00,128,536916,Buonanotte,5,3,50,0,0,0,0,,False,0,0,0,0,0,0,0,0,0,0,0.0,u,0,Has joined Elche on loan for the rest of the season,2026-08-10T14:03:07.561436Z,0.0,0,3,81
2026-08-21T13:47:03+00:00,129,509416,Ayari,5,3,55,0,0,0,0,,False,0,0,0,0,0,0,0,0,0,0,0.7,a,,,,0.0,0,98,1921
2026-08-21T13:47:03+00:00,130,467779,Wieffer,5,2,50,0,0,0,0,,False,0,0,0,0,0,0,0,0,0,0,0.3,a,,,,0.0,0,94,1901
2026-08-21T13:47:03+00:00,131,535301,Baleba,5,3,50,0,0,0,0,,False,0,0,0,0,0,0,0,0,0,0,0.2,i,0,Ankle injury - Expected back 23 Aug,2026-08-06T16:00:10.997714Z,0.0,0,56,1646
2026-08-21T13:47:03+00:00,132,597320,Howell,5,3,45,0,0,0,0,,False,0,0,0,0,0,0,0,0,0,0,0.1,u,0,Has joined Leicester City on loan for the rest of the season,2026-08-17T13:53:19.019938Z,0.0,0,4,92
2026-08-21T13:47:03+00:00,133,549074,Watson,5,3,50,0,0,0,0,,False,0,0,0,0,0,0,0,0,0,0,0.0,u,0,Has joined Leicester City on loan for the rest of the season,2026-08-03T14:05:44.459483Z,0.0,0,5,57
2026-08-21T13:47:03+00:00,134,556637,Oriola,5,3,45,0,0,0,0,,False,0,0,0,0,0,0,0,0,0,0,0.3,a,,,,0.0,0,1,1
2026-08-21T13:47:03+00:00,135,700308,Yohanna,5,3,50,0,0,0,0,,False,0,0,0,0,0,0,0,0,0,0,0.1,a,,,,0.0,0,0,0
2026-08-21T13:47:03+00:00,137,608181,Tzimas,5,4,55,0,0,0,0,,False,0,0,0,0,0,0,0,0,0,0,0.0,i,0,Knee injury - Unknown return date,2026-07-23T12:01:23.432796Z,0.0,0,16,132
2026-08-21T13:47:03+00:00,138,647850,Kostoulas,5,4,55,0,0,0,0,,False,0,0,0,0,0,0,0,0,0,0,0.2,a,,,,0.0,0,35,351
2026-08-21T13:47:03+00:00,139,487117,Ferguson,5,4,50,0,0,0,0,,False,0,0,0,0,0,0,0,0,0,0,0.0,i,0,Ankle injury - Expected back 10 Oct,2026-07-23T12:01:23.448357Z,0.0,0,0,0
2026-08-21T13:47:03+00:00,328,222694,Struijk,5,2,50,0,0,0,0,,False,0,0,0,0,0,0,0,0,0,0,0.2,a,100,,2026-08-15T20:30:07.523574Z,0.0,0,108,2935
2026-08-21T13:47:03+00:00,504,610799,Vuskovic,5,2,50,0,0,0,0,,False,0,0,0,0,0,0,0,0,0,0,2.6,a,,,,0.0,0,0,0
2026-08-21T13:47:03+00:00,594,538007,David,5,4,60,0,0,0,0,,False,0,0,0,0,0,0,0,0,0,0,0.2,a,,,,0.0,0,0,0
2026-08-21T13:47:03+00:00,600,612855,Osman,5,3,50,0,0,0,0,,False,0,0,0,0,0,0,0,0,0,0,0.0,a,,,,0.0,0,0,0
2026-08-21T13:47:03+00:00,40,244850,Rogers,6,3,75,0,0,0,0,,False,0,0,0,0,0,0,0,0,0,0,24.9,a,,,,0.0,0,169,3280
2026-08-21T13:47:03+00:00,101,56979,Henderson,6,3,50,0,0,0,0,,False,0,0,0,0,0,0,0,0,0,0,0.0,d,75,Wrist injury - 75% chance of playing,2026-08-09T09:30:07.136250Z,0.0,0,76,1911
2026-08-21T13:47:03+00:00,136,50175,Welbeck,6,4,60,0,0,0,0,,False,0,0,0,0,0,0,0,0,0,0,1.5,d,75,Unspecified injury - 75% chance of playing,2026-08-20T14:00:07.949090Z,0.0,0,126,2249
2026-08-21T13:47:03+00:00,140,215059,Sánchez,6,1,50,0,0,0,0,,False,0,0,0,0,0,0,0,0,0,0,2.3,a,,,,0.0,0,113,3040
2026-08-21T13:47:03+00:00,141,508479,Jörgensen,6,1,50,0,0,0,0,,False,0,0,0,0,0,0,0,0,0,0,0.0,u,0,Has joined RC Strasbourg on loan for the rest of the season,2026-08-12T14:07:02.607115Z,0.0,0,9,378
2026-08-21T13:47:03+00:00,142,225796,James,6,2,55,0,0,0,0,,False,0,0,0,0,0,0,0,0,0,0,9.5,a,,,,0.0,0,115,1957
2026-08-21T13:47:03+00:00,143,180736,Chalobah,6,2,55,0,0,0,0,,False,0,0,0,0,0,0,0,0,0,0,0.3,u,0,Has joined Como permanently,2026-08-10T14:03:50.769483Z,0.0,0,136,2780
2026-08-21T13:47:03+00:00,144,482609,Gusto,6,2,50,0,0,0,0,,False,0,0,0,0,0,0,0,0,0,0,1.1,a,,,,0.0,0,96,2255
2026-08-21T13:47:03+00:00,145,444463,Fofana,6,2,50,0,0,0,0,,False,0,0,0,0,0,0,0,0,0,0,0.0,s,0,Suspended until 6 Sep,2026-07-23T12:01:23.464591Z,0.0,0,65,1718
2026-08-21T13:47:03+00:00,146,242880,B.Badiashile,6,2,45,0,0,0,0,,False,0,0,0,0,0,0,0,0,0,0,0.0,a,,,,0.0,0,7,470
2026-08-21T13:47:03+00:00,147,109646,Tosin,6,2,45,0,0,0,0,,False,0,0,0,0,0,0,0,0,0,0,0.2,a,,,,0.0,0,34,788
2026-08-21T13:47:03+00:00,148,551210,Hato,6,2,45,0,0,0,0,,False,0,0,0,0,0,0,0,0,0,0,0.5,a,,,,0.0,0,19,1139
2026-08-21T13:47:03+00:00,149,460028,Colwill,6,2,50,0,0,0,0,,False,0,0,0,0,0,0,0,0,0,0,1.6,a,,,,0.0,0,8,225
2026-08-21T13:47:03+00:00,150,574458,M.Sarr,6,2,45,0,0,0,0,,False,0,0,0,0,0,0,0,0,0,0,0.1,a,,,,0.0,0,3,100
2026-08-21T13:47:03+00:00,151,577016,Acheampong,6,2,45,0,0,0,0,,False,0,0,0,0,0,0,0,0,0,0,0.3,a,,,,0.0,0,39,657
2026-08-21T13:47:03+00:00,152,620109,Palestra,6,2,55,0,0,0,0,,False,0,0,0,0,0,0,0,0,0,0,2.9,a,,,,0.0,0,0,0
2026-08-21T13:47:03+00:00,153,220362,Disasi,6,2,45,0,0,0,0,,False,0,0,0,0,0,0,0,0,0,0,0.1,a,,,,0.0,0,0,0
2026-08-21T13:47:03+00:00,154,244851,Palmer,6,3,95,0,0,0,0,,False,0,0,0,0,0,0,0,0,0,0,10.4,a,,,,0.0,0,114,1954
2026-08-21T13:47:03+00:00,155,448047,Enzo,6,3,70,0,0,0,0,,False,0,0,0,0,0,0,0,0,0,0,5.0,a,,,,0.0,0,157,3114
2026-08-21T13:47:03+00:00,156,247632,Neto,6,3,65,0,0,0,0,,False,0,0,0,0,0,0,0,0,0,0,1.3,a,,,,0.0,0,125,2629
2026-08-21T13:47:03+00:00,157,624773,Estêvão,6,3,65,0,0,0,0,,False,0,0,0,0,0,0,0,0,0,0,1.3,a,,,,0.0,0,58,839
2026-08-21T13:47:03+00:00,158,463936,Gittens,6,3,60,0,0,0,0,,False,0,0,0,0,0,0,0,0,0,0,0.0,a,,,,0.0,0,25,486
2026-08-21T13:47:03+00:00,159,486672,Caicedo,6,3,55,0,0,0,0,,False,0,0,0,0,0,0,0,0,0,0,3.9,a,,,,0.0,0,110,2796
2026-08-21T13:47:03+00:00,161,514356,Lavia,6,3,50,0,0,0,0,,False,0,0,0,0,0,0,0,0,0,0,0.1,a,,,,0.0,0,13,374
2026-08-21T13:47:03+00:00,163,491007,D.Essugo,6,3,45,0,0,0,0,,False,0,0,0,0,0,0,0,0,0,0,0.2,a,,,,0.0,0,1,26
2026-08-21T13:47:03+00:00,164,593117,Quenda,6,3,55,0,0,0,0,,False,0,0,0,0,0,0,0,0,0,0,0.0,a,100,,2026-07-24T20:30:10.609931Z,0.0,0,0,0
2026-08-21T13:47:03+00:00,165,475168,João Pedro,6,4,75,0,0,0,0,,False,0,0,0,0,0,0,0,0,0,0,63.9,a,,,,0.0,0,177,2658
2026-08-21T13:47:03+00:00,166,517052,N.Jackson,6,4,65,0,0,0,0,,False,0,0,0,0,0,0,0,0,0,0,0.3,a,,,,0.0,0,0,0
2026-08-21T13:47:03+00:00,167,463034,Delap,6,4,55,0,0,0,0,,False,0,0,0,0,0,0,0,0,0,0,0.5,a,,,,0.0,0,45,1092
2026-08-21T13:47:03+00:00,168,499309,Marc Guiu,6,4,50,0,0,0,0,,False,0,0,0,0,0,0,0,0,0,0,0.5,a,,,,0.0,0,13,265
2026-08-21T13:47:03+00:00,169,567119,Mheuka,6,4,45,0,0,0,0,,False,0,0,0,0,0,0,0,0,0,0,0.3,a,,,,0.0,0,1,1
2026-08-21T13:47:03+00:00,170,503037,Emegha,6,4,50,0,0,0,0,,False,0,0,0,0,0,0,0,0,0,0,0.1,a,100,,2026-07-24T20:30:10.622380Z,0.0,0,0,0
2026-08-21T13:47:03+00:00,200,437499,Lacroix,6,2,60,0,0,0,0,,False,0,0,0,0,0,0,0,0,0,0,9.2,a,,,,0.0,0,154,3085
2026-08-21T13:47:03+00:00,560,549939,Penders,6,1,45,0,0,0,0,,False,0,0,0,0,0,0,0,0,0,0,0.1,a,,,,0.0,0,0,0
2026-08-21T13:47:03+00:00,561,622758,Anselmino,6,2,45,0,0,0,0,,False,0,0,0,0,0,0,0,0,0,0,0.0,a,,,,0.0,0,0,0
2026-08-21T13:47:03+00:00,568,543158,Barco,6,3,55,0,0,0,0,,False,0,0,0,0,0,0,0,0,0,0,0.1,a,,,,0.0,0,0,0
2026-08-21T13:47:03+00:00,578,465920,Mudryk,6,3,55,0,0,0,0,,False,0,0,0,0,0,0,0,0,0,0,0.0,a,,,,0.0,0,0,0
2026-08-21T13:47:03+00:00,583,498444,Chavarria,6,2,50,0,0,0,0,,False,0,0,0,0,0,0,0,0,0,0,0.2,a,,,,0.0,0,0,0
2026-08-21T13:47:03+00:00,104,428580,Onyeka,7,3,50,0,0,0,0,,False,0,0,0,0,0,0,0,0,0,0,0.1,a,,,,0.0,0,12,88
2026-08-21T13:47:03+00:00,110,472739,Rushworth,7,1,45,0,0,0,0,,False,0,0,0,0,0,0,0,0,0,0,1.1,a,,,,0.0,0,0,0
2026-08-21T13:47:03+00:00,171,484389,Dovin,7,1,40,0,0,0,0,,False,0,0,0,0,0,0,0,0,0,0,1.7,a,,,,0.0,0,0,0
2026-08-21T13:47:03+00:00,172,110690,Wilson,7,1,45,0,0,0,0,,False,0,0,0,0,0,0,0,0,0,0,0.5,a,,,,0.0,0,0,0
2026-08-21T13:47:03+00:00,173,461102,Thomas,7,2,40,0,0,0,0,,False,0,0,0,0,0,0,0,0,0,0,8.0,a,,,,0.0,0,0,0
2026-08-21T13:47:03+00:00,174,436761,Kitching,7,2,40,0,0,0,0,,False,0,0,0,0,0,0,0,0,0,0,0.7,a,,,,0.0,0,0,0
2026-08-21T13:47:03+00:00,175,451284,van Ewijk,7,2,40,0,0,0,0,,False,0,0,0,0,0,0,0,0,0,0,14.1,a,,,,0.0,0,0,0
2026-08-21T13:47:03+00:00,176,173878,Dasilva,7,2,40,0,0,0,0,,False,0,0,0,0,0,0,0,0,0,0,0.8,a,,,,0.0,0,0,0
2026-08-21T13:47:03+00:00,177,465390,Kesler-Hayden,7,2,40,0,0,0,0,,False,0,0,0,0,0,0,0,0,0,0,0.1,a,,,,0.0,0,0,0
2026-08-21T13:47:03+00:00,178,80178,Bidwell,7,2,40,0,0,0,0,,False,0,0,0,0,0,0,0,0,0,0,0.1,a,,,,0.0,0,0,0
2026-08-21T13:47:03+00:00,179,204813,Latibeaudiere,7,2,40,0,0,0,0,,False,0,0,0,0,0,0,0,0,0,0,0.0,a,,,,0.0,0,0,0
2026-08-21T13:47:03+00:00,180,220583,Woolfenden,7,2,40,0,0,0,0,,False,0,0,0,0,0,0,0,0,0,0,0.2,a,,,,0.0,0,0,0
2026-08-21T13:47:03+00:00,181,577411,Brau,7,2,40,0,0,0,0,,False,0,0,0,0,0,0,0,0,0,0,0.0,a,,,,0.0,0,0,0
2026-08-21T13:47:03+00:00,182,539142,Amenda,7,2,40,0,0,0,0,,False,0,0,0,0,0,0,0,0,0,0,0.8,a,,,,0.0,0,0,0
2026-08-21T13:47:03+00:00,183,480457,Rudoni,7,3,50,0,0,0,0,,False,0,0,0,0,0,0,0,0,0,0,0.1,a,100,,2026-07-23T12:01:23.481435Z,0.0,0,0,0
2026-08-21T13:47:03+00:00,184,168144,Grimes,7,3,50,0,0,0,0,,False,0,0,0,0,0,0,0,0,0,0,0.2,a,,,,0.0,0,0,0
2026-08-21T13:47:03+00:00,185,501459,Sakamoto,7,3,50,0,0,0,0,,False,0,0,0,0,0,0,0,0,0,0,0.1,a,,,,0.0,0,0,0
2026-08-21T13:47:03+00:00,186,241293,Mason-Clark,7,3,55,0,0,0,0,,False,0,0,0,0,0,0,0,0,0,0,0.1,a,100,,2026-08-19T18:00:08.310507Z,0.0,0,0,0
2026-08-21T13:47:03+00:00,187,439668,Eccles,7,3,50,0,0,0,0,,False,0,0,0,0,0,0,0,0,0,0,0.0,a,,,,0.0,0,0,0
2026-08-21T13:47:03+00:00,188,226965,Torp,7,3,55,0,0,0,0,,False,0,0,0,0,0,0,0,0,0,0,0.2,a,,,,0.0,0,0,0
2026-08-21T13:47:03+00:00,189,684268,Shepherd,7,3,45,0,0,0,0,,False,0,0,0,0,0,0,0,0,0,0,0.3,a,,,,0.0,0,0,0
2026-08-21T13:47:03+00:00,190,469272,Tchaouna,7,3,55,0,0,0,0,,False,0,0,0,0,0,0,0,0,0,0,0.1,a,,,,0.0,0,0,0
2026-08-21T13:47:03+00:00,191,492498,Borges Rodrigues,7,3,45,0,0,0,0,,False,0,0,0,0,0,0,0,0,0,0,0.2,a,,,,0.0,0,0,0
2026-08-21T13:47:03+00:00,192,629397,Andrews,7,3,45,0,0,0,0,,False,0,0,0,0,0,0,0,0,0,0,0.7,a,,,,0.0,0,0,0
2026-08-21T13:47:03+00:00,193,176412,Wright,7,4,55,0,0,0,0,,False,0,0,0,0,0,0,0,0,0,0,0.3,i,0,Thigh injury - Unknown return date,2026-08-14T22:00:07.214508Z,0.0,0,0,0
2026-08-21T13:47:03+00:00,194,230730,Thomas-Asante,7,4,50,0,0,0,0,,False,0,0,0,0,0,0,0,0,0,0,0.8,a,,,,0.0,0,0,0
2026-08-21T13:47:03+00:00,195,218997,Simms,7,4,50,0,0,0,0,,False,0,0,0,0,0,0,0,0,0,0,0.9,a,,,,0.0,0,0,0
2026-08-21T13:47:03+00:00,196,551262,Markelo,7,4,50,0,0,0,0,,False,0,0,0,0,0,0,0,0,0,0,0.0,u,0,Has joined Shabab Al-Ahli Dubai permanently,2026-08-17T13:53:55.791223Z,0.0,0,0,0
2026-08-21T13:47:03+00:00,197,549653,Bassette,7,4,45,0,0,0,0,,False,0,0,0,0,0,0,0,0,0,0,0.1,u,0,Has joined KVC Westerlo on loan for the rest of the season,2026-07-28T12:58:50.001768Z,0.0,0,0,0
2026-08-21T13:47:03+00:00,492,210156,Awoniyi,7,4,55,0,0,0,0,,False,0,0,0,0,0,0,0,0,0,0,0.8,a,,,,0.0,0,43,480
2026-08-21T13:47:03+00:00,575,661888,Yirenkyi,7,3,50,0,0,0,0,,False,0,0,0,0,0,0,0,0,0,0,0.3,a,,,,0.0,0,0,0
2026-08-21T13:47:03+00:00,584,196100,Hamer,7,3,55,0,0,0,0,,False,0,0,0,0,0,0,0,0,0,0,0.1,a,,,,0.0,0,0,0
2026-08-21T13:47:03+00:00,599,627221,Cherif,7,4,50,0,0,0,0,,False,0,0,0,0,0,0,0,0,0,0,0.1,a,,,,0.0,0,0,0
2026-08-21T13:47:03+00:00,42,485337,Guessand,8,3,55,0,0,0,0,,False,0,0,0,0,0,0,0,0,0,0,0.0,a,,,,0.0,0,44,909
2026-08-21T13:47:03+00:00,198,172649,Henderson,8,1,50,0,0,0,0,,False,0,0,0,0,0,0,0,0,0,0,2.2,d,75,Ankle injury - 75% chance of playing,2026-08-20T14:00:08.018379Z,0.0,0,131,3330
2026-08-21T13:47:03+00:00,199,121709,Benitez,8,1,45,0,0,0,0,,False,0,0,0,0,0,0,0,0,0,0,0.1,a,,,,0.0,0,7,90
2026-08-21T13:47:03+00:00,201,247348,Muñoz,8,2,55,0,0,0,0,,False,0,0,0,0,0,0,0,0,0,0,9.9,a,,,,0.0,0,136,2400
2026-08-21T13:47:03+00:00,202,427623,Richards,8,2,50,0,0,0,0,,False,0,0,0,0,0,0,0,0,0,0,0.7,a,,,,0.0,0,128,2825
2026-08-21T13:47:03+00:00,203,651426,Canvot,8,2,50,0,0,0,0,,False,0,0,0,0,0,0,0,0,0,0,0.4,a,,,,0.0,0,72,1331
2026-08-21T13:47:03+00:00,204,244723,Mitchell,8,2,45,0,0,0,0,,False,0,0,0,0,0,0,0,0,0,0,6.4,a,,,,0.0,0,135,3253
2026-08-21T13:47:03+00:00,205,218364,Sosa,8,2,45,0,0,0,0,,False,0,0,0,0,0,0,0,0,0,0,0.0,a,,,,0.0,0,6,99
2026-08-21T13:47:03+00:00,206,515621,Chadi Riad,8,2,45,0,0,0,0,,False,0,0,0,0,0,0,0,0,0,0,0.1,a,,,,0.0,0,20,550
2026-08-21T13:47:03+00:00,207,242313,Mingueza,8,2,45,0,0,0,0,,False,0,0,0,0,0,0,0,0,0,0,0.1,a,,,,0.0,0,0,0
2026-08-21T13:47:03+00:00,208,232185,Sarr,8,3,65,0,0,0,0,,False,0,0,0,0,0,0,0,0,0,0,5.0,a,,,,0.0,0,117,2173
2026-08-21T13:47:03+00:00,210,496221,Wharton,8,3,55,0,0,0,0,,False,0,0,0,0,0,0,0,0,0,0,0.8,a,100,,2026-07-23T12:01:23.498963Z,0.0,0,112,2552
2026-08-21T13:47:03+00:00,211,488024,Yeremy,8,3,55,0,0,0,0,,False,0,0,0,0,0,0,0,0,0,0,0.2,a,,,,0.0,0,77,2074
2026-08-21T13:47:03+00:00,212,108413,Hughes,8,3,45,0,0,0,0,,False,0,0,0,0,0,0,0,0,0,0,12.1,a,,,,0.0,0,45,1560
2026-08-21T13:47:03+00:00,213,152551,Lerma,8,3,50,0,0,0,0,,False,0,0,0,0,0,0,0,0,0,0,0.1,a,,,,0.0,0,69,1722
2026-08-21T13:47:03+00:00,214,209400,Kamada,8,3,50,0,0,0,0,,False,0,0,0,0,0,0,0,0,0,0,0.3,a,,,,0.0,0,67,1899
2026-08-21T13:47:03+00:00,215,489706,Devenny,8,3,50,0,0,0,0,,False,0,0,0,0,0,0,0,0,0,0,0.0,a,,,,0.0,0,36,785
2026-08-21T13:47:03+00:00,216,606921,Esse,8,3,50,0,0,0,0,,False,0,0,0,0,0,0,0,0,0,0,0.0,a,,,,0.0,0,4,40
2026-08-21T13:47:03+00:00,217,536694,M.França,8,3,50,0,0,0,0,,False,0,0,0,0,0,0,0,0,0,0,0.0,a,,,,0.0,0,0,0
2026-08-21T13:47:03+00:00,218,438464,Doucouré,8,3,50,0,0,0,0,,False,0,0,0,0,0,0,0,0,0,0,0.1,a,,,,0.0,0,0,0
2026-08-21T13:47:03+00:00,219,450542,J.Rak-Sakyi,8,3,50,0,0,0,0,,False,0,0,0,0,0,0,0,0,0,0,0.0,a,,,,0.0,0,0,0
2026-08-21T13:47:03+00:00,220,590014,Cardines,8,2,45,0,0,0,0,,False,0,0,0,0,0,0,0,0,0,0,0.0,u,0,Has joined Bristol City on loan for the rest of the season,2026-08-12T14:08:46.501813Z,0.0,0,2,90
2026-08-21T13:47:03+00:00,221,672492,Drakes-Thomas,8,3,45,0,0,0,0,,False,0,0,0,0,0,0,0,0,0,0,0.1,a,,,,0.0,0,2,7
2026-08-21T13:47:03+00:00,222,247412,Strand Larsen,8,4,60,0,0,0,0,,False,0,0,0,0,0,0,0,0,0,0,0.6,a,,,,0.0,0,75,2301
2026-08-21T13:47:03+00:00,223,231747,Mateta,8,4,65,0,0,0,0,,False,0,0,0,0,0,0,0,0,0,0,5.7,a,,,,0.0,0,114,2210
2026-08-21T13:47:03+00:00,224,205533,Nketiah,8,4,55,0,0,0,0,,False,0,0,0,0,0,0,0,0,0,0,0.5,a,,,,0.0,0,23,414
2026-08-21T13:47:03+00:00,225,660392,Uche,8,4,50,0,0,0,0,,False,0,0,0,0,0,0,0,0,0,0,0.0,u,0,has returned to Getafe CF,2026-07-23T12:18:56.275922Z,0.0,0,17,159
2026-08-21T13:47:03+00:00,241,433154,McNeil,8,3,55,0,0,0,0,,False,0,0,0,0,0,0,0,0,0,0,0.2,a,,,,0.0,0,53,1161
2026-08-21T13:47:03+00:00,555,169593,Matthews,8,1,40,0,0,0,0,,False,0,0,0,0,0,0,0,0,0,0,1.7,a,,,,0.0,0,0,0
2026-08-21T13:47:03+00:00,577,223723,Tomiyasu,8,2,45,0,0,0,0,,False,0,0,0,0,0,0,0,0,0,0,0.3,a,,,,0.0,0,0,0
2026-08-21T13:47:03+00:00,588,570794,Khalaili,8,2,50,0,0,0,0,,False,0,0,0,0,0,0,0,0,0,0,0.1,a,,,,0.0,0,0,0
2026-08-21T13:47:03+00:00,595,559152,Gozo,8,3,50,0,0,0,0,,False,0,0,0,0,0,0,0,0,0,0,0.0,a,,,,0.0,0,0,0
2026-08-21T13:47:03+00:00,21,128295,Nørgaard,9,3,50,0,0,0,0,,False,0,0,0,0,0,0,0,0,0,0,0.2,i,0,Unspecified injury - Unknown return date,2026-08-15T20:00:06.779594Z,0.0,0,7,101
2026-08-21T13:47:03+00:00,209,242898,Johnson,9,3,60,0,0,0,0,,False,0,0,0,0,0,0,0,0,0,0,0.2,a,,,,0.0,0,65,1710
2026-08-21T13:47:03+00:00,226,111234,Pickford,9,1,55,0,0,0,0,,False,0,0,0,0,0,0,0,0,0,0,7.9,a,,,,0.0,0,135,3420
2026-08-21T13:47:03+00:00,227,229600,Travers,9,1,50,0,0,0,0,,False,0,0,0,0,0,0,0,0,0,0,0.0,a,,,,0.0,0,0,0
2026-08-21T13:47:03+00:00,228,138001,King,9,1,45,0,0,0,0,,False,0,0,0,0,0,0,0,0,0,0,0.0,a,,,,0.0,0,0,0
2026-08-21T13:47:03+00:00,229,17761,Tarkowski,9,2,60,0,0,0,0,,False,0,0,0,0,0,0,0,0,0,0,8.8,a,,,,0.0,0,170,3330
2026-08-21T13:47:03+00:00,230,480455,Branthwaite,9,2,55,0,0,0,0,,False,0,0,0,0,0,0,0,0,0,0,1.6,a,,,,0.0,0,32,678
2026-08-21T13:47:03+00:00,231,106611,Keane,9,2,50,0,0,0,0,,False,0,0,0,0,0,0,0,0,0,0,1.7,a,,,,0.0,0,131,2588
2026-08-21T13:47:03+00:00,232,512462,O'Brien,9,2,50,0,0,0,0,,False,0,0,0,0,0,0,0,0,0,0,0.5,a,,,,0.0,0,116,3118
2026-08-21T13:47:03+00:00,233,224967,Mykolenko,9,2,45,0,0,0,0,,False,0,0,0,0,0,0,0,0,0,0,1.5,a,,,,0.0,0,95,2959
2026-08-21T13:47:03+00:00,234,243571,Patterson,9,2,45,0,0,0,0,,False,0,0,0,0,0,0,0,0,0,0,0.0,a,,,,0.0,0,22,238
2026-08-21T13:47:03+00:00,235,499300,Aznou,9,2,40,0,0,0,0,,False,0,0,0,0,0,0,0,0,0,0,0.2,a,,,,0.0,0,0,0
2026-08-21T13:47:03+00:00,236,215413,Dewsbury-Hall,9,3,65,0,0,0,0,,False,0,0,0,0,0,0,0,0,0,0,3.3,a,,,,0.0,0,151,2629
2026-08-21T13:47:03+00:00,237,440993,Ndiaye,9,3,60,0,0,0,0,,False,0,0,0,0,0,0,0,0,0,0,16.1,a,,,,0.0,0,128,2781
2026-08-21T13:47:03+00:00,239,232928,Garner,9,3,60,0,0,0,0,,False,0,0,0,0,0,0,0,0,0,0,0.1,d,25,Groin injury - 25% chance of playing,2026-07-25T14:30:10.455878Z,0.0,0,159,3413
2026-08-21T13:47:03+00:00,240,490094,Iroegbunam,9,3,50,0,0,0,0,,False,0,0,0,0,0,0,0,0,0,0,0.0,i,0,Thigh injury - Unknown return date,2026-08-15T20:00:06.878792Z,0.0,0,68,1477
2026-08-21T13:47:03+00:00,242,550615,George,9,3,55,0,0,0,0,,False,0,0,0,0,0,0,0,0,0,0,0.3,a,,,,0.0,0,16,351
2026-08-21T13:47:03+00:00,243,502697,Alcaraz,9,3,50,0,0,0,0,,False,0,0,0,0,0,0,0,0,0,0,0.1,a,,,,0.0,0,29,679
2026-08-21T13:47:03+00:00,244,609873,Armstrong,9,3,50,0,0,0,0,,False,0,0,0,0,0,0,0,0,0,0,0.1,a,,,,0.0,0,21,524
2026-08-21T13:47:03+00:00,245,496661,Dibling,9,3,55,0,0,0,0,,False,0,0,0,0,0,0,0,0,0,0,0.0,a,,,,0.0,0,18,349
2026-08-21T13:47:03+00:00,246,513466,Röhl,9,3,50,0,0,0,0,,False,0,0,0,0,0,0,0,0,0,0,0.1,a,,,,0.0,0,36,675
2026-08-21T13:47:03+00:00,247,244860,Hackney,9,3,55,0,0,0,0,,False,0,0,0,0,0,0,0,0,0,0,0.3,a,,,,0.0,0,0,0
2026-08-21T13:47:03+00:00,248,486385,Beto,9,4,55,0,0,0,0,,False,0,0,0,0,0,0,0,0,0,0,2.8,a,,,,0.0,0,104,1551
2026-08-21T13:47:03+00:00,249,586309,Barry,9,4,55,0,0,0,0,,False,0,0,0,0,0,0,0,0,0,0,1.3,a,,,,0.0,0,95,1898
2026-08-21T13:47:03+00:00,250,80201,Leno,10,1,45,0,0,0,0,,False,0,0,0,0,0,0,0,0,0,0,3.1,a,,,,0.0,0,122,3420
2026-08-21T13:47:03+00:00,251,86873,Lecomte,10,1,40,0,0,0,0,,False,0,0,0,0,0,0,0,0,0,0,1.2,a,,,,0.0,0,0,0
2026-08-21T13:47:03+00:00,252,505079,McNally,10,1,40,0,0,0,0,,False,0,0,0,0,0,0,0,0,0,0,0.2,a,,,,0.0,0,0,0
2026-08-21T13:47:03+00:00,253,174874,Andersen,10,2,50,0,0,0,0,,False,0,0,0,0,0,0,0,0,0,0,0.0,s,0,Suspended until 30 Aug,2026-07-23T12:01:23.516350Z,0.0,0,123,2882
2026-08-21T13:47:03+00:00,254,169528,Robinson,10,2,45,0,0,0,0,,False,0,0,0,0,0,0,0,0,0,0,1.7,a,,,,0.0,0,65,1487
2026-08-21T13:47:03+00:00,255,246301,J.Cuenca,10,2,45,0,0,0,0,,False,0,0,0,0,0,0,0,0,0,0,0.0,a,,,,0.0,0,39,935
2026-08-21T13:47:03+00:00,256,167074,Tete,10,2,45,0,0,0,0,,False,0,0,0,0,0,0,0,0,0,0,0.3,a,,,,0.0,0,81,1791
2026-08-21T13:47:03+00:00,257,232892,Bassey,10,2,45,0,0,0,0,,False,0,0,0,0,0,0,0,0,0,0,0.7,a,,,,0.0,0,103,2532
2026-08-21T13:47:03+00:00,258,166477,Castagne,10,2,45,0,0,0,0,,False,0,0,0,0,0,0,0,0,0,0,0.3,a,,,,0.0,0,61,1838
2026-08-21T13:47:03+00:00,261,153133,Iwobi,10,3,55,0,0,0,0,,False,0,0,0,0,0,0,0,0,0,0,1.0,a,,,,0.0,0,103,2420
2026-08-21T13:47:03+00:00,262,209289,Smith Rowe,10,3,55,0,0,0,0,,False,0,0,0,0,0,0,0,0,0,0,0.4,a,,,,0.0,0,80,1909
2026-08-21T13:47:03+00:00,263,560552,Kevin,10,3,55,0,0,0,0,,False,0,0,0,0,0,0,0,0,0,0,0.1,a,,,,0.0,0,49,1030
2026-08-21T13:47:03+00:00,264,477555,Bobb,10,3,55,0,0,0,0,,False,0,0,0,0,0,0,0,0,0,0,0.3,a,,,,0.0,0,42,1030
2026-08-21T13:47:03+00:00,265,207189,Berge,10,3,50,0,0,0,0,,False,0,0,0,0,0,0,0,0,0,0,0.4,a,,,,0.0,0,91,2904
2026-08-21T13:47:03+00:00,266,76357,Cairney,10,3,50,0,0,0,0,,False,0,0,0,0,0,0,0,0,0,0,0.0,i,0,Knee injury - Expected back 10 Oct,2026-08-14T18:00:06.460944Z,0.0,0,41,756
2026-08-21T13:47:03+00:00,268,577725,King,10,3,55,0,0,0,0,,False,0,0,0,0,0,0,0,0,0,0,0.2,a,,,,0.0,0,63,1290
2026-08-21T13:47:03+00:00,269,184349,Sessegnon,10,2,45,0,0,0,0,,False,0,0,0,0,0,0,0,0,0,0,0.4,a,,,,0.0,0,95,1816
2026-08-21T13:47:03+00:00,270,153366,Reed,10,3,45,0,0,0,0,,False,0,0,0,0,0,0,0,0,0,0,1.5,a,,,,0.0,0,15,89
2026-08-21T13:47:03+00:00,271,244042,Muniz,10,4,55,0,0,0,0,,False,0,0,0,0,0,0,0,0,0,0,0.6,a,,,,0.0,0,36,987
2026-08-21T13:47:03+00:00,272,631786,Kusi-Asare,10,4,45,0,0,0,0,,False,0,0,0,0,0,0,0,0,0,0,7.5,a,,,,0.0,0,6,49
2026-08-21T13:47:03+00:00,569,551466,Gonzalo,10,4,60,0,0,0,0,,False,0,0,0,0,0,0,0,0,0,0,2.0,a,,,,0.0,0,0,0
2026-08-21T13:47:03+00:00,570,571779,Palacios,10,3,55,0,0,0,0,,False,0,0,0,0,0,0,0,0,0,0,0.2,a,,,,0.0,0,0,0
2026-08-21T13:47:03+00:00,580,463210,Charles,10,3,50,0,0,0,0,,False,0,0,0,0,0,0,0,0,0,0,0.1,a,,,,0.0,0,0,0
2026-08-21T13:47:03+00:00,273,167825,Phillips,11,1,40,0,0,0,0,,False,0,0,0,0,0,0,0,0,0,0,1.6,a,,,,0.0,0,0,0
2026-08-21T13:47:03+00:00,274,105666,Butland,11,1,45,0,0,0,0,,False,0,0,0,0,0,0,0,0,0,0,0.1,i,0,Arm injury - Unknown return date,2026-08-08T19:00:05.601633Z,0.0,0,0,0
2026-08-21T13:47:03+00:00,275,494950,Cartwright,11,1,40,0,0,0,0,,False,0,0,0,0,0,0,0,0,0,0,0.0,u,0,Has joined Grimsby Town on loan for the rest of the season,2026-07-29T13:00:27.959925Z,0.0,0,0,0
2026-08-21T13:47:03+00:00,276,444307,Lo-Tutala,11,1,40,0,0,0,0,,False,0,0,0,0,0,0,0,0,0,0,0.0,u,0,Has joined Colchester United on loan for the rest of the season,2026-08-17T13:50:27.125537Z,0.0,0,0,0
2026-08-21T13:47:03+00:00,277,108416,Egan,11,2,40,0,0,0,0,,False,0,0,0,0,0,0,0,0,0,0,1.6,a,,,,0.0,0,0,0
2026-08-21T13:47:03+00:00,278,501902,Hughes,11,2,40,0,0,0,0,,False,0,0,0,0,0,0,0,0,0,0,0.2,i,0,Groin injury - Unknown return date,2026-08-02T09:00:11.030017Z,0.0,0,0,0
2026-08-21T13:47:03+00:00,279,146426,Ajayi,11,2,40,0,0,0,0,,False,0,0,0,0,0,0,0,0,0,0,0.9,a,,,,0.0,0,0,0
2026-08-21T13:47:03+00:00,280,193278,Coyle,11,2,40,0,0,0,0,,False,0,0,0,0,0,0,0,0,0,0,0.7,a,,,,0.0,0,0,0
2026-08-21T13:47:03+00:00,281,433590,Drameh,11,2,40,0,0,0,0,,False,0,0,0,0,0,0,0,0,0,0,0.0,a,100,,2026-08-08T19:00:05.613036Z,0.0,0,0,0
2026-08-21T13:47:03+00:00,282,232351,Giles,11,2,40,0,0,0,0,,False,0,0,0,0,0,0,0,0,0,0,0.8,a,,,,0.0,0,0,0
2026-08-21T13:47:03+00:00,283,449428,Jacob,11,2,40,0,0,0,0,,False,0,0,0,0,0,0,0,0,0,0,0.0,i,0,Hip injury - Expected back 29 Aug,2026-08-02T09:00:11.038361Z,0.0,0,0,0
2026-08-21T13:47:03+00:00,284,661800,McCarthy,11,2,40,0,0,0,0,,False,0,0,0,0,0,0,0,0,0,0,0.1,a,,,,0.0,0,0,0
2026-08-21T13:47:03+00:00,285,160817,McNair,11,2,40,0,0,0,0,,False,0,0,0,0,0,0,0,0,0,0,0.1,a,,,,0.0,0,0,0
2026-08-21T13:47:03+00:00,286,540324,Belloumi,11,3,50,0,0,0,0,,False,0,0,0,0,0,0,0,0,0,0,0.4,a,,,,0.0,0,0,0
2026-08-21T13:47:03+00:00,287,232905,Millar,11,3,50,0,0,0,0,,False,0,0,0,0,0,0,0,0,0,0,0.1,a,,,,0.0,0,0,0
2026-08-21T13:47:03+00:00,288,171270,Dowell,11,3,45,0,0,0,0,,False,0,0,0,0,0,0,0,0,0,0,0.4,a,,,,0.0,0,0,0
2026-08-21T13:47:03+00:00,289,101282,Crooks,11,3,45,0,0,0,0,,False,0,0,0,0,0,0,0,0,0,0,0.6,a,,,,0.0,0,0,0
2026-08-21T13:47:03+00:00,290,243413,Slater,11,3,45,0,0,0,0,,False,0,0,0,0,0,0,0,0,0,0,2.9,a,,,,0.0,0,0,0
2026-08-21T13:47:03+00:00,291,465525,Matazo,11,3,45,0,0,0,0,,False,0,0,0,0,0,0,0,0,0,0,0.0,i,0,Knee injury - Unknown return date,2026-07-23T12:01:23.532635Z,0.0,0,0,0
2026-08-21T13:47:03+00:00,292,208481,Ömür,11,3,50,0,0,0,0,,False,0,0,0,0,0,0,0,0,0,0,0.0,a,,,,0.0,0,0,0
2026-08-21T13:47:03+00:00,293,490161,Kamara,11,3,50,0,0,0,0,,False,0,0,0,0,0,0,0,0,0,0,0.0,u,0,Has joined Portsmouth permanently,2026-08-12T14:08:23.542043Z,0.0,0,0,0
2026-08-21T13:47:03+00:00,294,553783,Zambrano,11,3,45,0,0,0,0,,False,0,0,0,0,0,0,0,0,0,0,0.1,i,0,Thigh injury - Unknown return date,2026-08-04T18:30:11.016909Z,0.0,0,0,0
2026-08-21T13:47:03+00:00,295,169432,McBurnie,11,4,55,0,0,0,0,,False,0,0,0,0,0,0,0,0,0,0,1.3,a,,,,0.0,0,0,0
2026-08-21T13:47:03+00:00,296,213292,Akintola,11,3,50,0,0,0,0,,False,0,0,0,0,0,0,0,0,0,0,0.0,a,,,,0.0,0,0,0
2026-08-21T13:47:03+00:00,297,470294,Gyabi,11,3,45,0,0,0,0,,False,0,0,0,0,0,0,0,0,0,0,0.0,i,0,Thigh injury - Unknown return date,2026-08-04T18:30:11.027155Z,0.0,0,0,0
2026-08-21T13:47:03+00:00,298,500957,Destan,11,4,45,0,0,0,0,,False,0,0,0,0,0,0,0,0,0,0,0.6,u,0,Has joined Konyaspor permanently,2026-08-17T13:50:27.145733Z,0.0,0,0,0
2026-08-21T13:47:03+00:00,299,534392,Burstow,11,4,45,0,0,0,0,,False,0,0,0,0,0,0,0,0,0,0,0.1,u,0,Has joined Sheffield Wednesday on loan for the rest of the season,2026-08-03T14:05:20.234842Z,0.0,0,0,0
2026-08-21T13:47:03+00:00,340,462635,Gelhardt,11,3,50,0,0,0,0,,False,0,0,0,0,0,0,0,0,0,0,0.0,i,0,Ankle injury - Expected back 5 Sep,2026-08-17T21:30:07.799839Z,0.0,0,0,0
2026-08-21T13:47:03+00:00,556,169359,Targett,11,2,40,0,0,0,0,,False,0,0,0,0,0,0,0,0,0,0,2.5,a,,,,0.0,0,0,0
2026-08-21T13:47:03+00:00,563,445028,Morita,11,3,50,0,0,0,0,,False,0,0,0,0,0,0,0,0,0,0,0.0,d,50,Calf injury - 50% chance of playing,2026-08-15T16:00:07.961518Z,0.0,0,0,0
2026-08-21T13:47:03+00:00,572,473284,Tzolakis,11,1,45,0,0,0,0,,False,0,0,0,0,0,0,0,0,0,0,0.5,a,,,,0.0,0,0,0
2026-08-21T13:47:03+00:00,574,552946,Hjertø-Dahl,11,3,50,0,0,0,0,,False,0,0,0,0,0,0,0,0,0,0,0.1,a,,,,0.0,0,0,0
2026-08-21T13:47:03+00:00,576,608227,Stroud,11,3,50,0,0,0,0,,False,0,0,0,0,0,0,0,0,0,0,0.1,a,,,,0.0,0,0,0
2026-08-21T13:47:03+00:00,585,597462,Herrington,11,2,40,0,0,0,0,,False,0,0,0,0,0,0,0,0,0,0,0.6,a,,,,0.0,0,0,0
2026-08-21T13:47:03+00:00,586,606930,Mendy,11,2,40,0,0,0,0,,False,0,0,0,0,0,0,0,0,0,0,1.0,a,,,,0.0,0,0,0
2026-08-21T13:47:03+00:00,589,469266,Gourna-Douath,11,3,50,0,0,0,0,,False,0,0,0,0,0,0,0,0,0,0,0.0,a,,,,0.0,0,0,0
2026-08-21T13:47:03+00:00,259,219924,Diop,12,2,40,0,0,0,0,,False,0,0,0,0,0,0,0,0,0,0,18.3,a,,,,0.0,0,31,812
2026-08-21T13:47:03+00:00,267,212314,Lukić,12,3,50,0,0,0,0,,False,0,0,0,0,0,0,0,0,0,0,0.1,a,,,,0.0,0,67,1730
2026-08-21T13:47:03+00:00,300,108813,Walton,12,1,45,0,0,0,0,,False,0,0,0,0,0,0,0,0,0,0,0.6,a,,,,0.0,0,0,0
2026-08-21T13:47:03+00:00,301,112520,Palmer,12,1,40,0,0,0,0,,False,0,0,0,0,0,0,0,0,0,0,4.9,a,,,,0.0,0,0,0
2026-08-21T13:47:03+00:00,302,50093,Button,12,1,40,0,0,0,0,,False,0,0,0,0,0,0,0,0,0,0,0.5,a,,,,0.0,0,0,0
2026-08-21T13:47:03+00:00,303,183015,Kipré,12,2,40,0,0,0,0,,False,0,0,0,0,0,0,0,0,0,0,0.7,a,,,,0.0,0,0,0
2026-08-21T13:47:03+00:00,304,216616,O'Shea,12,2,40,0,0,0,0,,False,0,0,0,0,0,0,0,0,0,0,3.4,a,,,,0.0,0,0,0
2026-08-21T13:47:03+00:00,305,455084,Davis,12,2,40,0,0,0,0,,False,0,0,0,0,0,0,0,0,0,0,5.3,a,,,,0.0,0,0,0
2026-08-21T13:47:03+00:00,306,449429,Greaves,12,2,40,0,0,0,0,,False,0,0,0,0,0,0,0,0,0,0,1.4,a,,,,0.0,0,0,0
2026-08-21T13:47:03+00:00,307,222018,Johnson,12,2,40,0,0,0,0,,False,0,0,0,0,0,0,0,0,0,0,0.1,a,,,,0.0,0,0,0
2026-08-21T13:47:03+00:00,308,176420,Furlong,12,2,40,0,0,0,0,,False,0,0,0,0,0,0,0,0,0,0,0.6,a,,,,0.0,0,0,0
2026-08-21T13:47:03+00:00,309,501390,Núñez,12,3,50,0,0,0,0,,False,0,0,0,0,0,0,0,0,0,0,0.1,a,,,,0.0,0,0,0
2026-08-21T13:47:03+00:00,310,241117,Matusiwa,12,3,50,0,0,0,0,,False,0,0,0,0,0,0,0,0,0,0,0.0,i,0,Muscular injury - Unknown return date,2026-07-29T18:00:10.305484Z,0.0,0,0,0
2026-08-21T13:47:03+00:00,311,149929,Burns,12,3,50,0,0,0,0,,False,0,0,0,0,0,0,0,0,0,0,0.0,u,0,Has joined Leicester City permanently,2026-08-10T14:02:47.597478Z,0.0,0,0,0
2026-08-21T13:47:03+00:00,312,231899,Taylor,12,3,45,0,0,0,0,,False,0,0,0,0,0,0,0,0,0,0,0.1,i,0,Knee injury - Unknown return date,2026-07-29T18:00:10.319370Z,0.0,0,0,0
2026-08-21T13:47:03+00:00,313,443261,Clarke,12,3,55,0,0,0,0,,False,0,0,0,0,0,0,0,0,0,0,0.3,a,,,,0.0,0,0,0
2026-08-21T13:47:03+00:00,314,229164,Ogbene,12,3,50,0,0,0,0,,False,0,0,0,0,0,0,0,0,0,0,0.0,a,,,,0.0,0,0,0
2026-08-21T13:47:03+00:00,315,531442,Fatawu,12,3,55,0,0,0,0,,False,0,0,0,0,0,0,0,0,0,0,0.2,a,,,,0.0,0,0,0
2026-08-21T13:47:03+00:00,316,543968,Emersonn,12,4,55,0,0,0,0,,False,0,0,0,0,0,0,0,0,0,0,0.4,a,,,,0.0,0,0,0
2026-08-21T13:47:03+00:00,317,222625,Hirst,12,4,50,0,0,0,0,,False,0,0,0,0,0,0,0,0,0,0,0.4,u,0,Has joined Stoke City permanently,2026-08-21T13:06:08.606019Z,0.0,0,0,0
2026-08-21T13:47:03+00:00,318,481624,Philogene,12,3,55,0,0,0,0,,False,0,0,0,0,0,0,0,0,0,0,0.2,a,,,,0.0,0,0,0
2026-08-21T13:47:03+00:00,319,172453,Szmodics,12,3,50,0,0,0,0,,False,0,0,0,0,0,0,0,0,0,0,0.0,u,0,Has joined Derby County on loan for the rest of the season,2026-08-17T13:51:41.713979Z,0.0,0,0,0
2026-08-21T13:47:03+00:00,320,147675,Akpom,12,4,50,0,0,0,0,,False,0,0,0,0,0,0,0,0,0,0,0.5,a,,,,0.0,0,0,0
2026-08-21T13:47:03+00:00,321,557012,Walle Egeli,12,4,45,0,0,0,0,,False,0,0,0,0,0,0,0,0,0,0,2.2,a,,,,0.0,0,0,0
2026-08-21T13:47:03+00:00,322,462387,Al-Hamadi,12,4,50,0,0,0,0,,False,0,0,0,0,0,0,0,0,0,0,0.1,a,,,,0.0,0,0,0
2026-08-21T13:47:03+00:00,323,461587,McAteer,12,3,45,0,0,0,0,,False,0,0,0,0,0,0,0,0,0,0,1.5,a,,,,0.0,0,0,0
2026-08-21T13:47:03+00:00,324,232457,Mehmeti,12,3,50,0,0,0,0,,False,0,0,0,0,0,0,0,0,0,0,0.1,a,,,,0.0,0,0,0
2026-08-21T13:47:03+00:00,554,546600,Van Oevelen,12,1,45,0,0,0,0,,False,0,0,0,0,0,0,0,0,0,0,0.0,a,,,,0.0,0,0,0
2026-08-21T13:47:03+00:00,562,442967,Maeda,12,3,55,0,0,0,0,,False,0,0,0,0,0,0,0,0,0,0,0.4,a,,,,0.0,0,0,0
2026-08-21T13:47:03+00:00,564,240514,Scherpen,12,1,45,0,0,0,0,,False,0,0,0,0,0,0,0,0,0,0,0.6,a,,,,0.0,0,0,0
2026-08-21T13:47:03+00:00,571,216055,Florentino,12,3,50,0,0,0,0,,False,0,0,0,0,0,0,0,0,0,0,0.1,a,,,,0.0,0,0,0
2026-08-21T13:47:03+00:00,591,474120,Enciso,12,3,55,0,0,0,0,,False,0,0,0,0,0,0,0,0,0,0,0.3,a,,,,0.0,0,0,0
2026-08-21T13:47:03+00:00,592,572584,Ouattara,12,2,40,0,0,0,0,,False,0,0,0,0,0,0,0,0,0,0,0.8,a,,,,0.0,0,0,0
2026-08-21T13:47:03+00:00,260,153682,Wilson,13,3,65,0,0,0,0,,False,0,0,0,0,0,0,0,0,0,0,6.6,a,,,,0.0,0,168,2674
2026-08-21T13:47:03+00:00,326,201595,Perri,13,1,45,0,0,0,0,,False,0,0,0,0,0,0,0,0,0,0,0.6,a,,,,0.0,0,43,1440
2026-08-21T13:47:03+00:00,327,434752,Bijol,13,2,50,0,0,0,0,,False,0,0,0,0,0,0,0,0,0,0,0.3,a,,,,0.0,0,99,1888
2026-08-21T13:47:03+00:00,329,214225,Rodon,13,2,45,0,0,0,0,,False,0,0,0,0,0,0,0,0,0,0,3.2,a,,,,0.0,0,109,2952
2026-08-21T13:47:03+00:00,330,226182,Bogle,13,2,45,0,0,0,0,,False,0,0,0,0,0,0,0,0,0,0,0.5,a,,,,0.0,0,96,2795
2026-08-21T13:47:03+00:00,331,243526,Gudmundsson,13,2,45,0,0,0,0,,False,0,0,0,0,0,0,0,0,0,0,0.1,i,0,Hamstring injury - Unknown return date,2026-08-08T20:00:07.546568Z,0.0,0,68,2637
2026-08-21T13:47:03+00:00,332,220627,Justin,13,2,45,0,0,0,0,,False,0,0,0,0,0,0,0,0,0,0,0.6,a,,,,0.0,0,94,1893
2026-08-21T13:47:03+00:00,333,437738,Bornauw,13,2,45,0,0,0,0,,False,0,0,0,0,0,0,0,0,0,0,0.0,u,0,Has joined Hamburg SV on loan for the rest of the season,2026-08-19T13:56:14.645970Z,0.0,0,25,429
2026-08-21T13:47:03+00:00,334,522047,Muharemović,13,2,50,0,0,0,0,,False,0,0,0,0,0,0,0,0,0,0,3.5,a,,,,0.0,0,0,0
2026-08-21T13:47:03+00:00,335,466525,Stach,13,3,60,0,0,0,0,,False,0,0,0,0,0,0,0,0,0,0,0.9,a,,,,0.0,0,137,2369
2026-08-21T13:47:03+00:00,336,435997,Okafor,13,3,60,0,0,0,0,,False,0,0,0,0,0,0,0,0,0,0,0.5,a,,,,0.0,0,109,1553
2026-08-21T13:47:03+00:00,337,427637,Aaronson,13,3,55,0,0,0,0,,False,0,0,0,0,0,0,0,0,0,0,1.0,a,,,,0.0,0,126,2449
2026-08-21T13:47:03+00:00,338,199598,Ampadu,13,3,55,0,0,0,0,,False,0,0,0,0,0,0,0,0,0,0,1.5,a,,,,0.0,0,134,3119
2026-08-21T13:47:03+00:00,339,180135,Longstaff,13,3,50,0,0,0,0,,False,0,0,0,0,0,0,0,0,0,0,0.1,a,,,,0.0,0,56,1003
2026-08-21T13:47:03+00:00,341,492859,Gnonto,13,3,50,0,0,0,0,,False,0,0,0,0,0,0,0,0,0,0,0.0,i,0,Hamstring injury - Unknown return date,2026-08-17T20:30:08.092366Z,0.0,0,32,521
2026-08-21T13:47:03+00:00,342,221399,Harrison,13,3,50,0,0,0,0,,False,0,0,0,0,0,0,0,0,0,0,0.0,u,0,Has joined New England Revolution permanently,2026-07-28T12:59:09.492431Z,0.0,0,12,262
2026-08-21T13:47:03+00:00,343,200617,James,13,3,50,0,0,0,0,,False,0,0,0,0,0,0,0,0,0,0,0.1,a,,,,0.0,0,23,547
2026-08-21T13:47:03+00:00,344,486520,Gruev,13,3,50,0,0,0,0,,False,0,0,0,0,0,0,0,0,0,0,0.0,i,0,Knee injury - Unknown return date,2026-08-14T23:00:06.272027Z,0.0,0,56,1318
2026-08-21T13:47:03+00:00,345,248056,Tanaka,13,3,50,0,0,0,0,,False,0,0,0,0,0,0,0,0,0,0,0.3,a,,,,0.0,0,67,1307
2026-08-21T13:47:03+00:00,346,177815,Calvert-Lewin,13,4,60,0,0,0,0,,False,0,0,0,0,0,0,0,0,0,0,30.9,a,,,,0.0,0,142,2721
2026-08-21T13:47:03+00:00,347,174594,Nmecha,13,4,55,0,0,0,0,,False,0,0,0,0,0,0,0,0,0,0,0.6,a,,,,0.0,0,73,1065
2026-08-21T13:47:03+00:00,348,235826,Piroe,13,4,50,0,0,0,0,,False,0,0,0,0,0,0,0,0,0,0,0.2,u,0,Has joined West Ham United on loan for the rest of the season,2026-08-19T13:56:14.666726Z,0.0,0,17,244
2026-08-21T13:47:03+00:00,349,565297,Mateo Joseph,13,4,45,0,0,0,0,,False,0,0,0,0,0,0,0,0,0,0,0.1,i,0,Knee injury - Unknown return date,2026-07-29T18:00:10.338170Z,0.0,0,0,0
2026-08-21T13:47:03+00:00,385,432720,Trafford,13,1,50,0,0,0,0,,False,0,0,0,0,0,0,0,0,0,0,3.0,a,,,,0.0,0,13,360
2026-08-21T13:47:03+00:00,598,173774,Elvedi,13,2,45,0,0,0,0,,False,0,0,0,0,0,0,0,0,0,0,0.0,a,,,,0.0,0,0,0
2026-08-21T13:47:03+00:00,350,116535,A.Becker,14,1,55,0,0,0,0,,False,0,0,0,0,0,0,0,0,0,0,3.5,a,,,,0.0,0,91,2340
2026-08-21T13:47:03+00:00,351,449027,Mamardashvili,14,1,50,0,0,0,0,,False,0,0,0,0,0,0,0,0,0,0,0.2,a,,,,0.0,0,34,867
2026-08-21T13:47:03+00:00,352,155503,Woodman,14,1,40,0,0,0,0,,False,0,0,0,0,0,0,0,0,0,0,1.1,a,,,,0.0,0,6,212
2026-08-21T13:47:03+00:00,353,586268,Pecsi,14,1,40,0,0,0,0,,False,0,0,0,0,0,0,0,0,0,0,0.0,u,0,Has joined TSV Hartberg on loan for the rest of the season,2026-08-18T14:11:18.638344Z,0.0,0,0,0
2026-08-21T13:47:03+00:00,354,432987,Jaros,14,1,40,0,0,0,0,,False,0,0,0,0,0,0,0,0,0,0,0.0,i,0,Knee injury - Unknown return date,2026-07-29T18:00:10.351066Z,0.0,0,0,0
2026-08-21T13:47:03+00:00,355,464353,Davies,14,1,40,0,0,0,0,,False,0,0,0,0,0,0,0,0,0,0,0.1,a,,,,0.0,0,0,0
2026-08-21T13:47:03+00:00,356,97032,Virgil,14,2,65,0,0,0,0,,False,0,0,0,0,0,0,0,0,0,0,18.6,a,,,,0.0,0,175,3420
2026-08-21T13:47:03+00:00,357,216094,Frimpong,14,2,55,0,0,0,0,,False,0,0,0,0,0,0,0,0,0,0,3.3,a,,,,0.0,0,63,1032
2026-08-21T13:47:03+00:00,358,544877,Kerkez,14,2,55,0,0,0,0,,False,0,0,0,0,0,0,0,0,0,0,3.8,a,,,,0.0,0,85,2251
2026-08-21T13:47:03+00:00,359,171287,Gomez,14,2,50,0,0,0,0,,False,0,0,0,0,0,0,0,0,0,0,0.0,i,0,Muscular injury - Unknown return date,2026-07-26T08:30:10.078473Z,0.0,0,33,594
2026-08-21T13:47:03+00:00,360,492777,Bradley,14,2,50,0,0,0,0,,False,0,0,0,0,0,0,0,0,0,0,0.0,i,0,Knee injury - Unknown return date,2026-07-23T12:01:23.565711Z,0.0,0,42,928
2026-08-21T13:47:03+00:00,361,519440,Lucky,14,2,40,0,0,0,0,,False,0,0,0,0,0,0,0,0,0,0,0.1,a,,,,0.0,0,0,0
2026-08-21T13:47:03+00:00,362,606702,Jacquet,14,2,50,0,0,0,0,,False,0,0,0,0,0,0,0,0,0,0,2.3,a,100,,2026-07-23T12:01:23.581126Z,0.0,0,0,0
2026-08-21T13:47:03+00:00,363,647681,Leoni,14,2,40,0,0,0,0,,False,0,0,0,0,0,0,0,0,0,0,0.0,i,0,Knee injury - Unknown return date,2026-07-23T12:01:23.596909Z,0.0,0,0,0
2026-08-21T13:47:03+00:00,364,214285,Tsimikas,14,2,50,0,0,0,0,,False,0,0,0,0,0,0,0,0,0,0,0.1,a,,,,0.0,0,0,0
2026-08-21T13:47:03+00:00,365,489580,Ramsay,14,2,40,0,0,0,0,,False,0,0,0,0,0,0,0,0,0,0,0.2,a,,,,0.0,0,0,0
2026-08-21T13:47:03+00:00,366,494595,Wirtz,14,3,75,0,0,0,0,,False,0,0,0,0,0,0,0,0,0,0,13.0,a,,,,0.0,0,125,2374
2026-08-21T13:47:03+00:00,367,243298,Gakpo,14,3,70,0,0,0,0,,False,0,0,0,0,0,0,0,0,0,0,3.5,a,,,,0.0,0,131,2736
2026-08-21T13:47:03+00:00,368,424876,Szoboszlai,14,3,70,0,0,0,0,,False,0,0,0,0,0,0,0,0,0,0,41.7,a,,,,0.0,0,160,3232
2026-08-21T13:47:03+00:00,369,611922,Ngumoha,14,3,60,0,0,0,0,,False,0,0,0,0,0,0,0,0,0,0,1.2,a,,,,0.0,0,43,547
2026-08-21T13:47:03+00:00,370,223541,Chiesa,14,3,55,0,0,0,0,,False,0,0,0,0,0,0,0,0,0,0,0.1,a,,,,0.0,0,37,317
2026-08-21T13:47:03+00:00,371,441266,Gravenberch,14,3,60,0,0,0,0,,False,0,0,0,0,0,0,0,0,0,0,1.9,a,,,,0.0,0,144,2991
2026-08-21T13:47:03+00:00,372,243016,Mac Allister,14,3,55,0,0,0,0,,False,0,0,0,0,0,0,0,0,0,0,1.7,a,,,,0.0,0,108,2654
2026-08-21T13:47:03+00:00,373,206915,C.Jones,14,3,55,0,0,0,0,,False,0,0,0,0,0,0,0,0,0,0,0.1,d,75,Hip injury - 75% chance of playing,2026-08-16T18:30:07.426408Z,0.0,0,81,1923
2026-08-21T13:47:03+00:00,374,158983,Endo,14,3,50,0,0,0,0,,False,0,0,0,0,0,0,0,0,0,0,0.1,a,100,,2026-07-23T12:01:23.612529Z,0.0,0,12,170
2026-08-21T13:47:03+00:00,375,591386,Nyoni,14,3,50,0,0,0,0,,False,0,0,0,0,0,0,0,0,0,0,0.0,a,,,,0.0,0,6,21
2026-08-21T13:47:03+00:00,376,535928,Bajcetic,14,3,50,0,0,0,0,,False,0,0,0,0,0,0,0,0,0,0,0.0,i,0,Hamstring injury - Expected back 23 Aug,2026-07-23T12:01:23.628373Z,0.0,0,0,0
2026-08-21T13:47:03+00:00,377,551499,Munoz,14,3,65,0,0,0,0,,False,0,0,0,0,0,0,0,0,0,0,0.6,a,,,,0.0,0,0,0
2026-08-21T13:47:03+00:00,378,491501,McConnell,14,3,45,0,0,0,0,,False,0,0,0,0,0,0,0,0,0,0,0.3,a,,,,0.0,0,0,0
2026-08-21T13:47:03+00:00,379,219168,Isak,14,4,90,0,0,0,0,,False,0,0,0,0,0,0,0,0,0,0,16.5,a,,,,0.0,0,41,694
2026-08-21T13:47:03+00:00,380,510663,Ekitiké,14,4,75,0,0,0,0,,False,0,0,0,0,0,0,0,0,0,0,0.2,i,0,Achilles injury - Unknown return date,2026-07-23T12:01:23.643771Z,0.0,0,125,1797
2026-08-21T13:47:03+00:00,381,514514,Koumas,14,3,50,0,0,0,0,,False,0,0,0,0,0,0,0,0,0,0,0.0,a,,,,0.0,0,0,0
2026-08-21T13:47:03+00:00,382,500058,Danns,14,4,45,0,0,0,0,,False,0,0,0,0,0,0,0,0,0,0,0.0,i,0,Unspecified injury - Unknown return date,2026-07-23T12:01:23.659279Z,0.0,0,0,0
2026-08-21T13:47:03+00:00,383,444884,Elliott,14,3,55,0,0,0,0,,False,0,0,0,0,0,0,0,0,0,0,0.1,a,,,,0.0,0,5,110
2026-08-21T13:47:03+00:00,579,445087,Araujo,14,2,55,0,0,0,0,,False,0,0,0,0,0,0,0,0,0,0,2.3,a,,,,0.0,0,0,0
2026-08-21T13:47:03+00:00,238,114283,Grealish,15,3,65,0,0,0,0,,False,0,0,0,0,0,0,0,0,0,0,0.2,a,100,,2026-07-29T10:00:10.492904Z,0.0,0,79,1627
2026-08-21T13:47:03+00:00,384,204936,Donnarumma,15,1,55,0,0,0,0,,False,0,0,0,0,0,0,0,0,0,0,8.3,a,,,,0.0,0,135,3060
2026-08-21T13:47:03+00:00,386,122074,Bettinelli,15,1,45,0,0,0,0,,False,0,0,0,0,0,0,0,0,0,0,0.0,a,,,,0.0,0,0,0
2026-08-21T13:47:03+00:00,387,472769,O'Reilly,15,2,65,0,0,0,0,,False,0,0,0,0,0,0,0,0,0,0,21.1,a,,,,0.0,0,160,2643
2026-08-21T13:47:03+00:00,388,209036,Guéhi,15,2,60,0,0,0,0,,False,0,0,0,0,0,0,0,0,0,0,17.6,a,,,,0.0,0,179,3150
2026-08-21T13:47:03+00:00,389,465351,Matheus N.,15,2,60,0,0,0,0,,False,0,0,0,0,0,0,0,0,0,0,1.3,a,100,,2026-08-16T18:30:07.457097Z,0.0,0,154,2861
2026-08-21T13:47:03+00:00,390,171314,Rúben,15,2,55,0,0,0,0,,False,0,0,0,0,0,0,0,0,0,0,1.6,a,,,,0.0,0,113,2139
2026-08-21T13:47:03+00:00,391,477424,Gvardiol,15,2,55,0,0,0,0,,False,0,0,0,0,0,0,0,0,0,0,10.9,a,,,,0.0,0,79,1370
2026-08-21T13:47:03+00:00,392,448514,Aït-Nouri,15,2,55,0,0,0,0,,False,0,0,0,0,0,0,0,0,0,0,0.9,a,,,,0.0,0,60,971
2026-08-21T13:47:03+00:00,393,578153,Khusanov,15,2,55,0,0,0,0,,False,0,0,0,0,0,0,0,0,0,0,1.7,a,,,,0.0,0,67,1427
2026-08-21T13:47:03+00:00,394,494307,Alleyne,15,2,50,0,0,0,0,,False,0,0,0,0,0,0,0,0,0,0,0.0,u,0,Has joined Burnley on loan for the rest of the season,2026-08-18T14:11:56.324656Z,0.0,0,5,135
2026-08-21T13:47:03+00:00,395,477064,Lewis,15,2,45,0,0,0,0,,False,0,0,0,0,0,0,0,0,0,0,0.2,a,,,,0.0,0,19,401
2026-08-21T13:47:03+00:00,396,616222,Vitor Reis,15,2,45,0,0,0,0,,False,0,0,0,0,0,0,0,0,0,0,0.0,a,,,,0.0,0,0,0
2026-08-21T13:47:03+00:00,397,437730,Semenyo,15,3,85,0,0,0,0,,False,0,0,0,0,0,0,0,0,0,0,26.3,a,,,,0.0,0,202,3200
2026-08-21T13:47:03+00:00,398,209244,Foden,15,3,70,0,0,0,0,,False,0,0,0,0,0,0,0,0,0,0,4.3,a,,,,0.0,0,131,2078
2026-08-21T13:47:03+00:00,399,466052,Cherki,15,3,75,0,0,0,0,,False,0,0,0,0,0,0,0,0,0,0,7.7,a,,,,0.0,0,135,1772
2026-08-21T13:47:03+00:00,400,248875,Doku,15,3,75,0,0,0,0,,False,0,0,0,0,0,0,0,0,0,0,2.8,i,0,Calf injury - Expected back 5 Sep,2026-08-18T17:00:08.385597Z,0.0,0,120,1773
2026-08-21T13:47:03+00:00,401,438234,Marmoush,15,4,70,0,0,0,0,,False,0,0,0,0,0,0,0,0,0,0,0.9,a,,,,0.0,0,56,691
2026-08-21T13:47:03+00:00,402,220566,Rodrigo,15,3,65,0,0,0,0,,False,0,0,0,0,0,0,0,0,0,0,0.0,u,0,Has joined Barcelona permanently,2026-07-23T12:01:23.675537Z,0.0,0,69,1510
2026-08-21T13:47:03+00:00,403,510281,Savinho,15,3,65,0,0,0,0,,False,0,0,0,0,0,0,0,0,0,0,0.2,a,,,,0.0,0,43,817
2026-08-21T13:47:03+00:00,404,433036,Reijnders,15,3,60,0,0,0,0,,False,0,0,0,0,0,0,0,0,0,0,0.2,u,0,Has joined Al Qadsiah permanently,2026-08-20T14:02:58.154273Z,0.0,0,92,1623
2026-08-21T13:47:03+00:00,405,465694,N.Gonzalez,15,3,55,0,0,0,0,,False,0,0,0,0,0,0,0,0,0,0,0.1,a,,,,0.0,0,63,1561
2026-08-21T13:47:03+00:00,406,91651,Kovačić,15,3,55,0,0,0,0,,False,0,0,0,0,0,0,0,0,0,0,0.1,a,,,,0.0,0,9,125
2026-08-21T13:47:03+00:00,407,575204,Echeverri,15,3,50,0,0,0,0,,False,0,0,0,0,0,0,0,0,0,0,0.0,a,,,,0.0,0,0,0
2026-08-21T13:47:03+00:00,408,155405,Phillips,15,3,50,0,0,0,0,,False,0,0,0,0,0,0,0,0,0,0,0.0,u,0,Has joined Sheffield United on loan for the rest of the season,2026-08-18T14:11:56.348781Z,0.0,0,0,0
2026-08-21T13:47:03+00:00,409,590039,Mukasa,15,3,45,0,0,0,0,,False,0,0,0,0,0,0,0,0,0,0,0.2,a,,,,0.0,0,2,25
2026-08-21T13:47:03+00:00,410,649208,Monga,15,3,50,0,0,0,0,,False,0,0,0,0,0,0,0,0,0,0,0.0,a,,,,0.0,0,0,0
2026-08-21T13:47:03+00:00,411,223094,Haaland,15,4,155,0,0,0,0,,False,0,0,0,0,0,0,0,0,0,0,69.4,a,,,,0.0,0,239,2953
2026-08-21T13:47:03+00:00,481,215379,Anderson,15,3,65,0,0,0,0,,False,0,0,0,0,0,0,0,0,0,0,8.2,a,,,,0.0,0,180,3332
2026-08-21T13:47:03+00:00,587,106921,Rulli,15,1,50,0,0,0,0,,False,0,0,0,0,0,0,0,0,0,0,0.0,a,,,,0.0,0,0,0
2026-08-21T13:47:03+00:00,43,166989,Tielemans,16,3,60,0,0,0,0,,False,0,0,0,0,0,0,0,0,0,0,2.5,a,100,,2026-07-23T12:01:23.321726Z,0.0,0,68,1857
2026-08-21T13:47:03+00:00,162,532605,Andrey Santos,16,3,50,0,0,0,0,,False,0,0,0,0,0,0,0,0,0,0,1.1,a,,,,0.0,0,47,1247
2026-08-21T13:47:03+00:00,325,59735,Darlow,16,1,45,0,0,0,0,,False,0,0,0,0,0,0,0,0,0,0,0.0,d,75,Unspecified injury - 75% chance of playing,2026-07-23T12:01:23.549136Z,0.0,0,71,1980
2026-08-21T13:47:03+00:00,412,465247,Lammens,16,1,50,0,0,0,0,,False,0,0,0,0,0,0,0,0,0,0,17.0,a,,,,0.0,0,109,2880
2026-08-21T13:47:03+00:00,413,451302,Bayindir,16,1,45,0,0,0,0,,False,0,0,0,0,0,0,0,0,0,0,0.0,u,0,Has joined Celta Vigo on loan for the rest of the season,2026-08-10T14:02:28.608415Z,0.0,0,11,540
2026-08-21T13:47:03+00:00,414,21205,Heaton,16,1,40,0,0,0,0,,False,0,0,0,0,0,0,0,0,0,0,0.1,i,0,Hamstring injury - Unknown return date,2026-08-15T16:00:07.854151Z,0.0,0,0,0
2026-08-21T13:47:03+00:00,415,596777,Dorgu,16,3,60,0,0,0,0,,False,0,0,0,0,0,0,0,0,0,0,1.4,a,,,,0.0,0,95,1440
2026-08-21T13:47:03+00:00,416,209365,De Ligt,16,2,50,0,0,0,0,,False,0,0,0,0,0,0,0,0,0,0,0.0,i,0,Back injury - Unknown return date,2026-07-23T12:01:23.690880Z,0.0,0,43,1170
2026-08-21T13:47:03+00:00,417,216051,Dalot,16,2,50,0,0,0,0,,False,0,0,0,0,0,0,0,0,0,0,2.8,a,,,,0.0,0,111,2609
2026-08-21T13:47:03+00:00,418,95658,Maguire,16,2,50,0,0,0,0,,False,0,0,0,0,0,0,0,0,0,0,17.2,a,,,,0.0,0,90,1649
2026-08-21T13:47:03+00:00,419,221820,Martinez,16,2,50,0,0,0,0,,False,0,0,0,0,0,0,0,0,0,0,1.2,a,100,,2026-07-24T20:00:10.337107Z,0.0,0,51,1229
2026-08-21T13:47:03+00:00,420,550864,Yoro,16,2,50,0,0,0,0,,False,0,0,0,0,0,0,0,0,0,0,0.7,a,,,,0.0,0,56,1730
2026-08-21T13:47:03+00:00,421,606745,Heaven,16,2,45,0,0,0,0,,False,0,0,0,0,0,0,0,0,0,0,0.4,a,,,,0.0,0,42,920
2026-08-21T13:47:03+00:00,422,230001,Mazraoui,16,2,45,0,0,0,0,,False,0,0,0,0,0,0,0,0,0,0,0.6,a,,,,0.0,0,53,977
2026-08-21T13:47:03+00:00,423,106760,Shaw,16,2,45,0,0,0,0,,False,0,0,0,0,0,0,0,0,0,0,21.5,a,,,,0.0,0,113,3220
2026-08-21T13:47:03+00:00,424,577974,Amass,16,2,40,0,0,0,0,,False,0,0,0,0,0,0,0,0,0,0,0.2,a,,,,0.0,0,0,0
2026-08-21T13:47:03+00:00,425,547676,Fredricson,16,2,40,0,0,0,0,,False,0,0,0,0,0,0,0,0,0,0,0.0,u,0,Has joined Lausanne-Sport permanently,2026-08-18T14:12:31.904433Z,0.0,0,1,2
2026-08-21T13:47:03+00:00,426,141746,B.Fernandes,16,3,120,0,0,0,0,,False,0,0,0,0,0,0,0,0,0,0,51.5,a,,,,0.0,0,235,3065
2026-08-21T13:47:03+00:00,427,446008,Mbeumo,16,3,80,0,0,0,0,,False,0,0,0,0,0,0,0,0,0,0,37.6,a,,,,0.0,0,148,2611
2026-08-21T13:47:03+00:00,428,430871,Cunha,16,3,80,0,0,0,0,,False,0,0,0,0,0,0,0,0,0,0,10.3,a,,,,0.0,0,143,2493
2026-08-21T13:47:03+00:00,429,176297,Rashford,16,3,70,0,0,0,0,,False,0,0,0,0,0,0,0,0,0,0,1.5,a,,,,0.0,0,0,0
2026-08-21T13:47:03+00:00,430,184341,Mount,16,3,55,0,0,0,0,,False,0,0,0,0,0,0,0,0,0,0,0.0,d,50,Foot injury - 50% chance of playing,2026-08-15T16:00:07.879135Z,0.0,0,58,1010
2026-08-21T13:47:03+00:00,431,493250,Amad,16,3,60,0,0,0,0,,False,0,0,0,0,0,0,0,0,0,0,1.6,a,,,,0.0,0,91,2339
2026-08-21T13:47:03+00:00,432,516895,Mainoo,16,3,55,0,0,0,0,,False,0,0,0,0,0,0,0,0,0,0,1.0,a,,,,0.0,0,73,1653
2026-08-21T13:47:03+00:00,433,232112,Ugarte,16,3,50,0,0,0,0,,False,0,0,0,0,0,0,0,0,0,0,0.0,i,0,Knee injury - Unknown return date,2026-07-23T12:01:23.706702Z,0.0,0,38,876
2026-08-21T13:47:03+00:00,434,547037,J.Fletcher,16,3,50,0,0,0,0,,False,0,0,0,0,0,0,0,0,0,0,0.0,a,,,,0.0,0,3,107
2026-08-21T13:47:03+00:00,435,576628,Lacey,16,3,50,0,0,0,0,,False,0,0,0,0,0,0,0,0,0,0,0.0,a,,,,0.0,0,3,40
2026-08-21T13:47:03+00:00,436,490881,Collyer,16,3,50,0,0,0,0,,False,0,0,0,0,0,0,0,0,0,0,0.0,a,,,,0.0,0,0,0
2026-08-21T13:47:03+00:00,437,576620,Bendito Mantato,16,3,45,0,0,0,0,,False,0,0,0,0,0,0,0,0,0,0,0.2,a,,,,0.0,0,1,15
2026-08-21T13:47:03+00:00,438,519913,Fletcher,16,3,45,0,0,0,0,,False,0,0,0,0,0,0,0,0,0,0,0.3,a,,,,0.0,0,2,17
2026-08-21T13:47:03+00:00,439,485711,Šeško,16,4,70,0,0,0,0,,False,0,0,0,0,0,0,0,0,0,0,1.3,d,75,Shin injury - 75% chance of playing,2026-07-23T12:01:23.722029Z,0.0,0,111,1630
2026-08-21T13:47:03+00:00,440,458249,Zirkzee,16,4,55,0,0,0,0,,False,0,0,0,0,0,0,0,0,0,0,0.6,a,,,,0.0,0,42,607
2026-08-21T13:47:03+00:00,441,596047,Obi,16,4,45,0,0,0,0,,False,0,0,0,0,0,0,0,0,0,0,1.1,a,,,,0.0,0,0,0
2026-08-21T13:47:03+00:00,442,98747,Pope,17,1,50,0,0,0,0,,False,0,0,0,0,0,0,0,0,0,0,1.3,a,,,,0.0,0,96,2416
2026-08-21T13:47:03+00:00,443,81441,Gillespie,17,1,45,0,0,0,0,,False,0,0,0,0,0,0,0,0,0,0,0.0,a,,,,0.0,0,0,0
2026-08-21T13:47:03+00:00,444,554578,Jaouen,17,1,45,0,0,0,0,,False,0,0,0,0,0,0,0,0,0,0,0.0,a,,,,0.0,0,0,0
2026-08-21T13:47:03+00:00,445,465642,Thiaw,17,2,50,0,0,0,0,,False,0,0,0,0,0,0,0,0,0,0,1.7,a,,,,0.0,0,126,2963
2026-08-21T13:47:03+00:00,446,119471,Schär,17,2,50,0,0,0,0,,False,0,0,0,0,0,0,0,0,0,0,0.2,a,100,,2026-08-15T16:30:07.209742Z,0.0,0,51,1089
2026-08-21T13:47:03+00:00,447,220237,Botman,17,2,50,0,0,0,0,,False,0,0,0,0,0,0,0,0,0,0,0.4,a,,,,0.0,0,89,1834
2026-08-21T13:47:03+00:00,448,78916,Burn,17,2,50,0,0,0,0,,False,0,0,0,0,0,0,0,0,0,0,2.4,a,,,,0.0,0,93,2195
2026-08-21T13:47:03+00:00,449,487838,Hall,17,2,50,0,0,0,0,,False,0,0,0,0,0,0,0,0,0,0,3.5,a,,,,0.0,0,79,2176
2026-08-21T13:47:03+00:00,450,441191,Livramento,17,2,50,0,0,0,0,,False,0,0,0,0,0,0,0,0,0,0,0.1,i,0,Calf injury - Unknown return date,2026-07-23T12:01:23.753221Z,0.0,0,59,1326
2026-08-21T13:47:03+00:00,451,545477,A.Murphy,17,2,40,0,0,0,0,,False,0,0,0,0,0,0,0,0,0,0,0.2,u,0,Has joined FC Kaiserslautern on loan for the rest of the season,2026-08-12T14:05:29.224600Z,0.0,0,2,7
2026-08-21T13:47:03+00:00,453,201666,Barnes,17,3,60,0,0,0,0,,False,0,0,0,0,0,0,0,0,0,0,1.1,a,,,,0.0,0,106,1951
2026-08-21T13:47:03+00:00,454,449434,Elanga,17,3,60,0,0,0,0,,False,0,0,0,0,0,0,0,0,0,0,0.7,a,,,,0.0,0,48,1302
2026-08-21T13:47:03+00:00,456,232653,J.Ramsey,17,3,50,0,0,0,0,,False,0,0,0,0,0,0,0,0,0,0,0.4,a,,,,0.0,0,62,1441
2026-08-21T13:47:03+00:00,457,114243,J.Murphy,17,3,60,0,0,0,0,,False,0,0,0,0,0,0,0,0,0,0,0.2,a,,,,0.0,0,82,1606
2026-08-21T13:47:03+00:00,458,180974,Joelinton,17,3,55,0,0,0,0,,False,0,0,0,0,0,0,0,0,0,0,0.0,i,0,Unspecified injury - Unknown return date,2026-08-16T08:00:08.074045Z,0.0,0,73,1950
2026-08-21T13:47:03+00:00,459,547719,L.Miley,17,3,55,0,0,0,0,,False,0,0,0,0,0,0,0,0,0,0,0.0,a,100,,2026-07-23T12:01:23.785456Z,0.0,0,72,1493
2026-08-21T13:47:03+00:00,460,200089,Willock,17,3,50,0,0,0,0,,False,0,0,0,0,0,0,0,0,0,0,0.1,a,,,,0.0,0,38,972
2026-08-21T13:47:03+00:00,461,611665,Touré,17,3,60,0,0,0,0,,False,0,0,0,0,0,0,0,0,0,0,0.3,a,,,,0.0,0,0,0
2026-08-21T13:47:03+00:00,462,636852,Steur,17,3,50,0,0,0,0,,False,0,0,0,0,0,0,0,0,0,0,0.1,a,,,,0.0,0,0,0
2026-08-21T13:47:03+00:00,463,470313,Woltemade,17,4,60,0,0,0,0,,False,0,0,0,0,0,0,0,0,0,0,1.7,a,,,,0.0,0,108,1896
2026-08-21T13:47:03+00:00,464,216646,Wissa,17,4,60,0,0,0,0,,False,0,0,0,0,0,0,0,0,0,0,1.6,a,,,,0.0,0,27,517
2026-08-21T13:47:03+00:00,465,538207,Osula,17,4,60,0,0,0,0,,False,0,0,0,0,0,0,0,0,0,0,1.0,a,,,,0.0,0,76,805
2026-08-21T13:47:03+00:00,466,599303,Neave,17,4,45,0,0,0,0,,False,0,0,0,0,0,0,0,0,0,0,0.7,a,,,,0.0,0,1,13
2026-08-21T13:47:03+00:00,559,632794,Bamba,17,3,50,0,0,0,0,,False,0,0,0,0,0,0,0,0,0,0,0.1,a,,,,0.0,0,0,0
2026-08-21T13:47:03+00:00,567,470551,Horníček,17,1,50,0,0,0,0,,False,0,0,0,0,0,0,0,0,0,0,0.6,a,,,,0.0,0,0,0
2026-08-21T13:47:03+00:00,593,463726,Dedić,17,2,45,0,0,0,0,,False,0,0,0,0,0,0,0,0,0,0,0.2,a,,,,0.0,0,0,0
2026-08-21T13:47:03+00:00,467,85633,Sels,18,1,50,0,0,0,0,,False,0,0,0,0,0,0,0,0,0,0,1.6,a,,,,0.0,0,105,2667
2026-08-21T13:47:03+00:00,468,221389,John,18,1,45,0,0,0,0,,False,0,0,0,0,0,0,0,0,0,0,0.1,a,,,,0.0,0,11,437
2026-08-21T13:47:03+00:00,469,215136,N.Williams,18,2,50,0,0,0,0,,False,0,0,0,0,0,0,0,0,0,0,10.4,a,,,,0.0,0,128,3203
2026-08-21T13:47:03+00:00,470,485047,Morato,18,2,50,0,0,0,0,,False,0,0,0,0,0,0,0,0,0,0,0.0,a,,,,0.0,0,53,1340
2026-08-21T13:47:03+00:00,471,227444,Milenković,18,2,55,0,0,0,0,,False,0,0,0,0,0,0,0,0,0,0,2.0,a,,,,0.0,0,119,3375
2026-08-21T13:47:03+00:00,472,575476,Murillo,18,2,55,0,0,0,0,,False,0,0,0,0,0,0,0,0,0,0,1.5,a,100,,2026-07-23T12:01:23.801183Z,0.0,0,83,2130
2026-08-21T13:47:03+00:00,473,159506,Aina,18,2,45,0,0,0,0,,False,0,0,0,0,0,0,0,0,0,0,3.7,a,,,,0.0,0,67,1587
2026-08-21T13:47:03+00:00,474,575458,Jair Cunha,18,2,45,0,0,0,0,,False,0,0,0,0,0,0,0,0,0,0,0.2,a,,,,0.0,0,13,514
2026-08-21T13:47:03+00:00,475,500151,Savona,18,2,45,0,0,0,0,,False,0,0,0,0,0,0,0,0,0,0,0.0,i,0,Knee injury - Unknown return date,2026-07-23T12:01:23.816304Z,0.0,0,39,1025
2026-08-21T13:47:03+00:00,476,204822,O.Richards,18,2,40,0,0,0,0,,False,0,0,0,0,0,0,0,0,0,0,0.2,a,,,,0.0,0,0,0
2026-08-21T13:47:03+00:00,477,549067,Abbott,18,2,40,0,0,0,0,,False,0,0,0,0,0,0,0,0,0,0,0.3,a,,,,0.0,0,3,165
2026-08-21T13:47:03+00:00,478,470315,Netz,18,2,45,0,0,0,0,,False,0,0,0,0,0,0,0,0,0,0,0.0,a,,,,0.0,0,11,353
2026-08-21T13:47:03+00:00,479,538638,Bindon,18,2,40,0,0,0,0,,False,0,0,0,0,0,0,0,0,0,0,0.2,a,,,,0.0,0,0,0
2026-08-21T13:47:03+00:00,480,222531,Gibbs-White,18,3,80,0,0,0,0,,False,0,0,0,0,0,0,0,0,0,0,11.7,a,,,,0.0,0,188,3101
2026-08-21T13:47:03+00:00,482,209046,Hudson-Odoi,18,3,60,0,0,0,0,,False,0,0,0,0,0,0,0,0,0,0,0.3,a,100,,2026-07-23T12:01:23.832709Z,0.0,0,88,1838
2026-08-21T13:47:03+00:00,483,456512,Ndoye,18,3,55,0,0,0,0,,False,0,0,0,0,0,0,0,0,0,0,0.5,a,,,,0.0,0,50,1167
2026-08-21T13:47:03+00:00,484,503301,Hutchinson,18,3,55,0,0,0,0,,False,0,0,0,0,0,0,0,0,0,0,0.2,a,,,,0.0,0,82,1676
2026-08-21T13:47:03+00:00,485,476887,Bakwa,18,3,55,0,0,0,0,,False,0,0,0,0,0,0,0,0,0,0,0.0,a,,,,0.0,0,26,549
2026-08-21T13:47:03+00:00,486,432714,McAtee,18,3,55,0,0,0,0,,False,0,0,0,0,0,0,0,0,0,0,0.0,a,,,,0.0,0,17,288
2026-08-21T13:47:03+00:00,487,250199,Dominguez,18,3,50,0,0,0,0,,False,0,0,0,0,0,0,0,0,0,0,0.1,a,,,,0.0,0,48,1168
2026-08-21T13:47:03+00:00,488,210462,I.Sangaré,18,3,50,0,0,0,0,,False,0,0,0,0,0,0,0,0,0,0,1.2,a,,,,0.0,0,89,2073
2026-08-21T13:47:03+00:00,489,204968,Yates,18,3,45,0,0,0,0,,False,0,0,0,0,0,0,0,0,0,0,2.5,i,0,Unspecified injury - Unknown return date,2026-08-17T20:30:08.195072Z,0.0,0,30,602
2026-08-21T13:47:03+00:00,490,60689,Wood,18,4,60,0,0,0,0,,False,0,0,0,0,0,0,0,0,0,0,1.8,a,,,,0.0,0,41,896
2026-08-21T13:47:03+00:00,491,482973,Igor Jesus,18,4,60,0,0,0,0,,False,0,0,0,0,0,0,0,0,0,0,4.5,a,,,,0.0,0,114,2293
2026-08-21T13:47:03+00:00,493,465680,Kalimuendo,18,4,55,0,0,0,0,,False,0,0,0,0,0,0,0,0,0,0,0.0,a,,,,0.0,0,9,89
2026-08-21T13:47:03+00:00,558,204561,Schlager,18,3,50,0,0,0,0,,False,0,0,0,0,0,0,0,0,0,0,0.1,a,,,,0.0,0,0,0
2026-08-21T13:47:03+00:00,581,568420,Diomande,18,2,55,0,0,0,0,,False,0,0,0,0,0,0,0,0,0,0,0.7,a,,,,0.0,0,0,0
2026-08-21T13:47:03+00:00,590,428971,Benda,18,1,45,0,0,0,0,,False,0,0,0,0,0,0,0,0,0,0,0.1,a,,,,0.0,0,0,0
2026-08-21T13:47:03+00:00,112,469142,Van Hecke,19,2,50,0,0,0,0,,False,0,0,0,0,0,0,0,0,0,0,9.6,a,,,,0.0,0,148,3210
2026-08-21T13:47:03+00:00,455,432422,Tonali,19,3,55,0,0,0,0,,False,0,0,0,0,0,0,0,0,0,0,4.2,a,,,,0.0,0,81,2534
2026-08-21T13:47:03+00:00,494,184254,Vicario,19,1,45,0,0,0,0,,False,0,0,0,0,0,0,0,0,0,0,0.5,u,0,Has joined Juventus on loan for the rest of the season,2026-08-19T13:55:33.193962Z,0.0,0,90,2790
2026-08-21T13:47:03+00:00,495,214572,Austin,19,1,40,0,0,0,0,,False,0,0,0,0,0,0,0,0,0,0,0.8,a,,,,0.0,0,0,0
2026-08-21T13:47:03+00:00,496,485055,Kinsky,19,1,45,0,0,0,0,,False,0,0,0,0,0,0,0,0,0,0,23.9,a,,,,0.0,0,20,630
2026-08-21T13:47:03+00:00,497,67089,Dubravka,19,1,40,0,0,0,0,,False,0,0,0,0,0,0,0,0,0,0,20.2,a,,,,0.0,0,96,3150
2026-08-21T13:47:03+00:00,498,221466,Senesi,19,2,60,0,0,0,0,,False,0,0,0,0,0,0,0,0,0,0,8.3,a,,,,0.0,0,175,3288
2026-08-21T13:47:03+00:00,499,441164,Pedro Porro,19,2,55,0,0,0,0,,False,0,0,0,0,0,0,0,0,0,0,22.4,a,,,,0.0,0,117,2793
2026-08-21T13:47:03+00:00,500,221632,Romero,19,2,50,0,0,0,0,,False,0,0,0,0,0,0,0,0,0,0,0.3,u,0,Has joined Atletico Madrid permanently,2026-08-17T13:49:05.465401Z,0.0,0,91,1869
2026-08-21T13:47:03+00:00,501,135720,Danso,19,2,50,0,0,0,0,,False,0,0,0,0,0,0,0,0,0,0,0.2,a,,,,0.0,0,63,1489
2026-08-21T13:47:03+00:00,502,122798,Robertson,19,2,45,0,0,0,0,,False,0,0,0,0,0,0,0,0,0,0,3.7,a,,,,0.0,0,55,1165
2026-08-21T13:47:03+00:00,503,491279,Van de Ven,19,2,50,0,0,0,0,,False,0,0,0,0,0,0,0,0,0,0,7.2,a,,,,0.0,0,116,3041
2026-08-21T13:47:03+00:00,505,232859,Spence,19,2,45,0,0,0,0,,False,0,0,0,0,0,0,0,0,0,0,1.3,u,0,Has joined Internazionale permanently,2026-08-18T14:13:08.454214Z,0.0,0,78,2049
2026-08-21T13:47:03+00:00,506,487053,Udogie,19,2,45,0,0,0,0,,False,0,0,0,0,0,0,0,0,0,0,0.5,a,,,,0.0,0,29,1335
2026-08-21T13:47:03+00:00,507,548308,Phillips,19,2,45,0,0,0,0,,False,0,0,0,0,0,0,0,0,0,0,0.0,u,0,Has joined Middlesbrough permanently,2026-08-18T14:13:08.474144Z,0.0,0,0,0
2026-08-21T13:47:03+00:00,508,115556,Davies,19,2,40,0,0,0,0,,False,0,0,0,0,0,0,0,0,0,0,1.1,a,,,,0.0,0,10,136
2026-08-21T13:47:03+00:00,509,640419,Byfield,19,2,40,0,0,0,0,,False,0,0,0,0,0,0,0,0,0,0,0.1,a,,,,0.0,0,1,1
2026-08-21T13:47:03+00:00,510,499716,Rowswell,19,2,40,0,0,0,0,,False,0,0,0,0,0,0,0,0,0,0,0.1,a,,,,0.0,0,1,1
2026-08-21T13:47:03+00:00,511,616221,Souza,19,2,40,0,0,0,0,,False,0,0,0,0,0,0,0,0,0,0,0.3,a,,,,0.0,0,3,142
2026-08-21T13:47:03+00:00,512,460842,Kudus,19,3,65,0,0,0,0,,False,0,0,0,0,0,0,0,0,0,0,0.1,d,75,Thigh injury - 75% chance of playing,2026-07-23T12:01:23.848657Z,0.0,0,75,1535
2026-08-21T13:47:03+00:00,513,493362,Xavi,19,3,60,0,0,0,0,,False,0,0,0,0,0,0,0,0,0,0,0.0,i,0,Knee injury - Unknown return date,2026-07-23T12:01:23.864304Z,0.0,0,80,1747
2026-08-21T13:47:03+00:00,514,511499,Tel,19,3,60,0,0,0,0,,False,0,0,0,0,0,0,0,0,0,0,0.6,a,,,,0.0,0,78,1334
2026-08-21T13:47:03+00:00,515,172780,Maddison,19,3,65,0,0,0,0,,False,0,0,0,0,0,0,0,0,0,0,1.4,a,,,,0.0,0,3,34
2026-08-21T13:47:03+00:00,516,202993,Bentancur,19,3,55,0,0,0,0,,False,0,0,0,0,0,0,0,0,0,0,0.2,a,,,,0.0,0,86,1880
2026-08-21T13:47:03+00:00,517,550839,Odobert,19,3,55,0,0,0,0,,False,0,0,0,0,0,0,0,0,0,0,0.0,i,0,Knee injury - Unknown return date,2026-07-23T12:01:23.879434Z,0.0,0,46,972
2026-08-21T13:47:03+00:00,518,482442,P.M.Sarr,19,3,50,0,0,0,0,,False,0,0,0,0,0,0,0,0,0,0,0.4,a,,,,0.0,0,71,1388
2026-08-21T13:47:03+00:00,519,232787,Gallagher,19,3,55,0,0,0,0,,False,0,0,0,0,0,0,0,0,0,0,0.3,a,,,,0.0,0,44,1183
2026-08-21T13:47:03+00:00,520,570526,Bergvall,19,3,55,0,0,0,0,,False,0,0,0,0,0,0,0,0,0,0,0.2,a,,,,0.0,0,49,955
2026-08-21T13:47:03+00:00,521,445044,Kulusevski,19,3,65,0,0,0,0,,False,0,0,0,0,0,0,0,0,0,0,0.0,i,0,Knee injury - Unknown return date,2026-07-23T12:01:23.895175Z,0.0,0,0,0
2026-08-21T13:47:03+00:00,522,547701,Gray,19,3,50,0,0,0,0,,False,0,0,0,0,0,0,0,0,0,0,0.2,a,,,,0.0,0,61,1471
2026-08-21T13:47:03+00:00,523,499721,Moore,19,3,50,0,0,0,0,,False,0,0,0,0,0,0,0,0,0,0,0.2,a,,,,0.0,0,0,0
2026-08-21T13:47:03+00:00,524,499726,Olusesi,19,3,45,0,0,0,0,,False,0,0,0,0,0,0,0,0,0,0,0.9,a,,,,0.0,0,1,14
2026-08-21T13:47:03+00:00,525,551226,Fernandes,19,3,60,0,0,0,0,,False,0,0,0,0,0,0,0,0,0,0,2.0,a,,,,0.0,0,135,3017
2026-08-21T13:47:03+00:00,526,154566,Solanke,19,4,60,0,0,0,0,,False,0,0,0,0,0,0,0,0,0,0,1.5,a,,,,0.0,0,40,997
2026-08-21T13:47:03+00:00,527,212319,Richarlison,19,4,60,0,0,0,0,,False,0,0,0,0,0,0,0,0,0,0,3.1,a,,,,0.0,0,119,1954
2026-08-21T13:47:03+00:00,528,490145,Scarlett,19,4,45,0,0,0,0,,False,0,0,0,0,0,0,0,0,0,0,1.7,a,,,,0.0,0,2,7
2026-08-21T13:47:03+00:00,529,498016,Roefs,20,1,50,0,0,0,0,,False,0,0,0,0,0,0,0,0,0,0,4.5,a,,,,0.0,0,136,3150
2026-08-21T13:47:03+00:00,530,232571,Patterson,20,1,40,0,0,0,0,,False,0,0,0,0,0,0,0,0,0,0,0.2,u,0,Has joined Wrexham permanently,2026-08-12T14:08:03.064533Z,0.0,0,0,0
2026-08-21T13:47:03+00:00,531,515046,Ellborg,20,1,45,0,0,0,0,,False,0,0,0,0,0,0,0,0,0,0,0.1,a,,,,0.0,0,16,270
2026-08-21T13:47:03+00:00,532,223827,Ballard,20,2,50,0,0,0,0,,False,0,0,0,0,0,0,0,0,0,0,5.5,a,,,,0.0,0,116,2144
2026-08-21T13:47:03+00:00,533,200834,Mukiele,20,2,55,0,0,0,0,,False,0,0,0,0,0,0,0,0,0,0,2.6,a,100,,2026-08-09T08:30:05.954750Z,0.0,0,151,2784
2026-08-21T13:47:03+00:00,534,487676,Hume,20,2,45,0,0,0,0,,False,0,0,0,0,0,0,0,0,0,0,6.8,a,,,,0.0,0,110,3032
2026-08-21T13:47:03+00:00,535,201895,Alderete,20,2,50,0,0,0,0,,False,0,0,0,0,0,0,0,0,0,0,0.4,a,100,,2026-08-09T08:30:05.962393Z,0.0,0,125,2797
2026-08-21T13:47:03+00:00,536,434399,Reinildo,20,2,45,0,0,0,0,,False,0,0,0,0,0,0,0,0,0,0,0.5,a,,,,0.0,0,74,1966
2026-08-21T13:47:03+00:00,537,519634,Seelt,20,2,45,0,0,0,0,,False,0,0,0,0,0,0,0,0,0,0,0.0,a,,,,0.0,0,2,133
2026-08-21T13:47:03+00:00,538,477547,Hjelde,20,2,40,0,0,0,0,,False,0,0,0,0,0,0,0,0,0,0,0.1,u,0,Has joined KV Mechelen on loan for the rest of the season,2026-08-12T14:08:03.081789Z,0.0,0,0,0
2026-08-21T13:47:03+00:00,539,167512,O'Nien,20,2,40,0,0,0,0,,False,0,0,0,0,0,0,0,0,0,0,3.6,a,,,,0.0,0,26,565
2026-08-21T13:47:03+00:00,540,105717,Masuaku,20,2,40,0,0,0,0,,False,0,0,0,0,0,0,0,0,0,0,0.3,u,0,Has joined Konyaspor permanently,2026-08-12T14:08:03.097784Z,0.0,0,1,125
2026-08-21T13:47:03+00:00,541,93605,Meunier,20,2,45,0,0,0,0,,False,0,0,0,0,0,0,0,0,0,0,0.3,a,100,,2026-08-16T08:30:07.830062Z,0.0,0,0,0
2026-08-21T13:47:03+00:00,542,484420,E.Le Fée,20,3,60,0,0,0,0,,False,0,0,0,0,0,0,0,0,0,0,10.8,a,,,,0.0,0,147,2930
2026-08-21T13:47:03+00:00,543,547027,Diarra,20,3,55,0,0,0,0,,False,0,0,0,0,0,0,0,0,0,0,0.1,a,,,,0.0,0,65,1403
2026-08-21T13:47:03+00:00,544,84450,Xhaka,20,3,55,0,0,0,0,,False,0,0,0,0,0,0,0,0,0,0,4.5,a,,,,0.0,0,124,2901
2026-08-21T13:47:03+00:00,545,577669,Sadiki,20,3,50,0,0,0,0,,False,0,0,0,0,0,0,0,0,0,0,0.4,a,,,,0.0,0,80,2891
2026-08-21T13:47:03+00:00,546,535818,Adingra,20,3,50,0,0,0,0,,False,0,0,0,0,0,0,0,0,0,0,0.1,i,0,Ankle injury - Unknown return date,2026-08-20T14:00:08.416985Z,0.0,0,34,649
2026-08-21T13:47:03+00:00,547,461199,Mundle,20,3,50,0,0,0,0,,False,0,0,0,0,0,0,0,0,0,0,0.0,a,,,,0.0,0,14,399
2026-08-21T13:47:03+00:00,548,554197,Rigg,20,3,50,0,0,0,0,,False,0,0,0,0,0,0,0,0,0,0,0.1,a,,,,0.0,0,36,758
2026-08-21T13:47:03+00:00,549,549912,Talbi,20,3,55,0,0,0,0,,False,0,0,0,0,0,0,0,0,0,0,0.2,a,,,,0.0,0,83,1553
2026-08-21T13:47:03+00:00,550,699989,Jocelin.T,20,3,50,0,0,0,0,,False,0,0,0,0,0,0,0,0,0,0,0.0,a,,,,0.0,0,1,38
2026-08-21T13:47:03+00:00,551,536661,Angulo,20,3,50,0,0,0,0,,False,0,0,0,0,0,0,0,0,0,0,0.1,a,,,,0.0,0,13,401
2026-08-21T13:47:03+00:00,552,441264,Brobbey,20,4,60,0,0,0,0,,False,0,0,0,0,0,0,0,0,0,0,14.4,a,,,,0.0,0,92,1920
2026-08-21T13:47:03+00:00,553,437505,Isidor,20,4,55,0,0,0,0,,False,0,0,0,0,0,0,0,0,0,0,1.0,a,,,,0.0,0,74,1148
2026-08-21T18:49:13+00:00,1,154561,Raya,1,1,60,0,0,0,0,,False,0,0,0,0,0,0,433,317,433,317,37.5,a,,,,0.0,0,0,0
2026-08-21T18:49:13+00:00,2,109745,Arrizabalaga,1,1,50,0,0,0,0,,False,0,0,0,0,0,0,4,13,4,13,0.1,a,,,,0.0,0,0,0
2026-08-21T18:49:13+00:00,3,437495,Meslier,1,1,50,0,0,0,0,,False,0,0,0,0,0,0,3,5,3,5,0.0,a,,,,0.0,0,0,0
2026-08-21T18:49:13+00:00,4,226597,Gabriel,1,2,80,0,0,0,0,,False,0,0,0,0,0,0,375,299,375,299,29.7,a,,,,0.0,0,0,0
2026-08-21T18:49:13+00:00,5,445122,J.Timber,1,2,65,0,0,0,0,,False,0,0,0,0,0,0,5,28,5,28,0.1,i,0,Groin injury - Unknown return date,2026-07-23T12:01:23.272929Z,0.0,0,0,0
2026-08-21T18:49:13+00:00,6,462424,Saliba,1,2,60,0,0,0,0,,False,0,0,0,0,0,0,17,84,17,84,0.3,i,0,Back injury - Unknown return date,2026-07-23T12:01:23.289376Z,0.0,0,0,0
2026-08-21T18:49:13+00:00,7,499169,Lewis-Skelly,1,3,55,0,0,0,0,,False,0,0,0,0,0,0,178,47,178,47,0.6,a,,,,0.0,0,0,0
2026-08-21T18:49:13+00:00,8,466075,Calafiori,1,2,55,0,0,0,0,,False,0,0,0,0,0,0,2401,330,2401,330,39.7,a,,,,0.0,0,0,0
2026-08-21T18:49:13+00:00,9,448104,Hincapie,1,2,55,0,0,0,0,,False,0,0,0,0,0,0,126,374,126,374,1.9,a,,,,0.0,0,0,0
2026-08-21T18:49:13+00:00,10,198869,White,1,2,55,0,0,0,0,,False,0,0,0,0,0,0,297,160,297,160,4.5,a,100,,2026-07-23T12:01:23.305229Z,0.0,0,0,0
2026-08-21T18:49:13+00:00,11,500040,Mosquera,1,2,55,0,0,0,0,,False,0,0,0,0,0,0,402,259,402,259,6.4,a,,,,0.0,0,0,0
2026-08-21T18:49:13+00:00,12,223340,Saka,1,3,95,0,0,0,0,,False,0,0,0,0,0,0,199,144,199,144,9.2,a,,,,0.0,0,0,0
2026-08-21T18:49:13+00:00,13,204480,Rice,1,3,75,0,0,0,0,,False,0,0,0,0,0,0,529,357,529,357,18.0,a,,,,0.0,0,0,0
2026-08-21T18:49:13+00:00,14,232413,Eze,1,3,65,0,0,0,0,,False,0,0,0,0,0,0,93,201,93,201,2.1,a,,,,0.0,0,0,0
2026-08-21T18:49:13+00:00,15,184029,Ødegaard,1,3,65,0,0,0,0,,False,0,0,0,0,0,0,532,149,532,149,8.1,a,,,,0.0,0,0,0
2026-08-21T18:49:13+00:00,16,248857,Madueke,1,3,65,0,0,0,0,,False,0,0,0,0,0,0,16,51,16,51,0.3,a,,,,0.0,0,0,0
2026-08-21T18:49:13+00:00,17,195384,Merino,1,3,60,0,0,0,0,,False,0,0,0,0,0,0,47,80,47,80,0.7,a,,,,0.0,0,0,0
2026-08-21T18:49:13+00:00,18,444145,Martinelli,1,3,65,0,0,0,0,,False,0,0,0,0,0,0,22,50,22,50,0.2,a,,,,0.0,0,0,0
2026-08-21T18:49:13+00:00,19,481655,Zubimendi,1,3,55,0,0,0,0,,False,0,0,0,0,0,0,25,121,25,121,1.2,a,,,,0.0,0,0,0
2026-08-21T18:49:13+00:00,20,616077,Dowman,1,3,55,0,0,0,0,,False,0,0,0,0,0,0,6,14,6,14,0.1,a,,,,0.0,0,0,0
2026-08-21T18:49:13+00:00,22,499175,Nwaneri,1,3,55,0,0,0,0,,False,0,0,0,0,0,0,0,4,0,4,0.0,a,,,,0.0,0,0,0
2026-08-21T18:49:13+00:00,23,438098,Fábio Vieira,1,3,55,0,0,0,0,,False,0,0,0,0,0,0,1,0,1,0,0.0,a,,,,0.0,0,0,0
2026-08-21T18:49:13+00:00,24,200641,Nelson,1,3,55,0,0,0,0,,False,0,0,0,0,0,0,2,1,2,1,0.0,a,,,,0.0,0,0,0
2026-08-21T18:49:13+00:00,25,224117,Gyökeres,1,4,75,0,0,0,0,,False,0,0,0,0,0,0,157,1410,157,1410,9.2,a,,,,0.0,0,0,0
2026-08-21T18:49:13+00:00,26,219847,Havertz,1,4,75,0,0,0,0,,False,0,0,0,0,0,0,1115,151,1115,151,5.3,a,,,,0.0,0,0,0
2026-08-21T18:49:13+00:00,27,205651,G.Jesus,1,4,60,0,0,0,0,,False,0,0,0,0,0,0,29,56,29,56,0.4,a,,,,0.0,0,0,0
2026-08-21T18:49:13+00:00,31,199798,Konsa,1,2,45,0,0,0,0,,False,0,0,0,0,0,0,980,1715,980,1715,13.5,a,,,,0.0,0,0,0
2026-08-21T18:49:13+00:00,452,208706,Bruno G.,1,3,70,0,0,0,0,,False,0,0,0,0,0,0,25,1141,25,1141,4.4,d,75,Thigh injury - 75% chance of playing,2026-08-20T17:00:08.846118Z,0.0,0,0,0
2026-08-21T18:49:13+00:00,557,439509,Tzolis,1,3,65,0,0,0,0,,False,0,0,0,0,0,0,1132,140,1132,140,25.2,a,,,,0.0,0,0,0
2026-08-21T18:49:13+00:00,28,98980,Martinez,2,1,50,0,0,0,0,,False,0,0,0,0,0,0,114,163,114,163,4.4,a,,,,0.0,0,0,0
2026-08-21T18:49:13+00:00,29,72147,M.Bizot,2,1,45,0,0,0,0,,False,0,0,0,0,0,0,4,1,4,1,0.1,a,,,,0.0,0,0,0
2026-08-21T18:49:13+00:00,30,101188,Digne,2,2,45,0,0,0,0,,False,0,0,0,0,0,0,0,75,0,75,0.2,u,0,Has joined Paris Saint-Germain permanently,2026-08-10T14:03:30.089007Z,0.0,0,0,0
2026-08-21T18:49:13+00:00,32,199796,Cash,2,2,45,0,0,0,0,,False,0,0,0,0,0,0,802,134,802,134,8.9,a,,,,0.0,0,0,0
2026-08-21T18:49:13+00:00,33,149484,Mings,2,2,45,0,0,0,0,,False,0,0,0,0,0,0,85,9,85,9,0.3,a,,,,0.0,0,0,0
2026-08-21T18:49:13+00:00,34,244954,Pau,2,2,45,0,0,0,0,,False,0,0,0,0,0,0,57,16,57,16,0.4,a,,,,0.0,0,0,0
2026-08-21T18:49:13+00:00,35,515597,Bogarde,2,3,50,0,0,0,0,,False,0,0,0,0,0,0,10,5,10,5,0.1,a,,,,0.0,0,0,0
2026-08-21T18:49:13+00:00,36,441302,Maatsen,2,2,45,0,0,0,0,,False,0,0,0,0,0,0,49,18,49,18,0.8,a,,,,0.0,0,0,0
2026-08-21T18:49:13+00:00,37,184667,Lindelöf,2,2,45,0,0,0,0,,False,0,0,0,0,0,0,42,9,42,9,0.3,a,,,,0.0,0,0,0
2026-08-21T18:49:13+00:00,38,606798,A.García,2,2,40,0,0,0,0,,False,0,0,0,0,0,0,86,33,86,33,1.8,a,,,,0.0,0,0,0
2026-08-21T18:49:13+00:00,39,578545,Nedeljkovic,2,2,40,0,0,0,0,,False,0,0,0,0,0,0,0,92,0,92,0.3,u,0,Has joined Rangers on loan for the rest of the season,2026-08-19T13:56:46.385411Z,0.0,0,0,0
2026-08-21T18:49:13+00:00,41,195546,Buendía,2,3,60,0,0,0,0,,False,0,0,0,0,0,0,70,37,70,37,1.4,a,,,,0.0,0,0,0
2026-08-21T18:49:13+00:00,44,215711,Bailey,2,3,55,0,0,0,0,,False,0,0,0,0,0,0,13,12,13,12,0.1,a,,,,0.0,0,0,0
2026-08-21T18:49:13+00:00,45,122806,McGinn,2,3,55,0,0,0,0,,False,0,0,0,0,0,0,94,75,94,75,3.3,a,,,,0.0,0,0,0
2026-08-21T18:49:13+00:00,46,88894,Barkley,2,3,50,0,0,0,0,,False,0,0,0,0,0,0,29,6,29,6,0.2,a,,,,0.0,0,0,0
2026-08-21T18:49:13+00:00,47,226944,Kamara,2,3,50,0,0,0,0,,False,0,0,0,0,0,0,26,14,26,14,0.4,a,100,,2026-07-23T12:01:23.337269Z,0.0,0,0,0
2026-08-21T18:49:13+00:00,48,449871,Onana,2,3,50,0,0,0,0,,False,0,0,0,0,0,0,0,2,0,2,0.0,i,0,Knee injury - Unknown return date,2026-07-23T12:01:23.352497Z,0.0,0,0,0
2026-08-21T18:49:13+00:00,49,469247,Iling Jr,2,3,50,0,0,0,0,,False,0,0,0,0,0,0,0,4,0,4,0.0,u,0,Has joined Bolton Wanderers on loan for the rest of the season,2026-08-17T13:52:28.532616Z,0.0,0,0,0
2026-08-21T18:49:13+00:00,50,645618,Burrowes,2,3,45,0,0,0,0,,False,0,0,0,0,0,0,30,22,30,22,0.7,a,,,,0.0,0,0,0
2026-08-21T18:49:13+00:00,51,577285,George Hemmings,2,3,45,0,0,0,0,,False,0,0,0,0,0,0,30,15,30,15,0.7,a,,,,0.0,0,0,0
2026-08-21T18:49:13+00:00,52,653481,Alysson,2,3,50,0,0,0,0,,False,0,0,0,0,0,0,4,2,4,2,0.0,a,,,,0.0,0,0,0
2026-08-21T18:49:13+00:00,53,614071,Manzambi,2,3,60,0,0,0,0,,False,0,0,0,0,0,0,2,81,2,81,0.3,i,0,Knee injury - Unknown return date,2026-08-15T15:30:06.388335Z,0.0,0,0,0
2026-08-21T18:49:13+00:00,54,448089,Gomes,2,3,55,0,0,0,0,,False,0,0,0,0,0,0,1,16,1,16,0.1,i,0,Calf injury - Unknown return date,2026-08-15T16:00:07.546807Z,0.0,0,0,0
2026-08-21T18:49:13+00:00,55,178301,Watkins,2,4,80,0,0,0,0,,False,0,0,0,0,0,0,105,416,105,416,10.1,a,,,,0.0,0,0,0
2026-08-21T18:49:13+00:00,56,173879,Abraham,2,4,55,0,0,0,0,,False,0,0,0,0,0,0,5,15,5,15,0.1,d,75,Knock - 75% chance of playing,2026-08-15T16:00:07.558543Z,0.0,0,0,0
2026-08-21T18:49:13+00:00,160,493105,Garnacho,2,3,60,0,0,0,0,,False,0,0,0,0,0,0,31,34,31,34,0.6,a,,,,0.0,0,0,0
2026-08-21T18:49:13+00:00,582,690838,Madjo,2,4,55,0,0,0,0,,False,0,0,0,0,0,0,14,55,14,55,0.5,i,0,Unspecified injury - Unknown return date,2026-08-15T16:00:07.974271Z,0.0,0,0,0
2026-08-21T18:49:13+00:00,596,487992,Ruggeri,2,2,45,0,0,0,0,,False,0,0,0,0,0,0,12,8,12,8,0.1,a,,,,0.0,0,0,0
2026-08-21T18:49:13+00:00,597,433969,Suzuki,2,1,50,0,0,0,0,,False,0,0,0,0,0,0,50,19,50,19,0.7,a,,,,0.0,0,0,0
2026-08-21T18:49:13+00:00,57,457569,Petrović,3,1,45,0,0,0,0,,False,0,0,0,0,0,0,64,39,64,39,3.2,a,,,,0.0,0,0,0
2026-08-21T18:49:13+00:00,58,40383,Forster,3,1,40,0,0,0,0,,False,0,0,0,0,0,0,43,31,43,31,3.2,a,,,,0.0,0,0,0
2026-08-21T18:49:13+00:00,59,444172,Dennis,3,1,40,0,0,0,0,,False,0,0,0,0,0,0,12,3,12,3,0.2,a,,,,0.0,0,0,0
2026-08-21T18:49:13+00:00,60,463981,Hill,3,2,55,0,0,0,0,,False,0,0,0,0,0,0,78,33,78,33,0.8,a,,,,0.0,0,0,0
2026-08-21T18:49:13+00:00,61,494521,Truffert,3,2,55,0,0,0,0,,False,0,0,0,0,0,0,135,92,135,92,4.4,a,,,,0.0,0,0,0
2026-08-21T18:49:13+00:00,62,242882,Diakité,3,2,50,0,0,0,0,,False,0,0,0,0,0,0,34,5,34,5,0.2,a,,,,0.0,0,0,0
2026-08-21T18:49:13+00:00,63,620487,Milosavljević,3,2,50,0,0,0,0,,False,0,0,0,0,0,0,0,1,0,1,0.0,i,0,Unspecified injury - Unknown return date,2026-08-06T10:00:10.456051Z,0.0,0,0,0
2026-08-21T18:49:13+00:00,64,54469,Smith,3,2,45,0,0,0,0,,False,0,0,0,0,0,0,18,2,18,2,0.1,a,,,,0.0,0,0,0
2026-08-21T18:49:13+00:00,65,436893,J.Araujo,3,2,45,0,0,0,0,,False,0,0,0,0,0,0,1,5,1,5,0.0,i,0,Thigh injury - Unknown return date,2026-08-09T08:00:05.645826Z,0.0,0,0,0
2026-08-21T18:49:13+00:00,66,575901,Soler,3,2,40,0,0,0,0,,False,0,0,0,0,0,0,7,10,7,10,0.2,d,75,Hamstring injury - 75% chance of playing,2026-08-15T16:30:07.021055Z,0.0,0,0,0
2026-08-21T18:49:13+00:00,67,499604,Rayan,3,3,65,0,0,0,0,,False,0,0,0,0,0,0,83,58,83,58,2.7,a,,,,0.0,0,0,0
2026-08-21T18:49:13+00:00,68,201658,Tavernier,3,3,60,0,0,0,0,,False,0,0,0,0,0,0,27,27,27,27,1.6,a,,,,0.0,0,0,0
2026-08-21T18:49:13+00:00,69,503139,Scott,3,3,60,0,0,0,0,,False,0,0,0,0,0,0,52,33,52,33,1.5,a,,,,0.0,0,0,0
2026-08-21T18:49:13+00:00,70,222683,Kluivert,3,3,60,0,0,0,0,,False,0,0,0,0,0,0,53,29,53,29,1.1,a,,,,0.0,0,0,0
2026-08-21T18:49:13+00:00,71,155408,Cook,3,3,50,0,0,0,0,,False,0,0,0,0,0,0,18,5,18,5,0.1,a,,,,0.0,0,0,0
2026-08-21T18:49:13+00:00,72,496208,Gannon-Doak,3,3,50,0,0,0,0,,False,0,0,0,0,0,0,7,5,7,5,0.1,a,,,,0.0,0,0,0
2026-08-21T18:49:13+00:00,73,200785,Adams,3,3,50,0,0,0,0,,False,0,0,0,0,0,0,3,27,3,27,0.2,d,75,Unspecified injury - 75% chance of playing,2026-08-15T16:30:07.029928Z,0.0,0,0,0
2026-08-21T18:49:13+00:00,74,111317,Brooks,3,3,50,0,0,0,0,,False,0,0,0,0,0,0,1,8,1,8,0.1,d,75,Unspecified injury - 75% chance of playing,2026-08-15T16:30:07.037929Z,0.0,0,0,0
2026-08-21T18:49:13+00:00,75,158499,Christie,3,3,50,0,0,0,0,,False,0,0,0,0,0,0,0,0,0,0,0.0,s,0,Suspended until 29 Aug,2026-07-24T17:30:10.035483Z,0.0,0,0,0
2026-08-21T18:49:13+00:00,76,614574,Tóth.A,3,3,50,0,0,0,0,,False,0,0,0,0,0,0,0,0,0,0,0.0,a,,,,0.0,0,0,0
2026-08-21T18:49:13+00:00,77,489888,Adli,3,3,50,0,0,0,0,,False,0,0,0,0,0,0,0,8,0,8,0.0,i,0,Unspecified injury - Unknown return date,2026-08-15T16:00:07.590566Z,0.0,0,0,0
2026-08-21T18:49:13+00:00,78,560262,Kroupi.Jr,3,3,75,0,0,0,0,,False,0,0,0,0,0,0,4,124,4,124,0.5,i,0,Foot injury - Unknown return date,2026-07-29T17:30:09.796802Z,0.0,0,0,0
2026-08-21T18:49:13+00:00,79,444102,Evanilson,3,4,60,0,0,0,0,,False,0,0,0,0,0,0,91,62,91,62,2.3,a,,,,0.0,0,0,0
2026-08-21T18:49:13+00:00,80,168636,Enes Ünal,3,4,55,0,0,0,0,,False,0,0,0,0,0,0,0,15,0,15,0.0,u,0,Has joined Getafe permanently,2026-08-14T14:14:21.881112Z,0.0,0,0,0
2026-08-21T18:49:13+00:00,81,561245,Rodríguez,3,4,60,0,0,0,0,,False,0,0,0,0,0,0,1,12,1,12,0.1,d,75,Unspecified injury - 75% chance of playing,2026-08-15T16:30:07.054142Z,0.0,0,0,0
2026-08-21T18:49:13+00:00,566,483067,Silva,3,2,50,0,0,0,0,,False,0,0,0,0,0,0,23,8,23,8,0.3,a,,,,0.0,0,0,0
2026-08-21T18:49:13+00:00,573,494928,Sanchez,3,2,45,0,0,0,0,,False,0,0,0,0,0,0,5,4,5,4,0.2,a,,,,0.0,0,0,0
2026-08-21T18:49:13+00:00,82,200720,Kelleher,4,1,50,0,0,0,0,,False,0,0,0,0,0,0,73,58,73,58,5.8,a,,,,0.0,0,0,0
2026-08-21T18:49:13+00:00,83,507433,Valdimarsson,4,1,45,0,0,0,0,,False,0,0,0,0,0,0,4,1,4,1,0.1,a,,,,0.0,0,0,0
2026-08-21T18:49:13+00:00,84,432830,Collins,4,2,55,0,0,0,0,,False,0,0,0,0,0,0,70,41,70,41,1.8,a,,,,0.0,0,0,0
2026-08-21T18:49:13+00:00,85,444765,Van den Berg,4,2,50,0,0,0,0,,False,0,0,0,0,0,0,6,36,6,36,0.2,i,0,Groin injury - Unknown return date,2026-08-15T15:30:06.416627Z,0.0,0,0,0
2026-08-21T18:49:13+00:00,86,249231,Lewis-Potter,4,3,55,0,0,0,0,,False,0,0,0,0,0,0,6,15,6,15,0.4,a,,,,0.0,0,0,0
2026-08-21T18:49:13+00:00,87,191866,Ajer,4,2,45,0,0,0,0,,False,0,0,0,0,0,0,146,42,146,42,3.6,a,,,,0.0,0,0,0
2026-08-21T18:49:13+00:00,88,607464,Kayode,4,2,45,0,0,0,0,,False,0,0,0,0,0,0,147,32,147,32,3.2,a,,,,0.0,0,0,0
2026-08-21T18:49:13+00:00,89,194010,Henry,4,2,45,0,0,0,0,,False,0,0,0,0,0,0,7,7,7,7,0.3,a,,,,0.0,0,0,0
2026-08-21T18:49:13+00:00,90,472713,Hickey,4,2,45,0,0,0,0,,False,0,0,0,0,0,0,10,0,10,0,0.1,a,,,,0.0,0,0,0
2026-08-21T18:49:13+00:00,91,231065,Pinnock,4,2,45,0,0,0,0,,False,0,0,0,0,0,0,3,1,3,1,0.1,a,,,,0.0,0,0,0
2026-08-21T18:49:13+00:00,92,570241,Ji-soo,4,2,45,0,0,0,0,,False,0,0,0,0,0,0,1,0,1,0,0.0,a,,,,0.0,0,0,0
2026-08-21T18:49:13+00:00,93,513086,Schuster,4,2,45,0,0,0,0,,False,0,0,0,0,0,0,2,6,2,6,0.2,a,,,,0.0,0,0,0
2026-08-21T18:49:13+00:00,94,513418,Schade,4,3,60,0,0,0,0,,False,0,0,0,0,0,0,67,40,67,40,3.7,a,,,,0.0,0,0,0
2026-08-21T18:49:13+00:00,95,533463,O.Dango,4,3,65,0,0,0,0,,False,0,0,0,0,0,0,17,17,17,17,1.2,a,,,,0.0,0,0,0
2026-08-21T18:49:13+00:00,96,440089,Damsgaard,4,3,55,0,0,0,0,,False,0,0,0,0,0,0,16,10,16,10,0.6,a,,,,0.0,0,0,0
2026-08-21T18:49:13+00:00,97,207283,Jensen,4,3,55,0,0,0,0,,False,0,0,0,0,0,0,4,5,4,5,0.2,a,,,,0.0,0,0,0
2026-08-21T18:49:13+00:00,98,204580,Janelt,4,3,50,0,0,0,0,,False,0,0,0,0,0,0,5,0,5,0,0.1,a,,,,0.0,0,0,0
2026-08-21T18:49:13+00:00,99,543295,Milambo,4,3,50,0,0,0,0,,False,0,0,0,0,0,0,0,0,0,0,0.0,i,0,Knee injury - Unknown return date,2026-07-23T12:01:23.384798Z,0.0,0,0,0
2026-08-21T18:49:13+00:00,100,244858,Carvalho,4,3,50,0,0,0,0,,False,0,0,0,0,0,0,0,2,0,2,0.0,d,75,Lack of match fitness - 75% chance of playing,2026-08-18T13:58:17.442072Z,0.0,0,0,0
2026-08-21T18:49:13+00:00,102,508395,Yarmoliuk,4,3,50,0,0,0,0,,False,0,0,0,0,0,0,8,18,8,18,1.4,a,,,,0.0,0,0,0
2026-08-21T18:49:13+00:00,103,183656,Dasilva,4,3,50,0,0,0,0,,False,0,0,0,0,0,0,0,1,0,1,0.0,a,,,,0.0,0,0,0
2026-08-21T18:49:13+00:00,105,444180,Anthony,4,3,60,0,0,0,0,,False,0,0,0,0,0,0,5,7,5,7,0.2,a,,,,0.0,0,0,0
2026-08-21T18:49:13+00:00,106,502500,Thiago,4,4,80,0,0,0,0,,False,0,0,0,0,0,0,245,343,245,343,17.0,a,,,,0.0,0,0,0
2026-08-21T18:49:13+00:00,107,593174,Furo,4,4,45,0,0,0,0,,False,0,0,0,0,0,0,53,27,53,27,0.9,a,,,,0.0,0,0,0
2026-08-21T18:49:13+00:00,108,75115,Wilson,4,4,55,0,0,0,0,,False,0,0,0,0,0,0,34,11,34,11,0.3,a,,,,0.0,0,0,0
2026-08-21T18:49:13+00:00,565,513545,M.Sangaré,4,3,55,0,0,0,0,,False,0,0,0,0,0,0,59,33,59,33,3.3,a,,,,0.0,0,0,0
2026-08-21T18:49:13+00:00,109,489639,Verbruggen,5,1,45,0,0,0,0,,False,0,0,0,0,0,0,254,151,254,151,22.2,a,,,,0.0,0,0,0
2026-08-21T18:49:13+00:00,111,49262,Steele,5,1,40,0,0,0,0,,False,0,0,0,0,0,0,53,35,53,35,4.1,a,,,,0.0,0,0,0
2026-08-21T18:49:13+00:00,113,231416,F.Kadıoğlu,5,2,45,0,0,0,0,,False,0,0,0,0,0,0,82,52,82,52,3.0,a,,,,0.0,0,0,0
2026-08-21T18:49:13+00:00,114,204120,Boscagli,5,2,45,0,0,0,0,,False,0,0,0,0,0,0,7,7,7,7,0.2,a,,,,0.0,0,0,0
2026-08-21T18:49:13+00:00,115,465730,De Cuyper,5,2,45,0,0,0,0,,False,0,0,0,0,0,0,60,46,60,46,1.7,a,,,,0.0,0,0,0
2026-08-21T18:49:13+00:00,116,83299,Dunk,5,2,45,0,0,0,0,,False,0,0,0,0,0,0,80,17,80,17,1.0,a,,,,0.0,0,0,0
2026-08-21T18:49:13+00:00,117,550090,Coppola,5,2,45,0,0,0,0,,False,0,0,0,0,0,0,1,0,1,0,0.0,a,,,,0.0,0,0,0
2026-08-21T18:49:13+00:00,118,223434,Igor,5,2,45,0,0,0,0,,False,0,0,0,0,0,0,11,3,11,3,0.1,a,,,,0.0,0,0,0
2026-08-21T18:49:13+00:00,119,451490,Costinha,5,2,45,0,0,0,0,,False,0,0,0,0,0,0,1,0,1,0,0.0,a,,,,0.0,0,0,0
2026-08-21T18:49:13+00:00,120,454490,Svoboda,5,2,50,0,0,0,0,,False,0,0,0,0,0,0,4,1,4,1,0.0,a,,,,0.0,0,0,0
2026-08-21T18:49:13+00:00,121,451340,Mitoma,5,3,60,0,0,0,0,,False,0,0,0,0,0,0,2,13,2,13,0.0,i,0,Hamstring injury - Unknown return date,2026-07-24T18:30:10.661894Z,0.0,0,0,0
2026-08-21T18:49:13+00:00,122,592031,Minteh,5,3,60,0,0,0,0,,False,0,0,0,0,0,0,3,38,3,38,0.1,i,0,Leg injury - Expected back 28 Nov,2026-08-14T18:00:06.418033Z,0.0,0,0,0
2026-08-21T18:49:13+00:00,123,532529,Hinshelwood,5,3,60,0,0,0,0,,False,0,0,0,0,0,0,8,13,8,13,0.4,a,,,,0.0,0,0,0
2026-08-21T18:49:13+00:00,124,60307,Groß,5,3,55,0,0,0,0,,False,0,0,0,0,0,0,269,139,269,139,14.6,a,,,,0.0,0,0,0
2026-08-21T18:49:13+00:00,125,463067,Georginio,5,4,55,0,0,0,0,,False,0,0,0,0,0,0,22,18,22,18,0.9,a,,,,0.0,0,0,0
2026-08-21T18:49:13+00:00,126,219249,O'Riley,5,3,55,0,0,0,0,,False,0,0,0,0,0,0,7,7,7,7,0.1,a,,,,0.0,0,0,0
2026-08-21T18:49:13+00:00,127,514254,Gomez,5,3,50,0,0,0,0,,False,0,0,0,0,0,0,114,44,114,44,4.0,a,,,,0.0,0,0,0
2026-08-21T18:49:13+00:00,128,536916,Buonanotte,5,3,50,0,0,0,0,,False,0,0,0,0,0,0,0,2,0,2,0.0,u,0,Has joined Elche on loan for the rest of the season,2026-08-10T14:03:07.561436Z,0.0,0,0,0
2026-08-21T18:49:13+00:00,129,509416,Ayari,5,3,55,0,0,0,0,,False,0,0,0,0,0,0,26,22,26,22,0.7,a,,,,0.0,0,0,0
2026-08-21T18:49:13+00:00,130,467779,Wieffer,5,2,50,0,0,0,0,,False,0,0,0,0,0,0,7,8,7,8,0.3,a,,,,0.0,0,0,0
2026-08-21T18:49:13+00:00,131,535301,Baleba,5,3,50,0,0,0,0,,False,0,0,0,0,0,0,10,26,10,26,0.2,i,0,Ankle injury - Expected back 23 Aug,2026-08-06T16:00:10.997714Z,0.0,0,0,0
2026-08-21T18:49:13+00:00,132,597320,Howell,5,3,45,0,0,0,0,,False,0,0,0,0,0,0,0,14,0,14,0.1,u,0,Has joined Leicester City on loan for the rest of the season,2026-08-17T13:53:19.019938Z,0.0,0,0,0
2026-08-21T18:49:13+00:00,133,549074,Watson,5,3,50,0,0,0,0,,False,0,0,0,0,0,0,0,0,0,0,0.0,u,0,Has joined Leicester City on loan for the rest of the season,2026-08-03T14:05:44.459483Z,0.0,0,0,0
2026-08-21T18:49:13+00:00,134,556637,Oriola,5,3,45,0,0,0,0,,False,0,0,0,0,0,0,11,8,11,8,0.3,a,,,,0.0,0,0,0
2026-08-21T18:49:13+00:00,135,700308,Yohanna,5,3,50,0,0,0,0,,False,0,0,0,0,0,0,8,2,8,2,0.1,a,,,,0.0,0,0,0
2026-08-21T18:49:13+00:00,137,608181,Tzimas,5,4,55,0,0,0,0,,False,0,0,0,0,0,0,0,2,0,2,0.0,i,0,Knee injury - Unknown return date,2026-07-23T12:01:23.432796Z,0.0,0,0,0
2026-08-21T18:49:13+00:00,138,647850,Kostoulas,5,4,55,0,0,0,0,,False,0,0,0,0,0,0,4,9,4,9,0.2,a,,,,0.0,0,0,0
2026-08-21T18:49:13+00:00,139,487117,Ferguson,5,4,50,0,0,0,0,,False,0,0,0,0,0,0,6,10,6,10,0.0,i,0,Ankle injury - Expected back 10 Oct,2026-07-23T12:01:23.448357Z,0.0,0,0,0
2026-08-21T18:49:13+00:00,328,222694,Struijk,5,2,50,0,0,0,0,,False,0,0,0,0,0,0,12,5,12,5,0.2,a,100,,2026-08-15T20:30:07.523574Z,0.0,0,0,0
2026-08-21T18:49:13+00:00,504,610799,Vuskovic,5,2,50,0,0,0,0,,False,0,0,0,0,0,0,87,29,87,29,2.5,a,,,,0.0,0,0,0
2026-08-21T18:49:13+00:00,594,538007,David,5,4,60,0,0,0,0,,False,0,0,0,0,0,0,19,10,19,10,0.2,a,,,,0.0,0,0,0
2026-08-21T18:49:13+00:00,600,612855,Osman,5,3,50,0,0,0,0,,False,0,0,0,0,0,0,1,1,1,1,0.0,a,,,,0.0,0,0,0
2026-08-21T18:49:13+00:00,40,244850,Rogers,6,3,75,0,0,0,0,,False,0,0,0,0,0,0,347,324,347,324,24.4,a,,,,0.0,0,0,0
2026-08-21T18:49:13+00:00,101,56979,Henderson,6,3,50,0,0,0,0,,False,0,0,0,0,0,0,1,4,1,4,0.0,d,75,Wrist injury - 75% chance of playing,2026-08-09T09:30:07.136250Z,0.0,0,0,0
2026-08-21T18:49:13+00:00,136,50175,Welbeck,6,4,60,0,0,0,0,,False,0,0,0,0,0,0,3,182,3,182,1.2,d,75,Unspecified injury - 75% chance of playing,2026-08-20T14:00:07.949090Z,0.0,0,0,0
2026-08-21T18:49:13+00:00,140,215059,Sánchez,6,1,50,0,0,0,0,,False,0,0,0,0,0,0,41,62,41,62,2.3,a,,,,0.0,0,0,0
2026-08-21T18:49:13+00:00,141,508479,Jörgensen,6,1,50,0,0,0,0,,False,0,0,0,0,0,0,0,11,0,11,0.0,u,0,Has joined RC Strasbourg on loan for the rest of the season,2026-08-12T14:07:02.607115Z,0.0,0,0,0
2026-08-21T18:49:13+00:00,142,225796,James,6,2,55,0,0,0,0,,False,0,0,0,0,0,0,816,174,816,174,9.9,a,,,,0.0,0,0,0
2026-08-21T18:49:13+00:00,143,180736,Chalobah,6,2,55,0,0,0,0,,False,0,0,0,0,0,0,0,121,0,121,0.2,u,0,Has joined Como permanently,2026-08-10T14:03:50.769483Z,0.0,0,0,0
2026-08-21T18:49:13+00:00,144,482609,Gusto,6,2,50,0,0,0,0,,False,0,0,0,0,0,0,136,38,136,38,1.1,a,,,,0.0,0,0,0
2026-08-21T18:49:13+00:00,145,444463,Fofana,6,2,50,0,0,0,0,,False,0,0,0,0,0,0,1,3,1,3,0.0,s,0,Suspended until 6 Sep,2026-07-23T12:01:23.464591Z,0.0,0,0,0
2026-08-21T18:49:13+00:00,146,242880,B.Badiashile,6,2,45,0,0,0,0,,False,0,0,0,0,0,0,7,2,7,2,0.0,a,,,,0.0,0,0,0
2026-08-21T18:49:13+00:00,147,109646,Tosin,6,2,45,0,0,0,0,,False,0,0,0,0,0,0,4,6,4,6,0.2,a,,,,0.0,0,0,0
2026-08-21T18:49:13+00:00,148,551210,Hato,6,2,45,0,0,0,0,,False,0,0,0,0,0,0,11,11,11,11,0.5,a,,,,0.0,0,0,0
2026-08-21T18:49:13+00:00,149,460028,Colwill,6,2,50,0,0,0,0,,False,0,0,0,0,0,0,137,35,137,35,1.6,a,,,,0.0,0,0,0
2026-08-21T18:49:13+00:00,150,574458,M.Sarr,6,2,45,0,0,0,0,,False,0,0,0,0,0,0,9,6,9,6,0.1,a,,,,0.0,0,0,0
2026-08-21T18:49:13+00:00,151,577016,Acheampong,6,2,45,0,0,0,0,,False,0,0,0,0,0,0,14,13,14,13,0.3,a,,,,0.0,0,0,0
2026-08-21T18:49:13+00:00,152,620109,Palestra,6,2,55,0,0,0,0,,False,0,0,0,0,0,0,119,58,119,58,3.0,a,,,,0.0,0,0,0
2026-08-21T18:49:13+00:00,153,220362,Disasi,6,2,45,0,0,0,0,,False,0,0,0,0,0,0,8,3,8,3,0.1,a,,,,0.0,0,0,0
2026-08-21T18:49:13+00:00,154,244851,Palmer,6,3,95,0,0,0,0,,False,0,0,0,0,0,0,112,167,112,167,10.3,a,,,,0.0,0,0,0
2026-08-21T18:49:13+00:00,155,448047,Enzo,6,3,70,0,0,0,0,,False,0,0,0,0,0,0,194,180,194,180,5.0,a,,,,0.0,0,0,0
2026-08-21T18:49:13+00:00,156,247632,Neto,6,3,65,0,0,0,0,,False,0,0,0,0,0,0,49,51,49,51,1.3,a,,,,0.0,0,0,0
2026-08-21T18:49:13+00:00,157,624773,Estêvão,6,3,65,0,0,0,0,,False,0,0,0,0,0,0,72,79,72,79,1.2,a,,,,0.0,0,0,0
2026-08-21T18:49:13+00:00,158,463936,Gittens,6,3,60,0,0,0,0,,False,0,0,0,0,0,0,4,4,4,4,0.0,a,,,,0.0,0,0,0
2026-08-21T18:49:13+00:00,159,486672,Caicedo,6,3,55,0,0,0,0,,False,0,0,0,0,0,0,159,101,159,101,3.9,a,,,,0.0,0,0,0
2026-08-21T18:49:13+00:00,161,514356,Lavia,6,3,50,0,0,0,0,,False,0,0,0,0,0,0,7,2,7,2,0.1,a,,,,0.0,0,0,0
2026-08-21T18:49:13+00:00,163,491007,D.Essugo,6,3,45,0,0,0,0,,False,0,0,0,0,0,0,6,13,6,13,0.2,a,,,,0.0,0,0,0
2026-08-21T18:49:13+00:00,164,593117,Quenda,6,3,55,0,0,0,0,,False,0,0,0,0,0,0,1,3,1,3,0.0,a,100,,2026-07-24T20:30:10.609931Z,0.0,0,0,0
2026-08-21T18:49:13+00:00,165,475168,João Pedro,6,4,75,0,0,0,0,,False,0,0,0,0,0,0,742,250,742,250,64.6,a,,,,0.0,0,0,0
2026-08-21T18:49:13+00:00,166,517052,N.Jackson,6,4,65,0,0,0,0,,False,0,0,0,0,0,0,25,38,25,38,0.3,a,,,,0.0,0,0,0
2026-08-21T18:49:13+00:00,167,463034,Delap,6,4,55,0,0,0,0,,False,0,0,0,0,0,0,20,39,20,39,0.5,a,,,,0.0,0,0,0
2026-08-21T18:49:13+00:00,168,499309,Marc Guiu,6,4,50,0,0,0,0,,False,0,0,0,0,0,0,30,18,30,18,0.5,a,,,,0.0,0,0,0
2026-08-21T18:49:13+00:00,169,567119,Mheuka,6,4,45,0,0,0,0,,False,0,0,0,0,0,0,19,11,19,11,0.3,a,,,,0.0,0,0,0
2026-08-21T18:49:13+00:00,170,503037,Emegha,6,4,50,0,0,0,0,,False,0,0,0,0,0,0,17,5,17,5,0.1,a,100,,2026-07-24T20:30:10.622380Z,0.0,0,0,0
2026-08-21T18:49:13+00:00,200,437499,Lacroix,6,2,60,0,0,0,0,,False,0,0,0,0,0,0,244,217,244,217,8.9,a,,,,0.0,0,0,0
2026-08-21T18:49:13+00:00,560,549939,Penders,6,1,45,0,0,0,0,,False,0,0,0,0,0,0,4,3,4,3,0.1,a,,,,0.0,0,0,0
2026-08-21T18:49:13+00:00,561,622758,Anselmino,6,2,45,0,0,0,0,,False,0,0,0,0,0,0,2,1,2,1,0.0,a,,,,0.0,0,0,0
2026-08-21T18:49:13+00:00,568,543158,Barco,6,3,55,0,0,0,0,,False,0,0,0,0,0,0,3,12,3,12,0.1,a,,,,0.0,0,0,0
2026-08-21T18:49:13+00:00,578,465920,Mudryk,6,3,55,0,0,0,0,,False,0,0,0,0,0,0,1,4,1,4,0.0,a,,,,0.0,0,0,0
2026-08-21T18:49:13+00:00,583,498444,Chavarria,6,2,50,0,0,0,0,,False,0,0,0,0,0,0,14,10,14,10,0.2,a,,,,0.0,0,0,0
2026-08-21T18:49:13+00:00,104,428580,Onyeka,7,3,50,0,0,0,0,,False,0,0,0,0,0,0,17,5,17,5,0.1,a,,,,0.0,0,0,0
2026-08-21T18:49:13+00:00,110,472739,Rushworth,7,1,45,0,0,0,0,,False,0,0,0,0,0,0,41,13,41,13,1.1,a,,,,0.0,0,0,0
2026-08-21T18:49:13+00:00,171,484389,Dovin,7,1,40,0,0,0,0,,False,0,0,0,0,0,0,16,28,16,28,1.6,a,,,,0.0,0,0,0
2026-08-21T18:49:13+00:00,172,110690,Wilson,7,1,45,0,0,0,0,,False,0,0,0,0,0,0,4,21,4,21,0.5,a,,,,0.0,0,0,0
2026-08-21T18:49:13+00:00,173,461102,Thomas,7,2,40,0,0,0,0,,False,0,0,0,0,0,0,186,61,186,61,8.1,a,,,,0.0,0,0,0
2026-08-21T18:49:13+00:00,174,436761,Kitching,7,2,40,0,0,0,0,,False,0,0,0,0,0,0,6,22,6,22,0.7,a,,,,0.0,0,0,0
2026-08-21T18:49:13+00:00,175,451284,van Ewijk,7,2,40,0,0,0,0,,False,0,0,0,0,0,0,394,88,394,88,14.1,a,,,,0.0,0,0,0
2026-08-21T18:49:13+00:00,176,173878,Dasilva,7,2,40,0,0,0,0,,False,0,0,0,0,0,0,23,17,23,17,0.8,a,,,,0.0,0,0,0
2026-08-21T18:49:13+00:00,177,465390,Kesler-Hayden,7,2,40,0,0,0,0,,False,0,0,0,0,0,0,2,3,2,3,0.1,a,,,,0.0,0,0,0
2026-08-21T18:49:13+00:00,178,80178,Bidwell,7,2,40,0,0,0,0,,False,0,0,0,0,0,0,79,4,79,4,0.1,a,,,,0.0,0,0,0
2026-08-21T18:49:13+00:00,179,204813,Latibeaudiere,7,2,40,0,0,0,0,,False,0,0,0,0,0,0,1,1,1,1,0.0,a,,,,0.0,0,0,0
2026-08-21T18:49:13+00:00,180,220583,Woolfenden,7,2,40,0,0,0,0,,False,0,0,0,0,0,0,1,7,1,7,0.2,a,,,,0.0,0,0,0
2026-08-21T18:49:13+00:00,181,577411,Brau,7,2,40,0,0,0,0,,False,0,0,0,0,0,0,1,1,1,1,0.0,a,,,,0.0,0,0,0
2026-08-21T18:49:13+00:00,182,539142,Amenda,7,2,40,0,0,0,0,,False,0,0,0,0,0,0,21,18,21,18,0.9,a,,,,0.0,0,0,0
2026-08-21T18:49:13+00:00,183,480457,Rudoni,7,3,50,0,0,0,0,,False,0,0,0,0,0,0,14,11,14,11,0.1,a,100,,2026-07-23T12:01:23.481435Z,0.0,0,0,0
2026-08-21T18:49:13+00:00,184,168144,Grimes,7,3,50,0,0,0,0,,False,0,0,0,0,0,0,27,8,27,8,0.2,a,,,,0.0,0,0,0
2026-08-21T18:49:13+00:00,185,501459,Sakamoto,7,3,50,0,0,0,0,,False,0,0,0,0,0,0,8,8,8,8,0.1,a,,,,0.0,0,0,0
2026-08-21T18:49:13+00:00,186,241293,Mason-Clark,7,3,55,0,0,0,0,,False,0,0,0,0,0,0,7,13,7,13,0.1,a,100,,2026-08-19T18:00:08.310507Z,0.0,0,0,0
2026-08-21T18:49:13+00:00,187,439668,Eccles,7,3,50,0,0,0,0,,False,0,0,0,0,0,0,1,1,1,1,0.0,a,,,,0.0,0,0,0
2026-08-21T18:49:13+00:00,188,226965,Torp,7,3,55,0,0,0,0,,False,0,0,0,0,0,0,4,12,4,12,0.2,a,,,,0.0,0,0,0
2026-08-21T18:49:13+00:00,189,684268,Shepherd,7,3,45,0,0,0,0,,False,0,0,0,0,0,0,17,13,17,13,0.3,a,,,,0.0,0,0,0
2026-08-21T18:49:13+00:00,190,469272,Tchaouna,7,3,55,0,0,0,0,,False,0,0,0,0,0,0,14,4,14,4,0.1,a,,,,0.0,0,0,0
2026-08-21T18:49:13+00:00,191,492498,Borges Rodrigues,7,3,45,0,0,0,0,,False,0,0,0,0,0,0,7,5,7,5,0.2,a,,,,0.0,0,0,0
2026-08-21T18:49:13+00:00,192,629397,Andrews,7,3,45,0,0,0,0,,False,0,0,0,0,0,0,27,26,27,26,0.7,a,,,,0.0,0,0,0
2026-08-21T18:49:13+00:00,193,176412,Wright,7,4,55,0,0,0,0,,False,0,0,0,0,0,0,0,54,0,54,0.2,i,0,Thigh injury - Unknown return date,2026-08-14T22:00:07.214508Z,0.0,0,0,0
2026-08-21T18:49:13+00:00,194,230730,Thomas-Asante,7,4,50,0,0,0,0,,False,0,0,0,0,0,0,69,24,69,24,0.7,a,,,,0.0,0,0,0
2026-08-21T18:49:13+00:00,195,218997,Simms,7,4,50,0,0,0,0,,False,0,0,0,0,0,0,142,21,142,21,0.9,a,,,,0.0,0,0,0
2026-08-21T18:49:13+00:00,196,551262,Markelo,7,4,50,0,0,0,0,,False,0,0,0,0,0,0,0,13,0,13,0.0,u,0,Has joined Shabab Al-Ahli Dubai permanently,2026-08-17T13:53:55.791223Z,0.0,0,0,0
2026-08-21T18:49:13+00:00,197,549653,Bassette,7,4,45,0,0,0,0,,False,0,0,0,0,0,0,0,8,0,8,0.1,u,0,Has joined KVC Westerlo on loan for the rest of the season,2026-07-28T12:58:50.001768Z,0.0,0,0,0
2026-08-21T18:49:13+00:00,492,210156,Awoniyi,7,4,55,0,0,0,0,,False,0,0,0,0,0,0,50,48,50,48,0.9,a,,,,0.0,0,0,0
2026-08-21T18:49:13+00:00,575,661888,Yirenkyi,7,3,50,0,0,0,0,,False,0,0,0,0,0,0,36,4,36,4,0.3,a,,,,0.0,0,0,0
2026-08-21T18:49:13+00:00,584,196100,Hamer,7,3,55,0,0,0,0,,False,0,0,0,0,0,0,8,15,8,15,0.1,a,,,,0.0,0,0,0
2026-08-21T18:49:13+00:00,599,627221,Cherif,7,4,50,0,0,0,0,,False,0,0,0,0,0,0,18,13,18,13,0.1,a,,,,0.0,0,0,0
2026-08-21T18:49:13+00:00,42,485337,Guessand,8,3,55,0,0,0,0,,False,0,0,0,0,0,0,3,1,3,1,0.0,a,,,,0.0,0,0,0
2026-08-21T18:49:13+00:00,198,172649,Henderson,8,1,50,0,0,0,0,,False,0,0,0,0,0,0,10,213,10,213,1.9,d,75,Ankle injury - 75% chance of playing,2026-08-20T14:00:08.018379Z,0.0,0,0,0
2026-08-21T18:49:13+00:00,199,121709,Benitez,8,1,45,0,0,0,0,,False,0,0,0,0,0,0,8,3,8,3,0.1,a,,,,0.0,0,0,0
2026-08-21T18:49:13+00:00,201,247348,Muñoz,8,2,55,0,0,0,0,,False,0,0,0,0,0,0,378,168,378,168,9.8,a,,,,0.0,0,0,0
2026-08-21T18:49:13+00:00,202,427623,Richards,8,2,50,0,0,0,0,,False,0,0,0,0,0,0,28,7,28,7,0.7,a,,,,0.0,0,0,0
2026-08-21T18:49:13+00:00,203,651426,Canvot,8,2,50,0,0,0,0,,False,0,0,0,0,0,0,5,6,5,6,0.3,a,,,,0.0,0,0,0
2026-08-21T18:49:13+00:00,204,244723,Mitchell,8,2,45,0,0,0,0,,False,0,0,0,0,0,0,101,78,101,78,6.5,a,,,,0.0,0,0,0
2026-08-21T18:49:13+00:00,205,218364,Sosa,8,2,45,0,0,0,0,,False,0,0,0,0,0,0,1,1,1,1,0.0,a,,,,0.0,0,0,0
2026-08-21T18:49:13+00:00,206,515621,Chadi Riad,8,2,45,0,0,0,0,,False,0,0,0,0,0,0,13,5,13,5,0.1,a,,,,0.0,0,0,0
2026-08-21T18:49:13+00:00,207,242313,Mingueza,8,2,45,0,0,0,0,,False,0,0,0,0,0,0,1,4,1,4,0.1,a,,,,0.0,0,0,0
2026-08-21T18:49:13+00:00,208,232185,Sarr,8,3,65,0,0,0,0,,False,0,0,0,0,0,0,96,115,96,115,4.8,a,,,,0.0,0,0,0
2026-08-21T18:49:13+00:00,210,496221,Wharton,8,3,55,0,0,0,0,,False,0,0,0,0,0,0,24,21,24,21,0.8,a,100,,2026-07-23T12:01:23.498963Z,0.0,0,0,0
2026-08-21T18:49:13+00:00,211,488024,Yeremy,8,3,55,0,0,0,0,,False,0,0,0,0,0,0,3,6,3,6,0.2,a,,,,0.0,0,0,0
2026-08-21T18:49:13+00:00,212,108413,Hughes,8,3,45,0,0,0,0,,False,0,0,0,0,0,0,350,123,350,123,12.3,a,,,,0.0,0,0,0
2026-08-21T18:49:13+00:00,213,152551,Lerma,8,3,50,0,0,0,0,,False,0,0,0,0,0,0,7,3,7,3,0.1,a,,,,0.0,0,0,0
2026-08-21T18:49:13+00:00,214,209400,Kamada,8,3,50,0,0,0,0,,False,0,0,0,0,0,0,11,9,11,9,0.3,a,,,,0.0,0,0,0
2026-08-21T18:49:13+00:00,215,489706,Devenny,8,3,50,0,0,0,0,,False,0,0,0,0,0,0,0,0,0,0,0.0,a,,,,0.0,0,0,0
2026-08-21T18:49:13+00:00,216,606921,Esse,8,3,50,0,0,0,0,,False,0,0,0,0,0,0,4,2,4,2,0.0,a,,,,0.0,0,0,0
2026-08-21T18:49:13+00:00,217,536694,M.França,8,3,50,0,0,0,0,,False,0,0,0,0,0,0,1,0,1,0,0.0,a,,,,0.0,0,0,0
2026-08-21T18:49:13+00:00,218,438464,Doucouré,8,3,50,0,0,0,0,,False,0,0,0,0,0,0,6,0,6,0,0.1,a,,,,0.0,0,0,0
2026-08-21T18:49:13+00:00,219,450542,J.Rak-Sakyi,8,3,50,0,0,0,0,,False,0,0,0,0,0,0,0,1,0,1,0.0,a,,,,0.0,0,0,0
2026-08-21T18:49:13+00:00,220,590014,Cardines,8,2,45,0,0,0,0,,False,0,0,0,0,0,0,0,1,0,1,0.0,u,0,Has joined Bristol City on loan for the rest of the season,2026-08-12T14:08:46.501813Z,0.0,0,0,0
2026-08-21T18:49:13+00:00,221,672492,Drakes-Thomas,8,3,45,0,0,0,0,,False,0,0,0,0,0,0,10,2,10,2,0.1,a,,,,0.0,0,0,0
2026-08-21T18:49:13+00:00,222,247412,Strand Larsen,8,4,60,0,0,0,0,,False,0,0,0,0,0,0,10,15,10,15,0.6,a,,,,0.0,0,0,0
2026-08-21T18:49:13+00:00,223,231747,Mateta,8,4,65,0,0,0,0,,False,0,0,0,0,0,0,147,199,147,199,5.7,a,,,,0.0,0,0,0
2026-08-21T18:49:13+00:00,224,205533,Nketiah,8,4,55,0,0,0,0,,False,0,0,0,0,0,0,17,14,17,14,0.5,a,,,,0.0,0,0,0
2026-08-21T18:49:13+00:00,225,660392,Uche,8,4,50,0,0,0,0,,False,0,0,0,0,0,0,0,0,0,0,0.0,u,0,has returned to Getafe CF,2026-07-23T12:18:56.275922Z,0.0,0,0,0
2026-08-21T18:49:13+00:00,241,433154,McNeil,8,3,55,0,0,0,0,,False,0,0,0,0,0,0,2,6,2,6,0.2,a,,,,0.0,0,0,0
2026-08-21T18:49:13+00:00,555,169593,Matthews,8,1,40,0,0,0,0,,False,0,0,0,0,0,0,31,10,31,10,1.8,a,,,,0.0,0,0,0
2026-08-21T18:49:13+00:00,577,223723,Tomiyasu,8,2,45,0,0,0,0,,False,0,0,0,0,0,0,14,7,14,7,0.4,a,,,,0.0,0,0,0
2026-08-21T18:49:13+00:00,588,570794,Khalaili,8,2,50,0,0,0,0,,False,0,0,0,0,0,0,6,4,6,4,0.1,a,,,,0.0,0,0,0
2026-08-21T18:49:13+00:00,595,559152,Gozo,8,3,50,0,0,0,0,,False,0,0,0,0,0,0,3,0,3,0,0.0,a,,,,0.0,0,0,0
2026-08-21T18:49:13+00:00,21,128295,Nørgaard,9,3,50,0,0,0,0,,False,0,0,0,0,0,0,0,16,0,16,0.1,i,0,Unspecified injury - Unknown return date,2026-08-15T20:00:06.779594Z,0.0,0,0,0
2026-08-21T18:49:13+00:00,209,242898,Johnson,9,3,60,0,0,0,0,,False,0,0,0,0,0,0,4,12,4,12,0.2,a,,,,0.0,0,0,0
2026-08-21T18:49:13+00:00,226,111234,Pickford,9,1,55,0,0,0,0,,False,0,0,0,0,0,0,143,153,143,153,7.8,a,,,,0.0,0,0,0
2026-08-21T18:49:13+00:00,227,229600,Travers,9,1,50,0,0,0,0,,False,0,0,0,0,0,0,1,2,1,2,0.0,a,,,,0.0,0,0,0
2026-08-21T18:49:13+00:00,228,138001,King,9,1,45,0,0,0,0,,False,0,0,0,0,0,0,4,0,4,0,0.0,a,,,,0.0,0,0,0
2026-08-21T18:49:13+00:00,229,17761,Tarkowski,9,2,60,0,0,0,0,,False,0,0,0,0,0,0,158,174,158,174,8.6,a,,,,0.0,0,0,0
2026-08-21T18:49:13+00:00,230,480455,Branthwaite,9,2,55,0,0,0,0,,False,0,0,0,0,0,0,82,52,82,52,1.6,a,,,,0.0,0,0,0
2026-08-21T18:49:13+00:00,231,106611,Keane,9,2,50,0,0,0,0,,False,0,0,0,0,0,0,47,28,47,28,1.7,a,,,,0.0,0,0,0
2026-08-21T18:49:13+00:00,232,512462,O'Brien,9,2,50,0,0,0,0,,False,0,0,0,0,0,0,14,8,14,8,0.5,a,,,,0.0,0,0,0
2026-08-21T18:49:13+00:00,233,224967,Mykolenko,9,2,45,0,0,0,0,,False,0,0,0,0,0,0,33,40,33,40,1.5,a,,,,0.0,0,0,0
2026-08-21T18:49:13+00:00,234,243571,Patterson,9,2,45,0,0,0,0,,False,0,0,0,0,0,0,0,1,0,1,0.0,a,,,,0.0,0,0,0
2026-08-21T18:49:13+00:00,235,499300,Aznou,9,2,40,0,0,0,0,,False,0,0,0,0,0,0,7,4,7,4,0.2,a,,,,0.0,0,0,0
2026-08-21T18:49:13+00:00,236,215413,Dewsbury-Hall,9,3,65,0,0,0,0,,False,0,0,0,0,0,0,44,75,44,75,3.2,a,,,,0.0,0,0,0
2026-08-21T18:49:13+00:00,237,440993,Ndiaye,9,3,60,0,0,0,0,,False,0,0,0,0,0,0,258,211,258,211,16.0,a,,,,0.0,0,0,0
2026-08-21T18:49:13+00:00,239,232928,Garner,9,3,60,0,0,0,0,,False,0,0,0,0,0,0,3,23,3,23,0.1,d,25,Groin injury - 25% chance of playing,2026-07-25T14:30:10.455878Z,0.0,0,0,0
2026-08-21T18:49:13+00:00,240,490094,Iroegbunam,9,3,50,0,0,0,0,,False,0,0,0,0,0,0,0,1,0,1,0.0,i,0,Thigh injury - Unknown return date,2026-08-15T20:00:06.878792Z,0.0,0,0,0
2026-08-21T18:49:13+00:00,242,550615,George,9,3,55,0,0,0,0,,False,0,0,0,0,0,0,7,6,7,6,0.3,a,,,,0.0,0,0,0
2026-08-21T18:49:13+00:00,243,502697,Alcaraz,9,3,50,0,0,0,0,,False,0,0,0,0,0,0,8,4,8,4,0.1,a,,,,0.0,0,0,0
2026-08-21T18:49:13+00:00,244,609873,Armstrong,9,3,50,0,0,0,0,,False,0,0,0,0,0,0,5,2,5,2,0.1,a,,,,0.0,0,0,0
2026-08-21T18:49:13+00:00,245,496661,Dibling,9,3,55,0,0,0,0,,False,0,0,0,0,0,0,2,6,2,6,0.0,a,,,,0.0,0,0,0
2026-08-21T18:49:13+00:00,246,513466,Röhl,9,3,50,0,0,0,0,,False,0,0,0,0,0,0,1,1,1,1,0.1,a,,,,0.0,0,0,0
2026-08-21T18:49:13+00:00,247,244860,Hackney,9,3,55,0,0,0,0,,False,0,0,0,0,0,0,3,7,3,7,0.3,a,,,,0.0,0,0,0
2026-08-21T18:49:13+00:00,248,486385,Beto,9,4,55,0,0,0,0,,False,0,0,0,0,0,0,58,80,58,80,2.8,a,,,,0.0,0,0,0
2026-08-21T18:49:13+00:00,249,586309,Barry,9,4,55,0,0,0,0,,False,0,0,0,0,0,0,55,31,55,31,1.3,a,,,,0.0,0,0,0
2026-08-21T18:49:13+00:00,250,80201,Leno,10,1,45,0,0,0,0,,False,0,0,0,0,0,0,56,31,56,31,3.1,a,,,,0.0,0,0,0
2026-08-21T18:49:13+00:00,251,86873,Lecomte,10,1,40,0,0,0,0,,False,0,0,0,0,0,0,14,18,14,18,1.2,a,,,,0.0,0,0,0
2026-08-21T18:49:13+00:00,252,505079,McNally,10,1,40,0,0,0,0,,False,0,0,0,0,0,0,2,0,2,0,0.2,a,,,,0.0,0,0,0
2026-08-21T18:49:13+00:00,253,174874,Andersen,10,2,50,0,0,0,0,,False,0,0,0,0,0,0,1,3,1,3,0.0,s,0,Suspended until 30 Aug,2026-07-23T12:01:23.516350Z,0.0,0,0,0
2026-08-21T18:49:13+00:00,254,169528,Robinson,10,2,45,0,0,0,0,,False,0,0,0,0,0,0,93,22,93,22,1.7,a,,,,0.0,0,0,0
2026-08-21T18:49:13+00:00,255,246301,J.Cuenca,10,2,45,0,0,0,0,,False,0,0,0,0,0,0,2,1,2,1,0.0,a,,,,0.0,0,0,0
2026-08-21T18:49:13+00:00,256,167074,Tete,10,2,45,0,0,0,0,,False,0,0,0,0,0,0,6,13,6,13,0.3,a,,,,0.0,0,0,0
2026-08-21T18:49:13+00:00,257,232892,Bassey,10,2,45,0,0,0,0,,False,0,0,0,0,0,0,59,14,59,14,0.7,a,,,,0.0,0,0,0
2026-08-21T18:49:13+00:00,258,166477,Castagne,10,2,45,0,0,0,0,,False,0,0,0,0,0,0,5,7,5,7,0.3,a,,,,0.0,0,0,0
2026-08-21T18:49:13+00:00,261,153133,Iwobi,10,3,55,0,0,0,0,,False,0,0,0,0,0,0,23,20,23,20,1.0,a,,,,0.0,0,0,0
2026-08-21T18:49:13+00:00,262,209289,Smith Rowe,10,3,55,0,0,0,0,,False,0,0,0,0,0,0,10,10,10,10,0.4,a,,,,0.0,0,0,0
2026-08-21T18:49:13+00:00,263,560552,Kevin,10,3,55,0,0,0,0,,False,0,0,0,0,0,0,1,5,1,5,0.1,a,,,,0.0,0,0,0
2026-08-21T18:49:13+00:00,264,477555,Bobb,10,3,55,0,0,0,0,,False,0,0,0,0,0,0,7,10,7,10,0.3,a,,,,0.0,0,0,0
2026-08-21T18:49:13+00:00,265,207189,Berge,10,3,50,0,0,0,0,,False,0,0,0,0,0,0,15,5,15,5,0.4,a,,,,0.0,0,0,0
2026-08-21T18:49:13+00:00,266,76357,Cairney,10,3,50,0,0,0,0,,False,0,0,0,0,0,0,0,0,0,0,0.0,i,0,Knee injury - Expected back 10 Oct,2026-08-14T18:00:06.460944Z,0.0,0,0,0
2026-08-21T18:49:13+00:00,268,577725,King,10,3,55,0,0,0,0,,False,0,0,0,0,0,0,0,7,0,7,0.2,a,,,,0.0,0,0,0
2026-08-21T18:49:13+00:00,269,184349,Sessegnon,10,2,45,0,0,0,0,,False,0,0,0,0,0,0,12,6,12,6,0.4,a,,,,0.0,0,0,0
2026-08-21T18:49:13+00:00,270,153366,Reed,10,3,45,0,0,0,0,,False,0,0,0,0,0,0,138,29,138,29,1.6,a,,,,0.0,0,0,0
2026-08-21T18:49:13+00:00,271,244042,Muniz,10,4,55,0,0,0,0,,False,0,0,0,0,0,0,18,30,18,30,0.6,a,,,,0.0,0,0,0
2026-08-21T18:49:13+00:00,272,631786,Kusi-Asare,10,4,45,0,0,0,0,,False,0,0,0,0,0,0,172,98,172,98,7.5,a,,,,0.0,0,0,0
2026-08-21T18:49:13+00:00,569,551466,Gonzalo,10,4,60,0,0,0,0,,False,0,0,0,0,0,0,88,61,88,61,2.0,a,,,,0.0,0,0,0
2026-08-21T18:49:13+00:00,570,571779,Palacios,10,3,55,0,0,0,0,,False,0,0,0,0,0,0,6,7,6,7,0.2,a,,,,0.0,0,0,0
2026-08-21T18:49:13+00:00,580,463210,Charles,10,3,50,0,0,0,0,,False,0,0,0,0,0,0,3,6,3,6,0.1,a,,,,0.0,0,0,0
2026-08-21T18:49:13+00:00,273,167825,Phillips,11,1,40,0,0,0,0,,False,0,0,0,0,0,0,29,24,29,24,1.6,a,,,,0.0,0,0,0
2026-08-21T18:49:13+00:00,274,105666,Butland,11,1,45,0,0,0,0,,False,0,0,0,0,0,0,2,15,2,15,0.1,i,0,Arm injury - Unknown return date,2026-08-08T19:00:05.601633Z,0.0,0,0,0
2026-08-21T18:49:13+00:00,275,494950,Cartwright,11,1,40,0,0,0,0,,False,0,0,0,0,0,0,0,1,0,1,0.0,u,0,Has joined Grimsby Town on loan for the rest of the season,2026-07-29T13:00:27.959925Z,0.0,0,0,0
2026-08-21T18:49:13+00:00,276,444307,Lo-Tutala,11,1,40,0,0,0,0,,False,0,0,0,0,0,0,0,5,0,5,0.0,u,0,Has joined Colchester United on loan for the rest of the season,2026-08-17T13:50:27.125537Z,0.0,0,0,0
2026-08-21T18:49:13+00:00,277,108416,Egan,11,2,40,0,0,0,0,,False,0,0,0,0,0,0,35,29,35,29,1.5,a,,,,0.0,0,0,0
2026-08-21T18:49:13+00:00,278,501902,Hughes,11,2,40,0,0,0,0,,False,0,0,0,0,0,0,2,20,2,20,0.1,i,0,Groin injury - Unknown return date,2026-08-02T09:00:11.030017Z,0.0,0,0,0
2026-08-21T18:49:13+00:00,279,146426,Ajayi,11,2,40,0,0,0,0,,False,0,0,0,0,0,0,50,20,50,20,0.9,a,,,,0.0,0,0,0
2026-08-21T18:49:13+00:00,280,193278,Coyle,11,2,40,0,0,0,0,,False,0,0,0,0,0,0,8,15,8,15,0.7,a,,,,0.0,0,0,0
2026-08-21T18:49:13+00:00,281,433590,Drameh,11,2,40,0,0,0,0,,False,0,0,0,0,0,0,1,1,1,1,0.0,a,100,,2026-08-08T19:00:05.613036Z,0.0,0,0,0
2026-08-21T18:49:13+00:00,282,232351,Giles,11,2,40,0,0,0,0,,False,0,0,0,0,0,0,7,14,7,14,0.8,a,,,,0.0,0,0,0
2026-08-21T18:49:13+00:00,283,449428,Jacob,11,2,40,0,0,0,0,,False,0,0,0,0,0,0,1,6,1,6,0.0,i,0,Hip injury - Expected back 29 Aug,2026-08-02T09:00:11.038361Z,0.0,0,0,0
2026-08-21T18:49:13+00:00,284,661800,McCarthy,11,2,40,0,0,0,0,,False,0,0,0,0,0,0,1,3,1,3,0.1,a,,,,0.0,0,0,0
2026-08-21T18:49:13+00:00,285,160817,McNair,11,2,40,0,0,0,0,,False,0,0,0,0,0,0,2,2,2,2,0.1,a,,,,0.0,0,0,0
2026-08-21T18:49:13+00:00,286,540324,Belloumi,11,3,50,0,0,0,0,,False,0,0,0,0,0,0,23,11,23,11,0.5,a,,,,0.0,0,0,0
2026-08-21T18:49:13+00:00,287,232905,Millar,11,3,50,0,0,0,0,,False,0,0,0,0,0,0,1,3,1,3,0.1,a,,,,0.0,0,0,0
2026-08-21T18:49:13+00:00,288,171270,Dowell,11,3,45,0,0,0,0,,False,0,0,0,0,0,0,23,9,23,9,0.4,a,,,,0.0,0,0,0
2026-08-21T18:49:13+00:00,289,101282,Crooks,11,3,45,0,0,0,0,,False,0,0,0,0,0,0,49,15,49,15,0.7,a,,,,0.0,0,0,0
2026-08-21T18:49:13+00:00,290,243413,Slater,11,3,45,0,0,0,0,,False,0,0,0,0,0,0,118,50,118,50,3.1,a,,,,0.0,0,0,0
2026-08-21T18:49:13+00:00,291,465525,Matazo,11,3,45,0,0,0,0,,False,0,0,0,0,0,0,0,0,0,0,0.0,i,0,Knee injury - Unknown return date,2026-07-23T12:01:23.532635Z,0.0,0,0,0
2026-08-21T18:49:13+00:00,292,208481,Ömür,11,3,50,0,0,0,0,,False,0,0,0,0,0,0,2,2,2,2,0.0,a,,,,0.0,0,0,0
2026-08-21T18:49:13+00:00,293,490161,Kamara,11,3,50,0,0,0,0,,False,0,0,0,0,0,0,0,2,0,2,0.0,u,0,Has joined Portsmouth permanently,2026-08-12T14:08:23.542043Z,0.0,0,0,0
2026-08-21T18:49:13+00:00,294,553783,Zambrano,11,3,45,0,0,0,0,,False,0,0,0,0,0,0,2,24,2,24,0.1,i,0,Thigh injury - Unknown return date,2026-08-04T18:30:11.016909Z,0.0,0,0,0
2026-08-21T18:49:13+00:00,295,169432,McBurnie,11,4,55,0,0,0,0,,False,0,0,0,0,0,0,36,15,36,15,1.3,a,,,,0.0,0,0,0
2026-08-21T18:49:13+00:00,296,213292,Akintola,11,3,50,0,0,0,0,,False,0,0,0,0,0,0,10,0,10,0,0.0,a,,,,0.0,0,0,0
2026-08-21T18:49:13+00:00,297,470294,Gyabi,11,3,45,0,0,0,0,,False,0,0,0,0,0,0,1,2,1,2,0.0,i,0,Thigh injury - Unknown return date,2026-08-04T18:30:11.027155Z,0.0,0,0,0
2026-08-21T18:49:13+00:00,298,500957,Destan,11,4,45,0,0,0,0,,False,0,0,0,0,0,0,0,103,0,103,0.5,u,0,Has joined Konyaspor permanently,2026-08-17T13:50:27.145733Z,0.0,0,0,0
2026-08-21T18:49:13+00:00,299,534392,Burstow,11,4,45,0,0,0,0,,False,0,0,0,0,0,0,0,17,0,17,0.1,u,0,Has joined Sheffield Wednesday on loan for the rest of the season,2026-08-03T14:05:20.234842Z,0.0,0,0,0
2026-08-21T18:49:13+00:00,340,462635,Gelhardt,11,3,50,0,0,0,0,,False,0,0,0,0,0,0,0,3,0,3,0.0,i,0,Ankle injury - Expected back 5 Sep,2026-08-17T21:30:07.799839Z,0.0,0,0,0
2026-08-21T18:49:13+00:00,556,169359,Targett,11,2,40,0,0,0,0,,False,0,0,0,0,0,0,35,49,35,49,2.5,a,,,,0.0,0,0,0
2026-08-21T18:49:13+00:00,563,445028,Morita,11,3,50,0,0,0,0,,False,0,0,0,0,0,0,0,2,0,2,0.0,d,50,Calf injury - 50% chance of playing,2026-08-15T16:00:07.961518Z,0.0,0,0,0
2026-08-21T18:49:13+00:00,572,473284,Tzolakis,11,1,45,0,0,0,0,,False,0,0,0,0,0,0,4,28,4,28,0.5,a,,,,0.0,0,0,0
2026-08-21T18:49:13+00:00,574,552946,Hjertø-Dahl,11,3,50,0,0,0,0,,False,0,0,0,0,0,0,7,3,7,3,0.1,a,,,,0.0,0,0,0
2026-08-21T18:49:13+00:00,576,608227,Stroud,11,3,50,0,0,0,0,,False,0,0,0,0,0,0,1,4,1,4,0.1,a,,,,0.0,0,0,0
2026-08-21T18:49:13+00:00,585,597462,Herrington,11,2,40,0,0,0,0,,False,0,0,0,0,0,0,8,17,8,17,0.6,a,,,,0.0,0,0,0
2026-08-21T18:49:13+00:00,586,606930,Mendy,11,2,40,0,0,0,0,,False,0,0,0,0,0,0,24,32,24,32,1.0,a,,,,0.0,0,0,0
2026-08-21T18:49:13+00:00,589,469266,Gourna-Douath,11,3,50,0,0,0,0,,False,0,0,0,0,0,0,0,1,0,1,0.0,a,,,,0.0,0,0,0
2026-08-21T18:49:13+00:00,259,219924,Diop,12,2,40,0,0,0,0,,False,0,0,0,0,0,0,309,123,309,123,18.7,a,,,,0.0,0,0,0
2026-08-21T18:49:13+00:00,267,212314,Lukić,12,3,50,0,0,0,0,,False,0,0,0,0,0,0,0,3,0,3,0.1,a,,,,0.0,0,0,0
2026-08-21T18:49:13+00:00,300,108813,Walton,12,1,45,0,0,0,0,,False,0,0,0,0,0,0,3,18,3,18,0.5,a,,,,0.0,0,0,0
2026-08-21T18:49:13+00:00,301,112520,Palmer,12,1,40,0,0,0,0,,False,0,0,0,0,0,0,61,34,61,34,4.8,a,,,,0.0,0,0,0
2026-08-21T18:49:13+00:00,302,50093,Button,12,1,40,0,0,0,0,,False,0,0,0,0,0,0,11,2,11,2,0.5,a,,,,0.0,0,0,0
2026-08-21T18:49:13+00:00,303,183015,Kipré,12,2,40,0,0,0,0,,False,0,0,0,0,0,0,5,19,5,19,0.7,a,,,,0.0,0,0,0
2026-08-21T18:49:13+00:00,304,216616,O'Shea,12,2,40,0,0,0,0,,False,0,0,0,0,0,0,29,44,29,44,3.5,a,,,,0.0,0,0,0
2026-08-21T18:49:13+00:00,305,455084,Davis,12,2,40,0,0,0,0,,False,0,0,0,0,0,0,66,47,66,47,5.4,a,,,,0.0,0,0,0
2026-08-21T18:49:13+00:00,306,449429,Greaves,12,2,40,0,0,0,0,,False,0,0,0,0,0,0,17,27,17,27,1.5,a,,,,0.0,0,0,0
2026-08-21T18:49:13+00:00,307,222018,Johnson,12,2,40,0,0,0,0,,False,0,0,0,0,0,0,6,2,6,2,0.1,a,,,,0.0,0,0,0
2026-08-21T18:49:13+00:00,308,176420,Furlong,12,2,40,0,0,0,0,,False,0,0,0,0,0,0,4,14,4,14,0.6,a,,,,0.0,0,0,0
2026-08-21T18:49:13+00:00,309,501390,Núñez,12,3,50,0,0,0,0,,False,0,0,0,0,0,0,1,3,1,3,0.1,a,,,,0.0,0,0,0
2026-08-21T18:49:13+00:00,310,241117,Matusiwa,12,3,50,0,0,0,0,,False,0,0,0,0,0,0,0,0,0,0,0.0,i,0,Muscular injury - Unknown return date,2026-07-29T18:00:10.305484Z,0.0,0,0,0
2026-08-21T18:49:13+00:00,311,149929,Burns,12,3,50,0,0,0,0,,False,0,0,0,0,0,0,0,1,0,1,0.0,u,0,Has joined Leicester City permanently,2026-08-10T14:02:47.597478Z,0.0,0,0,0
2026-08-21T18:49:13+00:00,312,231899,Taylor,12,3,45,0,0,0,0,,False,0,0,0,0,0,0,0,5,0,5,0.1,i,0,Knee injury - Unknown return date,2026-07-29T18:00:10.319370Z,0.0,0,0,0
2026-08-21T18:49:13+00:00,313,443261,Clarke,12,3,55,0,0,0,0,,False,0,0,0,0,0,0,3,5,3,5,0.3,a,,,,0.0,0,0,0
2026-08-21T18:49:13+00:00,314,229164,Ogbene,12,3,50,0,0,0,0,,False,0,0,0,0,0,0,0,1,0,1,0.0,a,,,,0.0,0,0,0
2026-08-21T18:49:13+00:00,315,531442,Fatawu,12,3,55,0,0,0,0,,False,0,0,0,0,0,0,4,6,4,6,0.2,a,,,,0.0,0,0,0
2026-08-21T18:49:13+00:00,316,543968,Emersonn,12,4,55,0,0,0,0,,False,0,0,0,0,0,0,8,9,8,9,0.4,a,,,,0.0,0,0,0
2026-08-21T18:49:13+00:00,317,222625,Hirst,12,4,50,0,0,0,0,,False,0,0,0,0,0,0,0,135,0,135,0.3,u,0,Has joined Stoke City permanently,2026-08-21T13:06:08.606019Z,0.0,0,0,0
2026-08-21T18:49:13+00:00,318,481624,Philogene,12,3,55,0,0,0,0,,False,0,0,0,0,0,0,2,3,2,3,0.2,a,,,,0.0,0,0,0
2026-08-21T18:49:13+00:00,319,172453,Szmodics,12,3,50,0,0,0,0,,False,0,0,0,0,0,0,0,7,0,7,0.0,u,0,Has joined Derby County on loan for the rest of the season,2026-08-17T13:51:41.713979Z,0.0,0,0,0
2026-08-21T18:49:13+00:00,320,147675,Akpom,12,4,50,0,0,0,0,,False,0,0,0,0,0,0,44,25,44,25,0.5,a,,,,0.0,0,0,0
2026-08-21T18:49:13+00:00,321,557012,Walle Egeli,12,4,45,0,0,0,0,,False,0,0,0,0,0,0,82,56,82,56,2.2,a,,,,0.0,0,0,0
2026-08-21T18:49:13+00:00,322,462387,Al-Hamadi,12,4,50,0,0,0,0,,False,0,0,0,0,0,0,9,10,9,10,0.1,a,,,,0.0,0,0,0
2026-08-21T18:49:13+00:00,323,461587,McAteer,12,3,45,0,0,0,0,,False,0,0,0,0,0,0,45,32,45,32,1.5,a,,,,0.0,0,0,0
2026-08-21T18:49:13+00:00,324,232457,Mehmeti,12,3,50,0,0,0,0,,False,0,0,0,0,0,0,1,2,1,2,0.1,a,,,,0.0,0,0,0
2026-08-21T18:49:13+00:00,554,546600,Van Oevelen,12,1,45,0,0,0,0,,False,0,0,0,0,0,0,0,1,0,1,0.0,a,,,,0.0,0,0,0
2026-08-21T18:49:13+00:00,562,442967,Maeda,12,3,55,0,0,0,0,,False,0,0,0,0,0,0,5,8,5,8,0.4,a,,,,0.0,0,0,0
2026-08-21T18:49:13+00:00,564,240514,Scherpen,12,1,45,0,0,0,0,,False,0,0,0,0,0,0,5,13,5,13,0.6,a,,,,0.0,0,0,0
2026-08-21T18:49:13+00:00,571,216055,Florentino,12,3,50,0,0,0,0,,False,0,0,0,0,0,0,6,1,6,1,0.1,a,,,,0.0,0,0,0
2026-08-21T18:49:13+00:00,591,474120,Enciso,12,3,55,0,0,0,0,,False,0,0,0,0,0,0,7,8,7,8,0.3,a,,,,0.0,0,0,0
2026-08-21T18:49:13+00:00,592,572584,Ouattara,12,2,40,0,0,0,0,,False,0,0,0,0,0,0,46,22,46,22,1.0,a,,,,0.0,0,0,0
2026-08-21T18:49:13+00:00,260,153682,Wilson,13,3,65,0,0,0,0,,False,0,0,0,0,0,0,68,106,68,106,6.5,a,,,,0.0,0,0,0
2026-08-21T18:49:13+00:00,326,201595,Perri,13,1,45,0,0,0,0,,False,0,0,0,0,0,0,1,23,1,23,0.6,a,,,,0.0,0,0,0
2026-08-21T18:49:13+00:00,327,434752,Bijol,13,2,50,0,0,0,0,,False,0,0,0,0,0,0,17,12,17,12,0.3,a,,,,0.0,0,0,0
2026-08-21T18:49:13+00:00,329,214225,Rodon,13,2,45,0,0,0,0,,False,0,0,0,0,0,0,76,48,76,48,3.7,a,,,,0.0,0,0,0
2026-08-21T18:49:13+00:00,330,226182,Bogle,13,2,45,0,0,0,0,,False,0,0,0,0,0,0,17,9,17,9,0.5,a,,,,0.0,0,0,0
2026-08-21T18:49:13+00:00,331,243526,Gudmundsson,13,2,45,0,0,0,0,,False,0,0,0,0,0,0,1,6,1,6,0.1,i,0,Hamstring injury - Unknown return date,2026-08-08T20:00:07.546568Z,0.0,0,0,0
2026-08-21T18:49:13+00:00,332,220627,Justin,13,2,45,0,0,0,0,,False,0,0,0,0,0,0,10,13,10,13,0.6,a,,,,0.0,0,0,0
2026-08-21T18:49:13+00:00,333,437738,Bornauw,13,2,45,0,0,0,0,,False,0,0,0,0,0,0,0,3,0,3,0.0,u,0,Has joined Hamburg SV on loan for the rest of the season,2026-08-19T13:56:14.645970Z,0.0,0,0,0
2026-08-21T18:49:13+00:00,334,522047,Muharemović,13,2,50,0,0,0,0,,False,0,0,0,0,0,0,97,44,97,44,3.4,a,,,,0.0,0,0,0
2026-08-21T18:49:13+00:00,335,466525,Stach,13,3,60,0,0,0,0,,False,0,0,0,0,0,0,9,18,9,18,0.9,a,,,,0.0,0,0,0
2026-08-21T18:49:13+00:00,336,435997,Okafor,13,3,60,0,0,0,0,,False,0,0,0,0,0,0,18,17,18,17,0.5,a,,,,0.0,0,0,0
2026-08-21T18:49:13+00:00,337,427637,Aaronson,13,3,55,0,0,0,0,,False,0,0,0,0,0,0,9,17,9,17,1.0,a,,,,0.0,0,0,0
2026-08-21T18:49:13+00:00,338,199598,Ampadu,13,3,55,0,0,0,0,,False,0,0,0,0,0,0,19,28,19,28,1.5,a,,,,0.0,0,0,0
2026-08-21T18:49:13+00:00,339,180135,Longstaff,13,3,50,0,0,0,0,,False,0,0,0,0,0,0,7,4,7,4,0.1,a,,,,0.0,0,0,0
2026-08-21T18:49:13+00:00,341,492859,Gnonto,13,3,50,0,0,0,0,,False,0,0,0,0,0,0,0,9,0,9,0.0,i,0,Hamstring injury - Unknown return date,2026-08-17T20:30:08.092366Z,0.0,0,0,0
2026-08-21T18:49:13+00:00,342,221399,Harrison,13,3,50,0,0,0,0,,False,0,0,0,0,0,0,0,1,0,1,0.0,u,0,Has joined New England Revolution permanently,2026-07-28T12:59:09.492431Z,0.0,0,0,0
2026-08-21T18:49:13+00:00,343,200617,James,13,3,50,0,0,0,0,,False,0,0,0,0,0,0,6,0,6,0,0.1,a,,,,0.0,0,0,0
2026-08-21T18:49:13+00:00,344,486520,Gruev,13,3,50,0,0,0,0,,False,0,0,0,0,0,0,1,1,1,1,0.0,i,0,Knee injury - Unknown return date,2026-08-14T23:00:06.272027Z,0.0,0,0,0
2026-08-21T18:49:13+00:00,345,248056,Tanaka,13,3,50,0,0,0,0,,False,0,0,0,0,0,0,11,9,11,9,0.3,a,,,,0.0,0,0,0
2026-08-21T18:49:13+00:00,346,177815,Calvert-Lewin,13,4,60,0,0,0,0,,False,0,0,0,0,0,0,544,216,544,216,31.6,a,,,,0.0,0,0,0
2026-08-21T18:49:13+00:00,347,174594,Nmecha,13,4,55,0,0,0,0,,False,0,0,0,0,0,0,14,16,14,16,0.6,a,,,,0.0,0,0,0
2026-08-21T18:49:13+00:00,348,235826,Piroe,13,4,50,0,0,0,0,,False,0,0,0,0,0,0,0,70,0,70,0.2,u,0,Has joined West Ham United on loan for the rest of the season,2026-08-19T13:56:14.666726Z,0.0,0,0,0
2026-08-21T18:49:13+00:00,349,565297,Mateo Joseph,13,4,45,0,0,0,0,,False,0,0,0,0,0,0,4,9,4,9,0.1,i,0,Knee injury - Unknown return date,2026-07-29T18:00:10.338170Z,0.0,0,0,0
2026-08-21T18:49:13+00:00,385,432720,Trafford,13,1,50,0,0,0,0,,False,0,0,0,0,0,0,60,29,60,29,3.0,a,,,,0.0,0,0,0
2026-08-21T18:49:13+00:00,598,173774,Elvedi,13,2,45,0,0,0,0,,False,0,0,0,0,0,0,5,1,5,1,0.0,a,,,,0.0,0,0,0
2026-08-21T18:49:13+00:00,350,116535,A.Becker,14,1,55,0,0,0,0,,False,0,0,0,0,0,0,72,89,72,89,3.4,a,,,,0.0,0,0,0
2026-08-21T18:49:13+00:00,351,449027,Mamardashvili,14,1,50,0,0,0,0,,False,0,0,0,0,0,0,4,7,4,7,0.2,a,,,,0.0,0,0,0
2026-08-21T18:49:13+00:00,352,155503,Woodman,14,1,40,0,0,0,0,,False,0,0,0,0,0,0,12,23,12,23,1.1,a,,,,0.0,0,0,0
2026-08-21T18:49:13+00:00,353,586268,Pecsi,14,1,40,0,0,0,0,,False,0,0,0,0,0,0,0,7,0,7,0.0,u,0,Has joined TSV Hartberg on loan for the rest of the season,2026-08-18T14:11:18.638344Z,0.0,0,0,0
2026-08-21T18:49:13+00:00,354,432987,Jaros,14,1,40,0,0,0,0,,False,0,0,0,0,0,0,3,7,3,7,0.0,i,0,Knee injury - Unknown return date,2026-07-29T18:00:10.351066Z,0.0,0,0,0
2026-08-21T18:49:13+00:00,355,464353,Davies,14,1,40,0,0,0,0,,False,0,0,0,0,0,0,7,4,7,4,0.1,a,,,,0.0,0,0,0
2026-08-21T18:49:13+00:00,356,97032,Virgil,14,2,65,0,0,0,0,,False,0,0,0,0,0,0,489,191,489,191,18.8,a,,,,0.0,0,0,0
2026-08-21T18:49:13+00:00,357,216094,Frimpong,14,2,55,0,0,0,0,,False,0,0,0,0,0,0,281,73,281,73,3.4,a,,,,0.0,0,0,0
2026-08-21T18:49:13+00:00,358,544877,Kerkez,14,2,55,0,0,0,0,,False,0,0,0,0,0,0,183,87,183,87,3.7,a,,,,0.0,0,0,0
2026-08-21T18:49:13+00:00,359,171287,Gomez,14,2,50,0,0,0,0,,False,0,0,0,0,0,0,0,7,0,7,0.0,i,0,Muscular injury - Unknown return date,2026-07-26T08:30:10.078473Z,0.0,0,0,0
2026-08-21T18:49:13+00:00,360,492777,Bradley,14,2,50,0,0,0,0,,False,0,0,0,0,0,0,0,2,0,2,0.0,i,0,Knee injury - Unknown return date,2026-07-23T12:01:23.565711Z,0.0,0,0,0
2026-08-21T18:49:13+00:00,361,519440,Lucky,14,2,40,0,0,0,0,,False,0,0,0,0,0,0,9,6,9,6,0.1,a,,,,0.0,0,0,0
2026-08-21T18:49:13+00:00,362,606702,Jacquet,14,2,50,0,0,0,0,,False,0,0,0,0,0,0,126,39,126,39,2.3,a,100,,2026-07-23T12:01:23.581126Z,0.0,0,0,0
2026-08-21T18:49:13+00:00,363,647681,Leoni,14,2,40,0,0,0,0,,False,0,0,0,0,0,0,1,4,1,4,0.0,i,0,Knee injury - Unknown return date,2026-07-23T12:01:23.596909Z,0.0,0,0,0
2026-08-21T18:49:13+00:00,364,214285,Tsimikas,14,2,50,0,0,0,0,,False,0,0,0,0,0,0,4,6,4,6,0.1,a,,,,0.0,0,0,0
2026-08-21T18:49:13+00:00,365,489580,Ramsay,14,2,40,0,0,0,0,,False,0,0,0,0,0,0,11,9,11,9,0.2,a,,,,0.0,0,0,0
2026-08-21T18:49:13+00:00,366,494595,Wirtz,14,3,75,0,0,0,0,,False,0,0,0,0,0,0,190,229,190,229,12.6,a,,,,0.0,0,0,0
2026-08-21T18:49:13+00:00,367,243298,Gakpo,14,3,70,0,0,0,0,,False,0,0,0,0,0,0,85,88,85,88,3.5,a,,,,0.0,0,0,0
2026-08-21T18:49:13+00:00,368,424876,Szoboszlai,14,3,70,0,0,0,0,,False,0,0,0,0,0,0,706,276,706,276,41.8,a,,,,0.0,0,0,0
2026-08-21T18:49:13+00:00,369,611922,Ngumoha,14,3,60,0,0,0,0,,False,0,0,0,0,0,0,28,29,28,29,1.2,a,,,,0.0,0,0,0
2026-08-21T18:49:13+00:00,370,223541,Chiesa,14,3,55,0,0,0,0,,False,0,0,0,0,0,0,10,13,10,13,0.1,a,,,,0.0,0,0,0
2026-08-21T18:49:13+00:00,371,441266,Gravenberch,14,3,60,0,0,0,0,,False,0,0,0,0,0,0,48,73,48,73,1.9,a,,,,0.0,0,0,0
2026-08-21T18:49:13+00:00,372,243016,Mac Allister,14,3,55,0,0,0,0,,False,0,0,0,0,0,0,66,60,66,60,1.7,a,,,,0.0,0,0,0
2026-08-21T18:49:13+00:00,373,206915,C.Jones,14,3,55,0,0,0,0,,False,0,0,0,0,0,0,0,16,0,16,0.1,d,75,Hip injury - 75% chance of playing,2026-08-16T18:30:07.426408Z,0.0,0,0,0
2026-08-21T18:49:13+00:00,374,158983,Endo,14,3,50,0,0,0,0,,False,0,0,0,0,0,0,5,4,5,4,0.1,a,100,,2026-07-23T12:01:23.612529Z,0.0,0,0,0
2026-08-21T18:49:13+00:00,375,591386,Nyoni,14,3,50,0,0,0,0,,False,0,0,0,0,0,0,1,1,1,1,0.0,a,,,,0.0,0,0,0
2026-08-21T18:49:13+00:00,376,535928,Bajcetic,14,3,50,0,0,0,0,,False,0,0,0,0,0,0,0,1,0,1,0.0,i,0,Hamstring injury - Expected back 23 Aug,2026-07-23T12:01:23.628373Z,0.0,0,0,0
2026-08-21T18:49:13+00:00,377,551499,Munoz,14,3,65,0,0,0,0,,False,0,0,0,0,0,0,15,25,15,25,0.5,a,,,,0.0,0,0,0
2026-08-21T18:49:13+00:00,378,491501,McConnell,14,3,45,0,0,0,0,,False,0,0,0,0,0,0,14,15,14,15,0.3,a,,,,0.0,0,0,0
2026-08-21T18:49:13+00:00,379,219168,Isak,14,4,90,0,0,0,0,,False,0,0,0,0,0,0,215,252,215,252,16.8,a,,,,0.0,0,0,0
2026-08-21T18:49:13+00:00,380,510663,Ekitiké,14,4,75,0,0,0,0,,False,0,0,0,0,0,0,11,34,11,34,0.2,i,0,Achilles injury - Unknown return date,2026-07-23T12:01:23.643771Z,0.0,0,0,0
2026-08-21T18:49:13+00:00,381,514514,Koumas,14,3,50,0,0,0,0,,False,0,0,0,0,0,0,2,0,2,0,0.0,a,,,,0.0,0,0,0
2026-08-21T18:49:13+00:00,382,500058,Danns,14,4,45,0,0,0,0,,False,0,0,0,0,0,0,1,6,1,6,0.0,i,0,Unspecified injury - Unknown return date,2026-07-23T12:01:23.659279Z,0.0,0,0,0
2026-08-21T18:49:13+00:00,383,444884,Elliott,14,3,55,0,0,0,0,,False,0,0,0,0,0,0,3,3,3,3,0.1,a,,,,0.0,0,0,0
2026-08-21T18:49:13+00:00,579,445087,Araujo,14,2,55,0,0,0,0,,False,0,0,0,0,0,0,507,119,507,119,2.4,a,,,,0.0,0,0,0
2026-08-21T18:49:13+00:00,238,114283,Grealish,15,3,65,0,0,0,0,,False,0,0,0,0,0,0,8,11,8,11,0.2,a,100,,2026-07-29T10:00:10.492904Z,0.0,0,0,0
2026-08-21T18:49:13+00:00,384,204936,Donnarumma,15,1,55,0,0,0,0,,False,0,0,0,0,0,0,145,190,145,190,8.1,a,,,,0.0,0,0,0
2026-08-21T18:49:13+00:00,386,122074,Bettinelli,15,1,45,0,0,0,0,,False,0,0,0,0,0,0,0,3,0,3,0.0,a,,,,0.0,0,0,0
2026-08-21T18:49:13+00:00,387,472769,O'Reilly,15,2,65,0,0,0,0,,False,0,0,0,0,0,0,411,245,411,245,21.1,a,,,,0.0,0,0,0
2026-08-21T18:49:13+00:00,388,209036,Guéhi,15,2,60,0,0,0,0,,False,0,0,0,0,0,0,386,248,386,248,17.1,a,,,,0.0,0,0,0
2026-08-21T18:49:13+00:00,389,465351,Matheus N.,15,2,60,0,0,0,0,,False,0,0,0,0,0,0,35,60,35,60,1.4,a,100,,2026-08-16T18:30:07.457097Z,0.0,0,0,0
2026-08-21T18:49:13+00:00,390,171314,Rúben,15,2,55,0,0,0,0,,False,0,0,0,0,0,0,160,48,160,48,1.7,a,,,,0.0,0,0,0
2026-08-21T18:49:13+00:00,391,477424,Gvardiol,15,2,55,0,0,0,0,,False,0,0,0,0,0,0,767,175,767,175,11.0,a,,,,0.0,0,0,0
2026-08-21T18:49:13+00:00,392,448514,Aït-Nouri,15,2,55,0,0,0,0,,False,0,0,0,0,0,0,76,35,76,35,0.9,a,,,,0.0,0,0,0
2026-08-21T18:49:13+00:00,393,578153,Khusanov,15,2,55,0,0,0,0,,False,0,0,0,0,0,0,75,66,75,66,1.7,a,,,,0.0,0,0,0
2026-08-21T18:49:13+00:00,394,494307,Alleyne,15,2,50,0,0,0,0,,False,0,0,0,0,0,0,0,1,0,1,0.0,u,0,Has joined Burnley on loan for the rest of the season,2026-08-18T14:11:56.324656Z,0.0,0,0,0
2026-08-21T18:49:13+00:00,395,477064,Lewis,15,2,45,0,0,0,0,,False,0,0,0,0,0,0,27,5,27,5,0.2,a,,,,0.0,0,0,0
2026-08-21T18:49:13+00:00,396,616222,Vitor Reis,15,2,45,0,0,0,0,,False,0,0,0,0,0,0,1,0,1,0,0.0,a,,,,0.0,0,0,0
2026-08-21T18:49:13+00:00,397,437730,Semenyo,15,3,85,0,0,0,0,,False,0,0,0,0,0,0,256,253,256,253,26.4,a,,,,0.0,0,0,0
2026-08-21T18:49:13+00:00,398,209244,Foden,15,3,70,0,0,0,0,,False,0,0,0,0,0,0,121,130,121,130,4.3,a,,,,0.0,0,0,0
2026-08-21T18:49:13+00:00,399,466052,Cherki,15,3,75,0,0,0,0,,False,0,0,0,0,0,0,204,225,204,225,7.7,a,,,,0.0,0,0,0
2026-08-21T18:49:13+00:00,400,248875,Doku,15,3,75,0,0,0,0,,False,0,0,0,0,0,0,0,785,0,785,2.1,i,0,Calf injury - Expected back 5 Sep,2026-08-18T17:00:08.385597Z,0.0,0,0,0
2026-08-21T18:49:13+00:00,401,438234,Marmoush,15,4,70,0,0,0,0,,False,0,0,0,0,0,0,72,66,72,66,0.9,a,,,,0.0,0,0,0
2026-08-21T18:49:13+00:00,402,220566,Rodrigo,15,3,65,0,0,0,0,,False,0,0,0,0,0,0,0,14,0,14,0.0,u,0,Has joined Barcelona permanently,2026-07-23T12:01:23.675537Z,0.0,0,0,0
2026-08-21T18:49:13+00:00,403,510281,Savinho,15,3,65,0,0,0,0,,False,0,0,0,0,0,0,48,24,48,24,0.3,a,,,,0.0,0,0,0
2026-08-21T18:49:13+00:00,404,433036,Reijnders,15,3,60,0,0,0,0,,False,0,0,0,0,0,0,0,91,0,91,0.1,u,0,Has joined Al Qadsiah permanently,2026-08-20T14:02:58.154273Z,0.0,0,0,0
2026-08-21T18:49:13+00:00,405,465694,N.Gonzalez,15,3,55,0,0,0,0,,False,0,0,0,0,0,0,2,9,2,9,0.1,a,,,,0.0,0,0,0
2026-08-21T18:49:13+00:00,406,91651,Kovačić,15,3,55,0,0,0,0,,False,0,0,0,0,0,0,7,5,7,5,0.1,a,,,,0.0,0,0,0
2026-08-21T18:49:13+00:00,407,575204,Echeverri,15,3,50,0,0,0,0,,False,0,0,0,0,0,0,0,0,0,0,0.0,a,,,,0.0,0,0,0
2026-08-21T18:49:13+00:00,408,155405,Phillips,15,3,50,0,0,0,0,,False,0,0,0,0,0,0,0,5,0,5,0.0,u,0,Has joined Sheffield United on loan for the rest of the season,2026-08-18T14:11:56.348781Z,0.0,0,0,0
2026-08-21T18:49:13+00:00,409,590039,Mukasa,15,3,45,0,0,0,0,,False,0,0,0,0,0,0,12,11,12,11,0.2,a,,,,0.0,0,0,0
2026-08-21T18:49:13+00:00,410,649208,Monga,15,3,50,0,0,0,0,,False,0,0,0,0,0,0,0,1,0,1,0.0,a,,,,0.0,0,0,0
2026-08-21T18:49:13+00:00,411,223094,Haaland,15,4,155,0,0,0,0,,False,0,0,0,0,0,0,367,127,367,127,69.6,a,,,,0.0,0,0,0
2026-08-21T18:49:13+00:00,481,215379,Anderson,15,3,65,0,0,0,0,,False,0,0,0,0,0,0,162,227,162,227,7.9,a,,,,0.0,0,0,0
2026-08-21T18:49:13+00:00,587,106921,Rulli,15,1,50,0,0,0,0,,False,0,0,0,0,0,0,1,1,1,1,0.0,a,,,,0.0,0,0,0
2026-08-21T18:49:13+00:00,43,166989,Tielemans,16,3,60,0,0,0,0,,False,0,0,0,0,0,0,131,63,131,63,2.5,a,100,,2026-07-23T12:01:23.321726Z,0.0,0,0,0
2026-08-21T18:49:13+00:00,162,532605,Andrey Santos,16,3,50,0,0,0,0,,False,0,0,0,0,0,0,64,49,64,49,1.1,a,,,,0.0,0,0,0
2026-08-21T18:49:13+00:00,325,59735,Darlow,16,1,45,0,0,0,0,,False,0,0,0,0,0,0,0,2,0,2,0.0,d,75,Unspecified injury - 75% chance of playing,2026-07-23T12:01:23.549136Z,0.0,0,0,0
2026-08-21T18:49:13+00:00,412,465247,Lammens,16,1,50,0,0,0,0,,False,0,0,0,0,0,0,227,189,227,189,16.8,a,,,,0.0,0,0,0
2026-08-21T18:49:13+00:00,413,451302,Bayindir,16,1,45,0,0,0,0,,False,0,0,0,0,0,0,0,5,0,5,0.0,u,0,Has joined Celta Vigo on loan for the rest of the season,2026-08-10T14:02:28.608415Z,0.0,0,0,0
2026-08-21T18:49:13+00:00,414,21205,Heaton,16,1,40,0,0,0,0,,False,0,0,0,0,0,0,4,14,4,14,0.1,i,0,Hamstring injury - Unknown return date,2026-08-15T16:00:07.854151Z,0.0,0,0,0
2026-08-21T18:49:13+00:00,415,596777,Dorgu,16,3,60,0,0,0,0,,False,0,0,0,0,0,0,36,54,36,54,1.4,a,,,,0.0,0,0,0
2026-08-21T18:49:13+00:00,416,209365,De Ligt,16,2,50,0,0,0,0,,False,0,0,0,0,0,0,1,8,1,8,0.0,i,0,Back injury - Unknown return date,2026-07-23T12:01:23.690880Z,0.0,0,0,0
2026-08-21T18:49:13+00:00,417,216051,Dalot,16,2,50,0,0,0,0,,False,0,0,0,0,0,0,155,54,155,54,2.8,a,,,,0.0,0,0,0
2026-08-21T18:49:13+00:00,418,95658,Maguire,16,2,50,0,0,0,0,,False,0,0,0,0,0,0,693,153,693,153,18.5,a,,,,0.0,0,0,0
2026-08-21T18:49:13+00:00,419,221820,Martinez,16,2,50,0,0,0,0,,False,0,0,0,0,0,0,186,52,186,52,1.3,a,100,,2026-07-24T20:00:10.337107Z,0.0,0,0,0
2026-08-21T18:49:13+00:00,420,550864,Yoro,16,2,50,0,0,0,0,,False,0,0,0,0,0,0,43,23,43,23,0.7,a,,,,0.0,0,0,0
2026-08-21T18:49:13+00:00,421,606745,Heaven,16,2,45,0,0,0,0,,False,0,0,0,0,0,0,23,18,23,18,0.4,a,,,,0.0,0,0,0
2026-08-21T18:49:13+00:00,422,230001,Mazraoui,16,2,45,0,0,0,0,,False,0,0,0,0,0,0,51,15,51,15,0.6,a,,,,0.0,0,0,0
2026-08-21T18:49:13+00:00,423,106760,Shaw,16,2,45,0,0,0,0,,False,0,0,0,0,0,0,596,167,596,167,21.8,a,,,,0.0,0,0,0
2026-08-21T18:49:13+00:00,424,577974,Amass,16,2,40,0,0,0,0,,False,0,0,0,0,0,0,9,6,9,6,0.2,a,,,,0.0,0,0,0
2026-08-21T18:49:13+00:00,425,547676,Fredricson,16,2,40,0,0,0,0,,False,0,0,0,0,0,0,0,10,0,10,0.0,u,0,Has joined Lausanne-Sport permanently,2026-08-18T14:12:31.904433Z,0.0,0,0,0
2026-08-21T18:49:13+00:00,426,141746,B.Fernandes,16,3,120,0,0,0,0,,False,0,0,0,0,0,0,306,149,306,149,52.1,a,,,,0.0,0,0,0
2026-08-21T18:49:13+00:00,427,446008,Mbeumo,16,3,80,0,0,0,0,,False,0,0,0,0,0,0,483,186,483,186,39.1,a,,,,0.0,0,0,0
2026-08-21T18:49:13+00:00,428,430871,Cunha,16,3,80,0,0,0,0,,False,0,0,0,0,0,0,138,213,138,213,10.1,a,,,,0.0,0,0,0
2026-08-21T18:49:13+00:00,429,176297,Rashford,16,3,70,0,0,0,0,,False,0,0,0,0,0,0,87,46,87,46,1.5,a,,,,0.0,0,0,0
2026-08-21T18:49:13+00:00,430,184341,Mount,16,3,55,0,0,0,0,,False,0,0,0,0,0,0,1,14,1,14,0.0,d,50,Foot injury - 50% chance of playing,2026-08-15T16:00:07.879135Z,0.0,0,0,0
2026-08-21T18:49:13+00:00,431,493250,Amad,16,3,60,0,0,0,0,,False,0,0,0,0,0,0,86,62,86,62,1.6,a,,,,0.0,0,0,0
2026-08-21T18:49:13+00:00,432,516895,Mainoo,16,3,55,0,0,0,0,,False,0,0,0,0,0,0,27,38,27,38,1.0,a,,,,0.0,0,0,0
2026-08-21T18:49:13+00:00,433,232112,Ugarte,16,3,50,0,0,0,0,,False,0,0,0,0,0,0,0,2,0,2,0.0,i,0,Knee injury - Unknown return date,2026-07-23T12:01:23.706702Z,0.0,0,0,0
2026-08-21T18:49:13+00:00,434,547037,J.Fletcher,16,3,50,0,0,0,0,,False,0,0,0,0,0,0,0,0,0,0,0.0,a,,,,0.0,0,0,0
2026-08-21T18:49:13+00:00,435,576628,Lacey,16,3,50,0,0,0,0,,False,0,0,0,0,0,0,3,5,3,5,0.0,a,,,,0.0,0,0,0
2026-08-21T18:49:13+00:00,436,490881,Collyer,16,3,50,0,0,0,0,,False,0,0,0,0,0,0,0,1,0,1,0.0,a,,,,0.0,0,0,0
2026-08-21T18:49:13+00:00,437,576620,Bendito Mantato,16,3,45,0,0,0,0,,False,0,0,0,0,0,0,22,10,22,10,0.2,a,,,,0.0,0,0,0
2026-08-21T18:49:13+00:00,438,519913,Fletcher,16,3,45,0,0,0,0,,False,0,0,0,0,0,0,18,18,18,18,0.4,a,,,,0.0,0,0,0
2026-08-21T18:49:13+00:00,439,485711,Šeško,16,4,70,0,0,0,0,,False,0,0,0,0,0,0,42,67,42,67,1.3,d,75,Shin injury - 75% chance of playing,2026-07-23T12:01:23.722029Z,0.0,0,0,0
2026-08-21T18:49:13+00:00,440,458249,Zirkzee,16,4,55,0,0,0,0,,False,0,0,0,0,0,0,22,36,22,36,0.6,a,,,,0.0,0,0,0
2026-08-21T18:49:13+00:00,441,596047,Obi,16,4,45,0,0,0,0,,False,0,0,0,0,0,0,37,53,37,53,1.1,a,,,,0.0,0,0,0
2026-08-21T18:49:13+00:00,442,98747,Pope,17,1,50,0,0,0,0,,False,0,0,0,0,0,0,21,20,21,20,1.3,a,,,,0.0,0,0,0
2026-08-21T18:49:13+00:00,443,81441,Gillespie,17,1,45,0,0,0,0,,False,0,0,0,0,0,0,4,0,4,0,0.0,a,,,,0.0,0,0,0
2026-08-21T18:49:13+00:00,444,554578,Jaouen,17,1,45,0,0,0,0,,False,0,0,0,0,0,0,2,2,2,2,0.0,a,,,,0.0,0,0,0
2026-08-21T18:49:13+00:00,445,465642,Thiaw,17,2,50,0,0,0,0,,False,0,0,0,0,0,0,49,25,49,25,1.6,a,,,,0.0,0,0,0
2026-08-21T18:49:13+00:00,446,119471,Schär,17,2,50,0,0,0,0,,False,0,0,0,0,0,0,25,4,25,4,0.2,a,100,,2026-08-15T16:30:07.209742Z,0.0,0,0,0
2026-08-21T18:49:13+00:00,447,220237,Botman,17,2,50,0,0,0,0,,False,0,0,0,0,0,0,57,15,57,15,0.4,a,,,,0.0,0,0,0
2026-08-21T18:49:13+00:00,448,78916,Burn,17,2,50,0,0,0,0,,False,0,0,0,0,0,0,226,60,226,60,2.4,a,,,,0.0,0,0,0
2026-08-21T18:49:13+00:00,449,487838,Hall,17,2,50,0,0,0,0,,False,0,0,0,0,0,0,242,61,242,61,3.5,a,,,,0.0,0,0,0
2026-08-21T18:49:13+00:00,450,441191,Livramento,17,2,50,0,0,0,0,,False,0,0,0,0,0,0,0,13,0,13,0.0,i,0,Calf injury - Unknown return date,2026-07-23T12:01:23.753221Z,0.0,0,0,0
2026-08-21T18:49:13+00:00,451,545477,A.Murphy,17,2,40,0,0,0,0,,False,0,0,0,0,0,0,0,38,0,38,0.1,u,0,Has joined FC Kaiserslautern on loan for the rest of the season,2026-08-12T14:05:29.224600Z,0.0,0,0,0
2026-08-21T18:49:13+00:00,453,201666,Barnes,17,3,60,0,0,0,0,,False,0,0,0,0,0,0,31,18,31,18,1.1,a,,,,0.0,0,0,0
2026-08-21T18:49:13+00:00,454,449434,Elanga,17,3,60,0,0,0,0,,False,0,0,0,0,0,0,45,36,45,36,0.7,a,,,,0.0,0,0,0
2026-08-21T18:49:13+00:00,456,232653,J.Ramsey,17,3,50,0,0,0,0,,False,0,0,0,0,0,0,11,12,11,12,0.4,a,,,,0.0,0,0,0
2026-08-21T18:49:13+00:00,457,114243,J.Murphy,17,3,60,0,0,0,0,,False,0,0,0,0,0,0,4,2,4,2,0.2,a,,,,0.0,0,0,0
2026-08-21T18:49:13+00:00,458,180974,Joelinton,17,3,55,0,0,0,0,,False,0,0,0,0,0,0,0,11,0,11,0.0,i,0,Unspecified injury - Unknown return date,2026-08-16T08:00:08.074045Z,0.0,0,0,0
2026-08-21T18:49:13+00:00,459,547719,L.Miley,17,3,55,0,0,0,0,,False,0,0,0,0,0,0,5,5,5,5,0.0,a,100,,2026-07-23T12:01:23.785456Z,0.0,0,0,0
2026-08-21T18:49:13+00:00,460,200089,Willock,17,3,50,0,0,0,0,,False,0,0,0,0,0,0,6,4,6,4,0.1,a,,,,0.0,0,0,0
2026-08-21T18:49:13+00:00,461,611665,Touré,17,3,60,0,0,0,0,,False,0,0,0,0,0,0,9,8,9,8,0.3,a,,,,0.0,0,0,0
2026-08-21T18:49:13+00:00,462,636852,Steur,17,3,50,0,0,0,0,,False,0,0,0,0,0,0,6,4,6,4,0.1,a,,,,0.0,0,0,0
2026-08-21T18:49:13+00:00,463,470313,Woltemade,17,4,60,0,0,0,0,,False,0,0,0,0,0,0,69,70,69,70,1.7,a,,,,0.0,0,0,0
2026-08-21T18:49:13+00:00,464,216646,Wissa,17,4,60,0,0,0,0,,False,0,0,0,0,0,0,50,45,50,45,1.6,a,,,,0.0,0,0,0
2026-08-21T18:49:13+00:00,465,538207,Osula,17,4,60,0,0,0,0,,False,0,0,0,0,0,0,22,37,22,37,0.9,a,,,,0.0,0,0,0
2026-08-21T18:49:13+00:00,466,599303,Neave,17,4,45,0,0,0,0,,False,0,0,0,0,0,0,37,31,37,31,0.7,a,,,,0.0,0,0,0
2026-08-21T18:49:13+00:00,559,632794,Bamba,17,3,50,0,0,0,0,,False,0,0,0,0,0,0,9,10,9,10,0.1,a,,,,0.0,0,0,0
2026-08-21T18:49:13+00:00,567,470551,Horníček,17,1,50,0,0,0,0,,False,0,0,0,0,0,0,5,29,5,29,0.6,a,,,,0.0,0,0,0
2026-08-21T18:49:13+00:00,593,463726,Dedić,17,2,45,0,0,0,0,,False,0,0,0,0,0,0,26,5,26,5,0.2,a,,,,0.0,0,0,0
2026-08-21T18:49:13+00:00,467,85633,Sels,18,1,50,0,0,0,0,,False,0,0,0,0,0,0,15,43,15,43,1.6,a,,,,0.0,0,0,0
2026-08-21T18:49:13+00:00,468,221389,John,18,1,45,0,0,0,0,,False,0,0,0,0,0,0,1,2,1,2,0.1,a,,,,0.0,0,0,0
2026-08-21T18:49:13+00:00,469,215136,N.Williams,18,2,50,0,0,0,0,,False,0,0,0,0,0,0,231,153,231,153,10.3,a,,,,0.0,0,0,0
2026-08-21T18:49:13+00:00,470,485047,Morato,18,2,50,0,0,0,0,,False,0,0,0,0,0,0,7,1,7,1,0.0,a,,,,0.0,0,0,0
2026-08-21T18:49:13+00:00,471,227444,Milenković,18,2,55,0,0,0,0,,False,0,0,0,0,0,0,33,59,33,59,1.9,a,,,,0.0,0,0,0
2026-08-21T18:49:13+00:00,472,575476,Murillo,18,2,55,0,0,0,0,,False,0,0,0,0,0,0,73,52,73,52,1.5,a,100,,2026-07-23T12:01:23.801183Z,0.0,0,0,0
2026-08-21T18:49:13+00:00,473,159506,Aina,18,2,45,0,0,0,0,,False,0,0,0,0,0,0,124,86,124,86,3.7,a,,,,0.0,0,0,0
2026-08-21T18:49:13+00:00,474,575458,Jair Cunha,18,2,45,0,0,0,0,,False,0,0,0,0,0,0,1,7,1,7,0.2,a,,,,0.0,0,0,0
2026-08-21T18:49:13+00:00,475,500151,Savona,18,2,45,0,0,0,0,,False,0,0,0,0,0,0,0,0,0,0,0.0,i,0,Knee injury - Unknown return date,2026-07-23T12:01:23.816304Z,0.0,0,0,0
2026-08-21T18:49:13+00:00,476,204822,O.Richards,18,2,40,0,0,0,0,,False,0,0,0,0,0,0,7,3,7,3,0.3,a,,,,0.0,0,0,0
2026-08-21T18:49:13+00:00,477,549067,Abbott,18,2,40,0,0,0,0,,False,0,0,0,0,0,0,13,8,13,8,0.3,a,,,,0.0,0,0,0
2026-08-21T18:49:13+00:00,478,470315,Netz,18,2,45,0,0,0,0,,False,0,0,0,0,0,0,2,3,2,3,0.0,a,,,,0.0,0,0,0
2026-08-21T18:49:13+00:00,479,538638,Bindon,18,2,40,0,0,0,0,,False,0,0,0,0,0,0,3,3,3,3,0.2,a,,,,0.0,0,0,0
2026-08-21T18:49:13+00:00,480,222531,Gibbs-White,18,3,80,0,0,0,0,,False,0,0,0,0,0,0,108,247,108,247,11.7,a,,,,0.0,0,0,0
2026-08-21T18:49:13+00:00,482,209046,Hudson-Odoi,18,3,60,0,0,0,0,,False,0,0,0,0,0,0,7,7,7,7,0.3,a,100,,2026-07-23T12:01:23.832709Z,0.0,0,0,0
2026-08-21T18:49:13+00:00,483,456512,Ndoye,18,3,55,0,0,0,0,,False,0,0,0,0,0,0,3,9,3,9,0.4,a,,,,0.0,0,0,0
2026-08-21T18:49:13+00:00,484,503301,Hutchinson,18,3,55,0,0,0,0,,False,0,0,0,0,0,0,3,2,3,2,0.2,a,,,,0.0,0,0,0
2026-08-21T18:49:13+00:00,485,476887,Bakwa,18,3,55,0,0,0,0,,False,0,0,0,0,0,0,0,1,0,1,0.0,a,,,,0.0,0,0,0
2026-08-21T18:49:13+00:00,486,432714,McAtee,18,3,55,0,0,0,0,,False,0,0,0,0,0,0,0,1,0,1,0.0,a,,,,0.0,0,0,0
2026-08-21T18:49:13+00:00,487,250199,Dominguez,18,3,50,0,0,0,0,,False,0,0,0,0,0,0,2,0,2,0,0.1,a,,,,0.0,0,0,0
2026-08-21T18:49:13+00:00,488,210462,I.Sangaré,18,3,50,0,0,0,0,,False,0,0,0,0,0,0,16,11,16,11,1.1,a,,,,0.0,0,0,0
2026-08-21T18:49:13+00:00,489,204968,Yates,18,3,45,0,0,0,0,,False,0,0,0,0,0,0,6,386,6,386,2.0,i,0,Unspecified injury - Unknown return date,2026-08-17T20:30:08.195072Z,0.0,0,0,0
2026-08-21T18:49:13+00:00,490,60689,Wood,18,4,60,0,0,0,0,,False,0,0,0,0,0,0,53,79,53,79,1.8,a,,,,0.0,0,0,0
2026-08-21T18:49:13+00:00,491,482973,Igor Jesus,18,4,60,0,0,0,0,,False,0,0,0,0,0,0,75,115,75,115,4.4,a,,,,0.0,0,0,0
2026-08-21T18:49:13+00:00,493,465680,Kalimuendo,18,4,55,0,0,0,0,,False,0,0,0,0,0,0,6,5,6,5,0.0,a,,,,0.0,0,0,0
2026-08-21T18:49:13+00:00,558,204561,Schlager,18,3,50,0,0,0,0,,False,0,0,0,0,0,0,3,3,3,3,0.1,a,,,,0.0,0,0,0
2026-08-21T18:49:13+00:00,581,568420,Diomande,18,2,55,0,0,0,0,,False,0,0,0,0,0,0,75,25,75,25,0.8,a,,,,0.0,0,0,0
2026-08-21T18:49:13+00:00,590,428971,Benda,18,1,45,0,0,0,0,,False,0,0,0,0,0,0,8,4,8,4,0.1,a,,,,0.0,0,0,0
2026-08-21T18:49:13+00:00,112,469142,Van Hecke,19,2,50,0,0,0,0,,False,0,0,0,0,0,0,1082,132,1082,132,10.7,a,,,,0.0,0,0,0
2026-08-21T18:49:13+00:00,455,432422,Tonali,19,3,55,0,0,0,0,,False,0,0,0,0,0,0,117,70,117,70,4.2,a,,,,0.0,0,0,0
2026-08-21T18:49:13+00:00,494,184254,Vicario,19,1,45,0,0,0,0,,False,0,0,0,0,0,0,0,180,0,180,0.4,u,0,Has joined Juventus on loan for the rest of the season,2026-08-19T13:55:33.193962Z,0.0,0,0,0
2026-08-21T18:49:13+00:00,495,214572,Austin,19,1,40,0,0,0,0,,False,0,0,0,0,0,0,22,13,22,13,0.9,a,,,,0.0,0,0,0
2026-08-21T18:49:13+00:00,496,485055,Kinsky,19,1,45,0,0,0,0,,False,0,0,0,0,0,0,314,121,314,121,24.7,a,,,,0.0,0,0,0
2026-08-21T18:49:13+00:00,497,67089,Dubravka,19,1,40,0,0,0,0,,False,0,0,0,0,0,0,207,101,207,101,19.9,a,,,,0.0,0,0,0
2026-08-21T18:49:13+00:00,498,221466,Senesi,19,2,60,0,0,0,0,,False,0,0,0,0,0,0,240,142,240,142,8.1,a,,,,0.0,0,0,0
2026-08-21T18:49:13+00:00,499,441164,Pedro Porro,19,2,55,0,0,0,0,,False,0,0,0,0,0,0,77,6641,77,6641,17.7,i,0,Lack of match fitness - Expected back 29 Aug,2026-08-21T15:22:48.149081Z,0.0,0,0,0
2026-08-21T18:49:13+00:00,500,221632,Romero,19,2,50,0,0,0,0,,False,0,0,0,0,0,0,0,155,0,155,0.3,u,0,Has joined Atletico Madrid permanently,2026-08-17T13:49:05.465401Z,0.0,0,0,0
2026-08-21T18:49:13+00:00,501,135720,Danso,19,2,50,0,0,0,0,,False,0,0,0,0,0,0,24,15,24,15,0.2,a,,,,0.0,0,0,0
2026-08-21T18:49:13+00:00,502,122798,Robertson,19,2,45,0,0,0,0,,False,0,0,0,0,0,0,246,42,246,42,3.9,a,,,,0.0,0,0,0
2026-08-21T18:49:13+00:00,503,491279,Van de Ven,19,2,50,0,0,0,0,,False,0,0,0,0,0,0,42,2588,42,2588,5.8,i,0,Unspecified injury - Expected back 29 Aug,2026-08-21T15:00:07.610517Z,0.0,0,0,0
2026-08-21T18:49:13+00:00,505,232859,Spence,19,2,45,0,0,0,0,,False,0,0,0,0,0,0,0,808,0,808,1.0,u,0,Has joined Internazionale permanently,2026-08-18T14:13:08.454214Z,0.0,0,0,0
2026-08-21T18:49:13+00:00,506,487053,Udogie,19,2,45,0,0,0,0,,False,0,0,0,0,0,0,31,13,31,13,0.5,a,,,,0.0,0,0,0
2026-08-21T18:49:13+00:00,507,548308,Phillips,19,2,45,0,0,0,0,,False,0,0,0,0,0,0,0,2,0,2,0.0,u,0,Has joined Middlesbrough permanently,2026-08-18T14:13:08.474144Z,0.0,0,0,0
2026-08-21T18:49:13+00:00,508,115556,Davies,19,2,40,0,0,0,0,,False,0,0,0,0,0,0,113,24,113,24,1.1,a,,,,0.0,0,0,0
2026-08-21T18:49:13+00:00,509,640419,Byfield,19,2,40,0,0,0,0,,False,0,0,0,0,0,0,5,1,5,1,0.1,a,,,,0.0,0,0,0
2026-08-21T18:49:13+00:00,510,499716,Rowswell,19,2,40,0,0,0,0,,False,0,0,0,0,0,0,3,4,3,4,0.1,a,,,,0.0,0,0,0
2026-08-21T18:49:13+00:00,511,616221,Souza,19,2,40,0,0,0,0,,False,0,0,0,0,0,0,18,8,18,8,0.3,a,,,,0.0,0,0,0
2026-08-21T18:49:13+00:00,512,460842,Kudus,19,3,65,0,0,0,0,,False,0,0,0,0,0,0,3,17,3,17,0.1,d,25,Thigh injury - 25% chance of playing,2026-07-23T12:01:23.848657Z,0.0,0,0,0
2026-08-21T18:49:13+00:00,513,493362,Xavi,19,3,60,0,0,0,0,,False,0,0,0,0,0,0,1,4,1,4,0.0,i,0,Knee injury - Unknown return date,2026-07-23T12:01:23.864304Z,0.0,0,0,0
2026-08-21T18:49:13+00:00,514,511499,Tel,19,3,60,0,0,0,0,,False,0,0,0,0,0,0,16,16,16,16,0.6,a,,,,0.0,0,0,0
2026-08-21T18:49:13+00:00,515,172780,Maddison,19,3,65,0,0,0,0,,False,0,0,0,0,0,0,42,44,42,44,1.3,a,,,,0.0,0,0,0
2026-08-21T18:49:13+00:00,516,202993,Bentancur,19,3,55,0,0,0,0,,False,0,0,0,0,0,0,7,12,7,12,0.2,a,,,,0.0,0,0,0
2026-08-21T18:49:13+00:00,517,550839,Odobert,19,3,55,0,0,0,0,,False,0,0,0,0,0,0,0,0,0,0,0.0,i,0,Knee injury - Unknown return date,2026-07-23T12:01:23.879434Z,0.0,0,0,0
2026-08-21T18:49:13+00:00,518,482442,P.M.Sarr,19,3,50,0,0,0,0,,False,0,0,0,0,0,0,0,121,0,121,0.3,i,0,Hamstring injury - Unknown return date,2026-08-21T14:30:08.419690Z,0.0,0,0,0
2026-08-21T18:49:13+00:00,519,232787,Gallagher,19,3,55,0,0,0,0,,False,0,0,0,0,0,0,5,9,5,9,0.3,a,,,,0.0,0,0,0
2026-08-21T18:49:13+00:00,520,570526,Bergvall,19,3,55,0,0,0,0,,False,0,0,0,0,0,0,8,9,8,9,0.2,a,,,,0.0,0,0,0
2026-08-21T18:49:13+00:00,521,445044,Kulusevski,19,3,65,0,0,0,0,,False,0,0,0,0,0,0,2,1,2,1,0.0,i,0,Knee injury - Unknown return date,2026-07-23T12:01:23.895175Z,0.0,0,0,0
2026-08-21T18:49:13+00:00,522,547701,Gray,19,3,50,0,0,0,0,,False,0,0,0,0,0,0,8,7,8,7,0.2,a,,,,0.0,0,0,0
2026-08-21T18:49:13+00:00,523,499721,Moore,19,3,50,0,0,0,0,,False,0,0,0,0,0,0,5,1,5,1,0.2,a,,,,0.0,0,0,0
2026-08-21T18:49:13+00:00,524,499726,Olusesi,19,3,45,0,0,0,0,,False,0,0,0,0,0,0,42,46,42,46,0.9,a,,,,0.0,0,0,0
2026-08-21T18:49:13+00:00,525,551226,Fernandes,19,3,60,0,0,0,0,,False,0,0,0,0,0,0,63,54,63,54,2.0,a,,,,0.0,0,0,0
2026-08-21T18:49:13+00:00,526,154566,Solanke,19,4,60,0,0,0,0,,False,0,0,0,0,0,0,40,57,40,57,1.4,a,,,,0.0,0,0,0
2026-08-21T18:49:13+00:00,527,212319,Richarlison,19,4,60,0,0,0,0,,False,0,0,0,0,0,0,80,84,80,84,3.2,a,,,,0.0,0,0,0
2026-08-21T18:49:13+00:00,528,490145,Scarlett,19,4,45,0,0,0,0,,False,0,0,0,0,0,0,199,61,199,61,1.7,a,,,,0.0,0,0,0
2026-08-21T18:49:13+00:00,529,498016,Roefs,20,1,50,0,0,0,0,,False,0,0,0,0,0,0,25,78,25,78,4.5,a,,,,0.0,0,0,0
2026-08-21T18:49:13+00:00,530,232571,Patterson,20,1,40,0,0,0,0,,False,0,0,0,0,0,0,0,32,0,32,0.2,u,0,Has joined Wrexham permanently,2026-08-12T14:08:03.064533Z,0.0,0,0,0
2026-08-21T18:49:13+00:00,531,515046,Ellborg,20,1,45,0,0,0,0,,False,0,0,0,0,0,0,3,1,3,1,0.1,a,,,,0.0,0,0,0
2026-08-21T18:49:13+00:00,532,223827,Ballard,20,2,50,0,0,0,0,,False,0,0,0,0,0,0,163,64,163,64,5.8,a,,,,0.0,0,0,0
2026-08-21T18:49:13+00:00,533,200834,Mukiele,20,2,55,0,0,0,0,,False,0,0,0,0,0,0,76,43,76,43,2.9,a,100,,2026-08-09T08:30:05.954750Z,0.0,0,0,0
2026-08-21T18:49:13+00:00,534,487676,Hume,20,2,45,0,0,0,0,,False,0,0,0,0,0,0,174,127,174,127,7.2,a,,,,0.0,0,0,0
2026-08-21T18:49:13+00:00,535,201895,Alderete,20,2,50,0,0,0,0,,False,0,0,0,0,0,0,38,22,38,22,0.5,a,100,,2026-08-09T08:30:05.962393Z,0.0,0,0,0
2026-08-21T18:49:13+00:00,536,434399,Reinildo,20,2,45,0,0,0,0,,False,0,0,0,0,0,0,4,11,4,11,0.5,a,,,,0.0,0,0,0
2026-08-21T18:49:13+00:00,537,519634,Seelt,20,2,45,0,0,0,0,,False,0,0,0,0,0,0,0,1,0,1,0.0,a,,,,0.0,0,0,0
2026-08-21T18:49:13+00:00,538,477547,Hjelde,20,2,40,0,0,0,0,,False,0,0,0,0,0,0,0,13,0,13,0.1,u,0,Has joined KV Mechelen on loan for the rest of the season,2026-08-12T14:08:03.081789Z,0.0,0,0,0
2026-08-21T18:49:13+00:00,539,167512,O'Nien,20,2,40,0,0,0,0,,False,0,0,0,0,0,0,55,35,55,35,3.7,a,,,,0.0,0,0,0
2026-08-21T18:49:13+00:00,540,105717,Masuaku,20,2,40,0,0,0,0,,False,0,0,0,0,0,0,0,58,0,58,0.3,u,0,Has joined Konyaspor permanently,2026-08-12T14:08:03.097784Z,0.0,0,0,0
2026-08-21T18:49:13+00:00,541,93605,Meunier,20,2,45,0,0,0,0,,False,0,0,0,0,0,0,5,4,5,4,0.3,a,100,,2026-08-16T08:30:07.830062Z,0.0,0,0,0
2026-08-21T18:49:13+00:00,542,484420,E.Le Fée,20,3,60,0,0,0,0,,False,0,0,0,0,0,0,137,147,137,147,10.5,a,,,,0.0,0,0,0
2026-08-21T18:49:13+00:00,543,547027,Diarra,20,3,55,0,0,0,0,,False,0,0,0,0,0,0,0,1,0,1,0.1,a,,,,0.0,0,0,0
2026-08-21T18:49:13+00:00,544,84450,Xhaka,20,3,55,0,0,0,0,,False,0,0,0,0,0,0,57,92,57,92,4.4,a,,,,0.0,0,0,0
2026-08-21T18:49:13+00:00,545,577669,Sadiki,20,3,50,0,0,0,0,,False,0,0,0,0,0,0,9,9,9,9,0.4,a,,,,0.0,0,0,0
2026-08-21T18:49:13+00:00,546,535818,Adingra,20,3,50,0,0,0,0,,False,0,0,0,0,0,0,0,36,0,36,0.1,i,0,Ankle injury - Unknown return date,2026-08-20T14:00:08.416985Z,0.0,0,0,0
2026-08-21T18:49:13+00:00,547,461199,Mundle,20,3,50,0,0,0,0,,False,0,0,0,0,0,0,0,0,0,0,0.0,a,,,,0.0,0,0,0
2026-08-21T18:49:13+00:00,548,554197,Rigg,20,3,50,0,0,0,0,,False,0,0,0,0,0,0,0,1,0,1,0.1,a,,,,0.0,0,0,0
2026-08-21T18:49:13+00:00,549,549912,Talbi,20,3,55,0,0,0,0,,False,0,0,0,0,0,0,2,13,2,13,0.2,a,,,,0.0,0,0,0
2026-08-21T18:49:13+00:00,550,699989,Jocelin.T,20,3,50,0,0,0,0,,False,0,0,0,0,0,0,0,0,0,0,0.0,a,,,,0.0,0,0,0
2026-08-21T18:49:13+00:00,551,536661,Angulo,20,3,50,0,0,0,0,,False,0,0,0,0,0,0,2,2,2,2,0.1,a,,,,0.0,0,0,0
2026-08-21T18:49:13+00:00,552,441264,Brobbey,20,4,60,0,0,0,0,,False,0,0,0,0,0,0,242,197,242,197,14.3,a,,,,0.0,0,0,0
2026-08-21T18:49:13+00:00,553,437505,Isidor,20,4,55,0,0,0,0,,False,0,0,0,0,0,0,27,31,27,31,1.0,a,,,,0.0,0,0,0
2026-08-21T19:31:15+00:00,1,154561,Raya,1,1,60,0,0,0,0,,False,0,0,0,0,0,0,897,636,897,636,37.6,a,,,,1.0,1,1,29
2026-08-21T19:31:15+00:00,2,109745,Arrizabalaga,1,1,50,0,0,0,0,,False,0,0,0,0,0,0,6,32,6,32,0.1,a,,,,0.0,0,0,0
2026-08-21T19:31:15+00:00,3,437495,Meslier,1,1,50,0,0,0,0,,False,0,0,0,0,0,0,4,8,4,8,0.0,a,,,,0.0,0,0,0
2026-08-21T19:31:15+00:00,4,226597,Gabriel,1,2,80,0,0,0,0,,False,0,0,0,0,0,0,835,713,835,713,29.7,a,,,,1.0,1,1,29
2026-08-21T19:31:15+00:00,5,445122,J.Timber,1,2,65,0,0,0,0,,False,0,0,0,0,0,0,9,83,9,83,0.1,i,0,Groin injury - Unknown return date,2026-07-23T12:01:23.272929Z,0.0,0,0,0
2026-08-21T19:31:15+00:00,6,462424,Saliba,1,2,60,0,0,0,0,,False,0,0,0,0,0,0,38,205,38,205,0.3,i,0,Back injury - Unknown return date,2026-07-23T12:01:23.289376Z,0.0,0,0,0
2026-08-21T19:31:15+00:00,7,499169,Lewis-Skelly,1,3,55,0,0,0,0,,False,0,0,0,0,0,0,384,89,384,89,0.6,a,,,,1.0,1,1,29
2026-08-21T19:31:15+00:00,8,466075,Calafiori,1,2,55,0,0,0,0,,False,0,0,0,0,0,0,5927,743,5927,743,39.7,a,,,,4.0,4,4,29
2026-08-21T19:31:15+00:00,9,448104,Hincapie,1,2,55,0,0,0,0,,False,0,0,0,0,0,0,262,1014,262,1014,1.9,a,,,,0.0,0,0,0
2026-08-21T19:31:15+00:00,10,198869,White,1,2,55,0,0,0,0,,False,0,0,0,0,0,0,595,313,595,313,4.5,a,100,,2026-07-23T12:01:23.305229Z,1.0,1,1,29
2026-08-21T19:31:15+00:00,11,500040,Mosquera,1,2,55,0,0,0,0,,False,0,0,0,0,0,0,870,645,870,645,6.4,a,,,,1.0,1,1,29
2026-08-21T19:31:15+00:00,12,223340,Saka,1,3,95,0,0,0,0,,False,0,0,0,0,0,0,420,312,420,312,9.3,a,,,,8.0,8,8,29
2026-08-21T19:31:15+00:00,13,204480,Rice,1,3,75,0,0,0,0,,False,0,0,0,0,0,0,1228,784,1228,784,18.1,a,,,,1.0,1,1,29
2026-08-21T19:31:15+00:00,14,232413,Eze,1,3,65,0,0,0,0,,False,0,0,0,0,0,0,227,602,227,602,2.1,a,,,,0.0,0,0,0
2026-08-21T19:31:15+00:00,15,184029,Ødegaard,1,3,65,0,0,0,0,,False,0,0,0,0,0,0,1204,363,1204,363,8.1,a,,,,1.0,1,1,29
2026-08-21T19:31:15+00:00,16,248857,Madueke,1,3,65,0,0,0,0,,False,0,0,0,0,0,0,35,145,35,145,0.3,a,,,,0.0,0,0,0
2026-08-21T19:31:15+00:00,17,195384,Merino,1,3,60,0,0,0,0,,False,0,0,0,0,0,0,98,231,98,231,0.7,a,,,,0.0,0,0,0
2026-08-21T19:31:15+00:00,18,444145,Martinelli,1,3,65,0,0,0,0,,False,0,0,0,0,0,0,43,133,43,133,0.2,a,,,,0.0,0,0,0
2026-08-21T19:31:15+00:00,19,481655,Zubimendi,1,3,55,0,0,0,0,,False,0,0,0,0,0,0,66,308,66,308,1.2,a,,,,0.0,0,0,0
2026-08-21T19:31:15+00:00,20,616077,Dowman,1,3,55,0,0,0,0,,False,0,0,0,0,0,0,13,43,13,43,0.1,a,,,,0.0,0,0,0
2026-08-21T19:31:15+00:00,22,499175,Nwaneri,1,3,55,0,0,0,0,,False,0,0,0,0,0,0,2,5,2,5,0.0,a,,,,0.0,0,0,0
2026-08-21T19:31:15+00:00,23,438098,Fábio Vieira,1,3,55,0,0,0,0,,False,0,0,0,0,0,0,3,2,3,2,0.0,a,,,,0.0,0,0,0
2026-08-21T19:31:15+00:00,24,200641,Nelson,1,3,55,0,0,0,0,,False,0,0,0,0,0,0,2,1,2,1,0.0,a,,,,0.0,0,0,0
2026-08-21T19:31:15+00:00,25,224117,Gyökeres,1,4,75,0,0,0,0,,False,0,0,0,0,0,0,324,3463,324,3463,9.2,a,,,,0.0,0,0,0
2026-08-21T19:31:15+00:00,26,219847,Havertz,1,4,75,0,0,0,0,,False,0,0,0,0,0,0,3062,331,3062,331,5.3,a,,,,8.0,8,8,29
2026-08-21T19:31:15+00:00,27,205651,G.Jesus,1,4,60,0,0,0,0,,False,0,0,0,0,0,0,63,157,63,157,0.4,a,,,,0.0,0,0,0
2026-08-21T19:31:15+00:00,31,199798,Konsa,1,2,45,0,0,0,0,,False,0,0,0,0,0,0,2052,4400,2052,4400,13.4,a,,,,0.0,0,0,0
2026-08-21T19:31:15+00:00,452,208706,Bruno G.,1,3,70,0,0,0,0,,False,0,0,0,0,0,0,51,2594,51,2594,4.3,d,75,Thigh injury - 75% chance of playing,2026-08-20T17:00:08.846118Z,0.0,0,0,0
2026-08-21T19:31:15+00:00,557,439509,Tzolis,1,3,65,0,0,0,0,,False,0,0,0,0,0,0,3253,294,3253,294,25.1,a,,,,5.0,5,5,29
2026-08-21T19:31:15+00:00,28,98980,Martinez,2,1,50,0,0,0,0,,False,0,0,0,0,0,0,263,352,263,352,4.4,a,,,,0.0,0,0,0
2026-08-21T19:31:15+00:00,29,72147,M.Bizot,2,1,45,0,0,0,0,,False,0,0,0,0,0,0,8,3,8,3,0.1,a,,,,0.0,0,0,0
2026-08-21T19:31:15+00:00,30,101188,Digne,2,2,45,0,0,0,0,,False,0,0,0,0,0,0,0,177,0,177,0.2,u,0,Has joined Paris Saint-Germain permanently,2026-08-10T14:03:30.089007Z,0.0,0,0,0
2026-08-21T19:31:15+00:00,32,199796,Cash,2,2,45,0,0,0,0,,False,0,0,0,0,0,0,1835,289,1835,289,8.9,a,,,,0.0,0,0,0
2026-08-21T19:31:15+00:00,33,149484,Mings,2,2,45,0,0,0,0,,False,0,0,0,0,0,0,185,21,185,21,0.3,a,,,,0.0,0,0,0
2026-08-21T19:31:15+00:00,34,244954,Pau,2,2,45,0,0,0,0,,False,0,0,0,0,0,0,126,25,126,25,0.4,a,,,,0.0,0,0,0
2026-08-21T19:31:15+00:00,35,515597,Bogarde,2,3,50,0,0,0,0,,False,0,0,0,0,0,0,30,11,30,11,0.1,a,,,,0.0,0,0,0
2026-08-21T19:31:15+00:00,36,441302,Maatsen,2,2,45,0,0,0,0,,False,0,0,0,0,0,0,134,31,134,31,0.8,a,,,,0.0,0,0,0
2026-08-21T19:31:15+00:00,37,184667,Lindelöf,2,2,45,0,0,0,0,,False,0,0,0,0,0,0,110,21,110,21,0.3,a,,,,0.0,0,0,0
2026-08-21T19:31:15+00:00,38,606798,A.García,2,2,40,0,0,0,0,,False,0,0,0,0,0,0,190,98,190,98,1.8,a,,,,0.0,0,0,0
2026-08-21T19:31:15+00:00,39,578545,Nedeljkovic,2,2,40,0,0,0,0,,False,0,0,0,0,0,0,0,218,0,218,0.3,u,0,Has joined Rangers on loan for the rest of the season,2026-08-19T13:56:46.385411Z,0.0,0,0,0
2026-08-21T19:31:15+00:00,41,195546,Buendía,2,3,60,0,0,0,0,,False,0,0,0,0,0,0,126,83,126,83,1.4,a,,,,0.0,0,0,0
2026-08-21T19:31:15+00:00,44,215711,Bailey,2,3,55,0,0,0,0,,False,0,0,0,0,0,0,30,21,30,21,0.1,a,,,,0.0,0,0,0
2026-08-21T19:31:15+00:00,45,122806,McGinn,2,3,55,0,0,0,0,,False,0,0,0,0,0,0,185,153,185,153,3.3,a,,,,0.0,0,0,0
2026-08-21T19:31:15+00:00,46,88894,Barkley,2,3,50,0,0,0,0,,False,0,0,0,0,0,0,58,15,58,15,0.2,a,,,,0.0,0,0,0
2026-08-21T19:31:15+00:00,47,226944,Kamara,2,3,50,0,0,0,0,,False,0,0,0,0,0,0,78,40,78,40,0.4,a,100,,2026-07-23T12:01:23.337269Z,0.0,0,0,0
2026-08-21T19:31:15+00:00,48,449871,Onana,2,3,50,0,0,0,0,,False,0,0,0,0,0,0,2,6,2,6,0.0,i,0,Knee injury - Unknown return date,2026-07-23T12:01:23.352497Z,0.0,0,0,0
2026-08-21T19:31:15+00:00,49,469247,Iling Jr,2,3,50,0,0,0,0,,False,0,0,0,0,0,0,0,5,0,5,0.0,u,0,Has joined Bolton Wanderers on loan for the rest of the season,2026-08-17T13:52:28.532616Z,0.0,0,0,0
2026-08-21T19:31:15+00:00,50,645618,Burrowes,2,3,45,0,0,0,0,,False,0,0,0,0,0,0,66,41,66,41,0.7,a,,,,0.0,0,0,0
2026-08-21T19:31:15+00:00,51,577285,George Hemmings,2,3,45,0,0,0,0,,False,0,0,0,0,0,0,65,28,65,28,0.7,a,,,,0.0,0,0,0
2026-08-21T19:31:15+00:00,52,653481,Alysson,2,3,50,0,0,0,0,,False,0,0,0,0,0,0,8,4,8,4,0.0,a,,,,0.0,0,0,0
2026-08-21T19:31:15+00:00,53,614071,Manzambi,2,3,60,0,0,0,0,,False,0,0,0,0,0,0,9,225,9,225,0.3,i,0,Knee injury - Unknown return date,2026-08-15T15:30:06.388335Z,0.0,0,0,0
2026-08-21T19:31:15+00:00,54,448089,Gomes,2,3,55,0,0,0,0,,False,0,0,0,0,0,0,4,41,4,41,0.1,i,0,Calf injury - Unknown return date,2026-08-15T16:00:07.546807Z,0.0,0,0,0
2026-08-21T19:31:15+00:00,55,178301,Watkins,2,4,80,0,0,0,0,,False,0,0,0,0,0,0,223,904,223,904,10.2,a,,,,0.0,0,0,0
2026-08-21T19:31:15+00:00,56,173879,Abraham,2,4,55,0,0,0,0,,False,0,0,0,0,0,0,10,36,10,36,0.1,d,75,Knock - 75% chance of playing,2026-08-15T16:00:07.558543Z,0.0,0,0,0
2026-08-21T19:31:15+00:00,160,493105,Garnacho,2,3,60,0,0,0,0,,False,0,0,0,0,0,0,54,69,54,69,0.6,a,,,,0.0,0,0,0
2026-08-21T19:31:15+00:00,582,690838,Madjo,2,4,55,0,0,0,0,,False,0,0,0,0,0,0,35,123,35,123,0.5,i,0,Unspecified injury - Unknown return date,2026-08-15T16:00:07.974271Z,0.0,0,0,0
2026-08-21T19:31:15+00:00,596,487992,Ruggeri,2,2,45,0,0,0,0,,False,0,0,0,0,0,0,41,14,41,14,0.1,a,,,,0.0,0,0,0
2026-08-21T19:31:15+00:00,597,433969,Suzuki,2,1,50,0,0,0,0,,False,0,0,0,0,0,0,123,39,123,39,0.7,a,,,,0.0,0,0,0
2026-08-21T19:31:15+00:00,57,457569,Petrović,3,1,45,0,0,0,0,,False,0,0,0,0,0,0,133,73,133,73,3.2,a,,,,0.0,0,0,0
2026-08-21T19:31:15+00:00,58,40383,Forster,3,1,40,0,0,0,0,,False,0,0,0,0,0,0,85,64,85,64,3.2,a,,,,0.0,0,0,0
2026-08-21T19:31:15+00:00,59,444172,Dennis,3,1,40,0,0,0,0,,False,0,0,0,0,0,0,21,5,21,5,0.2,a,,,,0.0,0,0,0
2026-08-21T19:31:15+00:00,60,463981,Hill,3,2,55,0,0,0,0,,False,0,0,0,0,0,0,160,60,160,60,0.8,a,,,,0.0,0,0,0
2026-08-21T19:31:15+00:00,61,494521,Truffert,3,2,55,0,0,0,0,,False,0,0,0,0,0,0,263,170,263,170,4.4,a,,,,0.0,0,0,0
2026-08-21T19:31:15+00:00,62,242882,Diakité,3,2,50,0,0,0,0,,False,0,0,0,0,0,0,80,11,80,11,0.2,a,,,,0.0,0,0,0
2026-08-21T19:31:15+00:00,63,620487,Milosavljević,3,2,50,0,0,0,0,,False,0,0,0,0,0,0,3,7,3,7,0.0,i,0,Unspecified injury - Unknown return date,2026-08-06T10:00:10.456051Z,0.0,0,0,0
2026-08-21T19:31:15+00:00,64,54469,Smith,3,2,45,0,0,0,0,,False,0,0,0,0,0,0,35,2,35,2,0.1,a,,,,0.0,0,0,0
2026-08-21T19:31:15+00:00,65,436893,J.Araujo,3,2,45,0,0,0,0,,False,0,0,0,0,0,0,1,11,1,11,0.0,i,0,Thigh injury - Unknown return date,2026-08-09T08:00:05.645826Z,0.0,0,0,0
2026-08-21T19:31:15+00:00,66,575901,Soler,3,2,40,0,0,0,0,,False,0,0,0,0,0,0,16,26,16,26,0.2,d,75,Hamstring injury - 75% chance of playing,2026-08-15T16:30:07.021055Z,0.0,0,0,0
2026-08-21T19:31:15+00:00,67,499604,Rayan,3,3,65,0,0,0,0,,False,0,0,0,0,0,0,215,159,215,159,2.7,a,,,,0.0,0,0,0
2026-08-21T19:31:15+00:00,68,201658,Tavernier,3,3,60,0,0,0,0,,False,0,0,0,0,0,0,60,53,60,53,1.6,a,,,,0.0,0,0,0
2026-08-21T19:31:15+00:00,69,503139,Scott,3,3,60,0,0,0,0,,False,0,0,0,0,0,0,89,85,89,85,1.5,a,,,,0.0,0,0,0
2026-08-21T19:31:15+00:00,70,222683,Kluivert,3,3,60,0,0,0,0,,False,0,0,0,0,0,0,116,64,116,64,1.1,a,,,,0.0,0,0,0
2026-08-21T19:31:15+00:00,71,155408,Cook,3,3,50,0,0,0,0,,False,0,0,0,0,0,0,40,12,40,12,0.1,a,,,,0.0,0,0,0
2026-08-21T19:31:15+00:00,72,496208,Gannon-Doak,3,3,50,0,0,0,0,,False,0,0,0,0,0,0,14,9,14,9,0.1,a,,,,0.0,0,0,0
2026-08-21T19:31:15+00:00,73,200785,Adams,3,3,50,0,0,0,0,,False,0,0,0,0,0,0,6,69,6,69,0.2,d,75,Unspecified injury - 75% chance of playing,2026-08-15T16:30:07.029928Z,0.0,0,0,0
2026-08-21T19:31:15+00:00,74,111317,Brooks,3,3,50,0,0,0,0,,False,0,0,0,0,0,0,1,14,1,14,0.1,d,75,Unspecified injury - 75% chance of playing,2026-08-15T16:30:07.037929Z,0.0,0,0,0
2026-08-21T19:31:15+00:00,75,158499,Christie,3,3,50,0,0,0,0,,False,0,0,0,0,0,0,2,1,2,1,0.0,s,0,Suspended until 29 Aug,2026-07-24T17:30:10.035483Z,0.0,0,0,0
2026-08-21T19:31:15+00:00,76,614574,Tóth.A,3,3,50,0,0,0,0,,False,0,0,0,0,0,0,1,0,1,0,0.0,a,,,,0.0,0,0,0
2026-08-21T19:31:15+00:00,77,489888,Adli,3,3,50,0,0,0,0,,False,0,0,0,0,0,0,1,22,1,22,0.0,i,0,Unspecified injury - Unknown return date,2026-08-15T16:00:07.590566Z,0.0,0,0,0
2026-08-21T19:31:15+00:00,78,560262,Kroupi.Jr,3,3,75,0,0,0,0,,False,0,0,0,0,0,0,8,339,8,339,0.5,i,0,Foot injury - Unknown return date,2026-07-29T17:30:09.796802Z,0.0,0,0,0
2026-08-21T19:31:15+00:00,79,444102,Evanilson,3,4,60,0,0,0,0,,False,0,0,0,0,0,0,194,139,194,139,2.3,a,,,,0.0,0,0,0
2026-08-21T19:31:15+00:00,80,168636,Enes Ünal,3,4,55,0,0,0,0,,False,0,0,0,0,0,0,0,29,0,29,0.0,u,0,Has joined Getafe permanently,2026-08-14T14:14:21.881112Z,0.0,0,0,0
2026-08-21T19:31:15+00:00,81,561245,Rodríguez,3,4,60,0,0,0,0,,False,0,0,0,0,0,0,7,27,7,27,0.1,d,75,Unspecified injury - 75% chance of playing,2026-08-15T16:30:07.054142Z,0.0,0,0,0
2026-08-21T19:31:15+00:00,566,483067,Silva,3,2,50,0,0,0,0,,False,0,0,0,0,0,0,42,14,42,14,0.3,a,,,,0.0,0,0,0
2026-08-21T19:31:15+00:00,573,494928,Sanchez,3,2,45,0,0,0,0,,False,0,0,0,0,0,0,24,10,24,10,0.2,a,,,,0.0,0,0,0
2026-08-21T19:31:15+00:00,82,200720,Kelleher,4,1,50,0,0,0,0,,False,0,0,0,0,0,0,163,138,163,138,5.8,a,,,,0.0,0,0,0
2026-08-21T19:31:15+00:00,83,507433,Valdimarsson,4,1,45,0,0,0,0,,False,0,0,0,0,0,0,8,3,8,3,0.1,a,,,,0.0,0,0,0
2026-08-21T19:31:15+00:00,84,432830,Collins,4,2,55,0,0,0,0,,False,0,0,0,0,0,0,143,89,143,89,1.8,a,,,,0.0,0,0,0
2026-08-21T19:31:15+00:00,85,444765,Van den Berg,4,2,50,0,0,0,0,,False,0,0,0,0,0,0,10,86,10,86,0.2,i,0,Groin injury - Unknown return date,2026-08-15T15:30:06.416627Z,0.0,0,0,0
2026-08-21T19:31:15+00:00,86,249231,Lewis-Potter,4,3,55,0,0,0,0,,False,0,0,0,0,0,0,10,23,10,23,0.4,a,,,,0.0,0,0,0
2026-08-21T19:31:15+00:00,87,191866,Ajer,4,2,45,0,0,0,0,,False,0,0,0,0,0,0,293,68,293,68,3.6,a,,,,0.0,0,0,0
2026-08-21T19:31:15+00:00,88,607464,Kayode,4,2,45,0,0,0,0,,False,0,0,0,0,0,0,330,64,330,64,3.2,a,,,,0.0,0,0,0
2026-08-21T19:31:15+00:00,89,194010,Henry,4,2,45,0,0,0,0,,False,0,0,0,0,0,0,20,13,20,13,0.3,a,,,,0.0,0,0,0
2026-08-21T19:31:15+00:00,90,472713,Hickey,4,2,45,0,0,0,0,,False,0,0,0,0,0,0,20,5,20,5,0.1,a,,,,0.0,0,0,0
2026-08-21T19:31:15+00:00,91,231065,Pinnock,4,2,45,0,0,0,0,,False,0,0,0,0,0,0,7,2,7,2,0.1,a,,,,0.0,0,0,0
2026-08-21T19:31:15+00:00,92,570241,Ji-soo,4,2,45,0,0,0,0,,False,0,0,0,0,0,0,2,1,2,1,0.0,a,,,,0.0,0,0,0
2026-08-21T19:31:15+00:00,93,513086,Schuster,4,2,45,0,0,0,0,,False,0,0,0,0,0,0,3,14,3,14,0.2,a,,,,0.0,0,0,0
2026-08-21T19:31:15+00:00,94,513418,Schade,4,3,60,0,0,0,0,,False,0,0,0,0,0,0,132,78,132,78,3.7,a,,,,0.0,0,0,0
2026-08-21T19:31:15+00:00,95,533463,O.Dango,4,3,65,0,0,0,0,,False,0,0,0,0,0,0,37,47,37,47,1.2,a,,,,0.0,0,0,0
2026-08-21T19:31:15+00:00,96,440089,Damsgaard,4,3,55,0,0,0,0,,False,0,0,0,0,0,0,31,25,31,25,0.6,a,,,,0.0,0,0,0
2026-08-21T19:31:15+00:00,97,207283,Jensen,4,3,55,0,0,0,0,,False,0,0,0,0,0,0,5,9,5,9,0.2,a,,,,0.0,0,0,0
2026-08-21T19:31:15+00:00,98,204580,Janelt,4,3,50,0,0,0,0,,False,0,0,0,0,0,0,8,2,8,2,0.1,a,,,,0.0,0,0,0
2026-08-21T19:31:15+00:00,99,543295,Milambo,4,3,50,0,0,0,0,,False,0,0,0,0,0,0,0,3,0,3,0.0,i,0,Knee injury - Unknown return date,2026-07-23T12:01:23.384798Z,0.0,0,0,0
2026-08-21T19:31:15+00:00,100,244858,Carvalho,4,3,50,0,0,0,0,,False,0,0,0,0,0,0,1,6,1,6,0.0,d,75,Lack of match fitness - 75% chance of playing,2026-08-18T13:58:17.442072Z,0.0,0,0,0
2026-08-21T19:31:15+00:00,102,508395,Yarmoliuk,4,3,50,0,0,0,0,,False,0,0,0,0,0,0,22,38,22,38,1.4,a,,,,0.0,0,0,0
2026-08-21T19:31:15+00:00,103,183656,Dasilva,4,3,50,0,0,0,0,,False,0,0,0,0,0,0,1,1,1,1,0.0,a,,,,0.0,0,0,0
2026-08-21T19:31:15+00:00,105,444180,Anthony,4,3,60,0,0,0,0,,False,0,0,0,0,0,0,10,12,10,12,0.2,a,,,,0.0,0,0,0
2026-08-21T19:31:15+00:00,106,502500,Thiago,4,4,80,0,0,0,0,,False,0,0,0,0,0,0,514,759,514,759,17.0,a,,,,0.0,0,0,0
2026-08-21T19:31:15+00:00,107,593174,Furo,4,4,45,0,0,0,0,,False,0,0,0,0,0,0,125,53,125,53,0.9,a,,,,0.0,0,0,0
2026-08-21T19:31:15+00:00,108,75115,Wilson,4,4,55,0,0,0,0,,False,0,0,0,0,0,0,69,29,69,29,0.3,a,,,,0.0,0,0,0
2026-08-21T19:31:15+00:00,565,513545,M.Sangaré,4,3,55,0,0,0,0,,False,0,0,0,0,0,0,121,64,121,64,3.3,a,,,,0.0,0,0,0
2026-08-21T19:31:15+00:00,109,489639,Verbruggen,5,1,45,0,0,0,0,,False,0,0,0,0,0,0,494,304,494,304,22.2,a,,,,0.0,0,0,0
2026-08-21T19:31:15+00:00,111,49262,Steele,5,1,40,0,0,0,0,,False,0,0,0,0,0,0,114,65,114,65,4.2,a,,,,0.0,0,0,0
2026-08-21T19:31:15+00:00,113,231416,F.Kadıoğlu,5,2,45,0,0,0,0,,False,0,0,0,0,0,0,182,100,182,100,3.0,a,,,,0.0,0,0,0
2026-08-21T19:31:15+00:00,114,204120,Boscagli,5,2,45,0,0,0,0,,False,0,0,0,0,0,0,18,13,18,13,0.2,a,,,,0.0,0,0,0
2026-08-21T19:31:15+00:00,115,465730,De Cuyper,5,2,45,0,0,0,0,,False,0,0,0,0,0,0,103,63,103,63,1.7,a,,,,0.0,0,0,0
2026-08-21T19:31:15+00:00,116,83299,Dunk,5,2,45,0,0,0,0,,False,0,0,0,0,0,0,170,35,170,35,1.0,a,,,,0.0,0,0,0
2026-08-21T19:31:15+00:00,117,550090,Coppola,5,2,45,0,0,0,0,,False,0,0,0,0,0,0,3,1,3,1,0.0,a,,,,0.0,0,0,0
2026-08-21T19:31:15+00:00,118,223434,Igor,5,2,45,0,0,0,0,,False,0,0,0,0,0,0,21,6,21,6,0.1,a,,,,0.0,0,0,0
2026-08-21T19:31:15+00:00,119,451490,Costinha,5,2,45,0,0,0,0,,False,0,0,0,0,0,0,6,1,6,1,0.0,a,,,,0.0,0,0,0
2026-08-21T19:31:15+00:00,120,454490,Svoboda,5,2,50,0,0,0,0,,False,0,0,0,0,0,0,7,2,7,2,0.0,a,,,,0.0,0,0,0
2026-08-21T19:31:15+00:00,121,451340,Mitoma,5,3,60,0,0,0,0,,False,0,0,0,0,0,0,4,25,4,25,0.0,i,0,Hamstring injury - Unknown return date,2026-07-24T18:30:10.661894Z,0.0,0,0,0
2026-08-21T19:31:15+00:00,122,592031,Minteh,5,3,60,0,0,0,0,,False,0,0,0,0,0,0,5,86,5,86,0.1,i,0,Leg injury - Expected back 28 Nov,2026-08-14T18:00:06.418033Z,0.0,0,0,0
2026-08-21T19:31:15+00:00,123,532529,Hinshelwood,5,3,60,0,0,0,0,,False,0,0,0,0,0,0,11,26,11,26,0.4,a,,,,0.0,0,0,0
2026-08-21T19:31:15+00:00,124,60307,Groß,5,3,55,0,0,0,0,,False,0,0,0,0,0,0,500,264,500,264,14.6,a,,,,0.0,0,0,0
2026-08-21T19:31:15+00:00,125,463067,Georginio,5,4,55,0,0,0,0,,False,0,0,0,0,0,0,45,41,45,41,0.9,a,,,,0.0,0,0,0
2026-08-21T19:31:15+00:00,126,219249,O'Riley,5,3,55,0,0,0,0,,False,0,0,0,0,0,0,13,10,13,10,0.1,a,,,,0.0,0,0,0
2026-08-21T19:31:15+00:00,127,514254,Gomez,5,3,50,0,0,0,0,,False,0,0,0,0,0,0,218,93,218,93,4.0,a,,,,0.0,0,0,0
2026-08-21T19:31:15+00:00,128,536916,Buonanotte,5,3,50,0,0,0,0,,False,0,0,0,0,0,0,0,9,0,9,0.0,u,0,Has joined Elche on loan for the rest of the season,2026-08-10T14:03:07.561436Z,0.0,0,0,0
2026-08-21T19:31:15+00:00,129,509416,Ayari,5,3,55,0,0,0,0,,False,0,0,0,0,0,0,42,47,42,47,0.7,a,,,,0.0,0,0,0
2026-08-21T19:31:15+00:00,130,467779,Wieffer,5,2,50,0,0,0,0,,False,0,0,0,0,0,0,19,16,19,16,0.3,a,,,,0.0,0,0,0
2026-08-21T19:31:15+00:00,131,535301,Baleba,5,3,50,0,0,0,0,,False,0,0,0,0,0,0,45,54,45,54,0.2,i,0,Ankle injury - Expected back 23 Aug,2026-08-06T16:00:10.997714Z,0.0,0,0,0
2026-08-21T19:31:15+00:00,132,597320,Howell,5,3,45,0,0,0,0,,False,0,0,0,0,0,0,0,35,0,35,0.1,u,0,Has joined Leicester City on loan for the rest of the season,2026-08-17T13:53:19.019938Z,0.0,0,0,0
2026-08-21T19:31:15+00:00,133,549074,Watson,5,3,50,0,0,0,0,,False,0,0,0,0,0,0,0,0,0,0,0.0,u,0,Has joined Leicester City on loan for the rest of the season,2026-08-03T14:05:44.459483Z,0.0,0,0,0
2026-08-21T19:31:15+00:00,134,556637,Oriola,5,3,45,0,0,0,0,,False,0,0,0,0,0,0,28,18,28,18,0.3,a,,,,0.0,0,0,0
2026-08-21T19:31:15+00:00,135,700308,Yohanna,5,3,50,0,0,0,0,,False,0,0,0,0,0,0,11,4,11,4,0.1,a,,,,0.0,0,0,0
2026-08-21T19:31:15+00:00,137,608181,Tzimas,5,4,55,0,0,0,0,,False,0,0,0,0,0,0,0,5,0,5,0.0,i,0,Knee injury - Unknown return date,2026-07-23T12:01:23.432796Z,0.0,0,0,0
2026-08-21T19:31:15+00:00,138,647850,Kostoulas,5,4,55,0,0,0,0,,False,0,0,0,0,0,0,12,14,12,14,0.2,a,,,,0.0,0,0,0
2026-08-21T19:31:15+00:00,139,487117,Ferguson,5,4,50,0,0,0,0,,False,0,0,0,0,0,0,11,16,11,16,0.0,i,0,Ankle injury - Expected back 10 Oct,2026-07-23T12:01:23.448357Z,0.0,0,0,0
2026-08-21T19:31:15+00:00,328,222694,Struijk,5,2,50,0,0,0,0,,False,0,0,0,0,0,0,31,10,31,10,0.2,a,100,,2026-08-15T20:30:07.523574Z,0.0,0,0,0
2026-08-21T19:31:15+00:00,504,610799,Vuskovic,5,2,50,0,0,0,0,,False,0,0,0,0,0,0,176,65,176,65,2.5,a,,,,0.0,0,0,0
2026-08-21T19:31:15+00:00,594,538007,David,5,4,60,0,0,0,0,,False,0,0,0,0,0,0,43,23,43,23,0.2,a,,,,0.0,0,0,0
2026-08-21T19:31:15+00:00,600,612855,Osman,5,3,50,0,0,0,0,,False,0,0,0,0,0,0,3,2,3,2,0.0,a,,,,0.0,0,0,0
2026-08-21T19:31:15+00:00,40,244850,Rogers,6,3,75,0,0,0,0,,False,0,0,0,0,0,0,770,626,770,626,24.4,a,,,,0.0,0,0,0
2026-08-21T19:31:15+00:00,101,56979,Henderson,6,3,50,0,0,0,0,,False,0,0,0,0,0,0,5,10,5,10,0.0,d,75,Wrist injury - 75% chance of playing,2026-08-09T09:30:07.136250Z,0.0,0,0,0
2026-08-21T19:31:15+00:00,136,50175,Welbeck,6,4,60,0,0,0,0,,False,0,0,0,0,0,0,16,404,16,404,1.2,d,75,Unspecified injury - 75% chance of playing,2026-08-20T14:00:07.949090Z,0.0,0,0,0
2026-08-21T19:31:15+00:00,140,215059,Sánchez,6,1,50,0,0,0,0,,False,0,0,0,0,0,0,92,124,92,124,2.3,a,,,,0.0,0,0,0
2026-08-21T19:31:15+00:00,141,508479,Jörgensen,6,1,50,0,0,0,0,,False,0,0,0,0,0,0,0,20,0,20,0.0,u,0,Has joined RC Strasbourg on loan for the rest of the season,2026-08-12T14:07:02.607115Z,0.0,0,0,0
2026-08-21T19:31:15+00:00,142,225796,James,6,2,55,0,0,0,0,,False,0,0,0,0,0,0,1741,351,1741,351,9.9,a,,,,0.0,0,0,0
2026-08-21T19:31:15+00:00,143,180736,Chalobah,6,2,55,0,0,0,0,,False,0,0,0,0,0,0,0,271,0,271,0.2,u,0,Has joined Como permanently,2026-08-10T14:03:50.769483Z,0.0,0,0,0
2026-08-21T19:31:15+00:00,144,482609,Gusto,6,2,50,0,0,0,0,,False,0,0,0,0,0,0,310,82,310,82,1.1,a,,,,0.0,0,0,0
2026-08-21T19:31:15+00:00,145,444463,Fofana,6,2,50,0,0,0,0,,False,0,0,0,0,0,0,2,6,2,6,0.0,s,0,Suspended until 6 Sep,2026-07-23T12:01:23.464591Z,0.0,0,0,0
2026-08-21T19:31:15+00:00,146,242880,B.Badiashile,6,2,45,0,0,0,0,,False,0,0,0,0,0,0,11,5,11,5,0.0,a,,,,0.0,0,0,0
2026-08-21T19:31:15+00:00,147,109646,Tosin,6,2,45,0,0,0,0,,False,0,0,0,0,0,0,14,19,14,19,0.2,a,,,,0.0,0,0,0
2026-08-21T19:31:15+00:00,148,551210,Hato,6,2,45,0,0,0,0,,False,0,0,0,0,0,0,41,33,41,33,0.5,a,,,,0.0,0,0,0
2026-08-21T19:31:15+00:00,149,460028,Colwill,6,2,50,0,0,0,0,,False,0,0,0,0,0,0,283,75,283,75,1.6,a,,,,0.0,0,0,0
2026-08-21T19:31:15+00:00,150,574458,M.Sarr,6,2,45,0,0,0,0,,False,0,0,0,0,0,0,22,13,22,13,0.1,a,,,,0.0,0,0,0
2026-08-21T19:31:15+00:00,151,577016,Acheampong,6,2,45,0,0,0,0,,False,0,0,0,0,0,0,31,26,31,26,0.3,a,,,,0.0,0,0,0
2026-08-21T19:31:15+00:00,152,620109,Palestra,6,2,55,0,0,0,0,,False,0,0,0,0,0,0,234,126,234,126,3.0,a,,,,0.0,0,0,0
2026-08-21T19:31:15+00:00,153,220362,Disasi,6,2,45,0,0,0,0,,False,0,0,0,0,0,0,18,5,18,5,0.1,a,,,,0.0,0,0,0
2026-08-21T19:31:15+00:00,154,244851,Palmer,6,3,95,0,0,0,0,,False,0,0,0,0,0,0,228,341,228,341,10.4,a,,,,0.0,0,0,0
2026-08-21T19:31:15+00:00,155,448047,Enzo,6,3,70,0,0,0,0,,False,0,0,0,0,0,0,439,360,439,360,5.0,a,,,,0.0,0,0,0
2026-08-21T19:31:15+00:00,156,247632,Neto,6,3,65,0,0,0,0,,False,0,0,0,0,0,0,121,102,121,102,1.3,a,,,,0.0,0,0,0
2026-08-21T19:31:15+00:00,157,624773,Estêvão,6,3,65,0,0,0,0,,False,0,0,0,0,0,0,129,164,129,164,1.2,a,,,,0.0,0,0,0
2026-08-21T19:31:15+00:00,158,463936,Gittens,6,3,60,0,0,0,0,,False,0,0,0,0,0,0,6,5,6,5,0.0,a,,,,0.0,0,0,0
2026-08-21T19:31:15+00:00,159,486672,Caicedo,6,3,55,0,0,0,0,,False,0,0,0,0,0,0,371,207,371,207,3.9,a,,,,0.0,0,0,0
2026-08-21T19:31:15+00:00,161,514356,Lavia,6,3,50,0,0,0,0,,False,0,0,0,0,0,0,11,7,11,7,0.1,a,,,,0.0,0,0,0
2026-08-21T19:31:15+00:00,163,491007,D.Essugo,6,3,45,0,0,0,0,,False,0,0,0,0,0,0,27,21,27,21,0.2,a,,,,0.0,0,0,0
2026-08-21T19:31:15+00:00,164,593117,Quenda,6,3,55,0,0,0,0,,False,0,0,0,0,0,0,5,4,5,4,0.0,a,100,,2026-07-24T20:30:10.609931Z,0.0,0,0,0
2026-08-21T19:31:15+00:00,165,475168,João Pedro,6,4,75,0,0,0,0,,False,0,0,0,0,0,0,1623,566,1623,566,64.5,a,,,,0.0,0,0,0
2026-08-21T19:31:15+00:00,166,517052,N.Jackson,6,4,65,0,0,0,0,,False,0,0,0,0,0,0,48,80,48,80,0.3,a,,,,0.0,0,0,0
2026-08-21T19:31:15+00:00,167,463034,Delap,6,4,55,0,0,0,0,,False,0,0,0,0,0,0,37,75,37,75,0.5,a,,,,0.0,0,0,0
2026-08-21T19:31:15+00:00,168,499309,Marc Guiu,6,4,50,0,0,0,0,,False,0,0,0,0,0,0,66,54,66,54,0.5,a,,,,0.0,0,0,0
2026-08-21T19:31:15+00:00,169,567119,Mheuka,6,4,45,0,0,0,0,,False,0,0,0,0,0,0,51,43,51,43,0.3,a,,,,0.0,0,0,0
2026-08-21T19:31:15+00:00,170,503037,Emegha,6,4,50,0,0,0,0,,False,0,0,0,0,0,0,42,20,42,20,0.1,a,100,,2026-07-24T20:30:10.622380Z,0.0,0,0,0
2026-08-21T19:31:15+00:00,200,437499,Lacroix,6,2,60,0,0,0,0,,False,0,0,0,0,0,0,518,457,518,457,8.9,a,,,,0.0,0,0,0
2026-08-21T19:31:15+00:00,560,549939,Penders,6,1,45,0,0,0,0,,False,0,0,0,0,0,0,8,6,8,6,0.1,a,,,,0.0,0,0,0
2026-08-21T19:31:15+00:00,561,622758,Anselmino,6,2,45,0,0,0,0,,False,0,0,0,0,0,0,7,2,7,2,0.0,a,,,,0.0,0,0,0
2026-08-21T19:31:15+00:00,568,543158,Barco,6,3,55,0,0,0,0,,False,0,0,0,0,0,0,7,14,7,14,0.1,a,,,,0.0,0,0,0
2026-08-21T19:31:15+00:00,578,465920,Mudryk,6,3,55,0,0,0,0,,False,0,0,0,0,0,0,1,6,1,6,0.0,a,,,,0.0,0,0,0
2026-08-21T19:31:15+00:00,583,498444,Chavarria,6,2,50,0,0,0,0,,False,0,0,0,0,0,0,32,20,32,20,0.2,a,,,,0.0,0,0,0
2026-08-21T19:31:15+00:00,104,428580,Onyeka,7,3,50,0,0,0,0,,False,0,0,0,0,0,0,45,15,45,15,0.2,a,,,,1.0,1,1,29
2026-08-21T19:31:15+00:00,110,472739,Rushworth,7,1,45,0,0,0,0,,False,0,0,0,0,0,0,146,29,146,29,1.1,a,,,,0.0,0,0,29
2026-08-21T19:31:15+00:00,171,484389,Dovin,7,1,40,0,0,0,0,,False,0,0,0,0,0,0,24,68,24,68,1.6,a,,,,0.0,0,0,0
2026-08-21T19:31:15+00:00,172,110690,Wilson,7,1,45,0,0,0,0,,False,0,0,0,0,0,0,7,49,7,49,0.5,a,,,,0.0,0,0,0
2026-08-21T19:31:15+00:00,173,461102,Thomas,7,2,40,0,0,0,0,,False,0,0,0,0,0,0,411,124,411,124,8.1,a,,,,0.0,0,0,29
2026-08-21T19:31:15+00:00,174,436761,Kitching,7,2,40,0,0,0,0,,False,0,0,0,0,0,0,10,40,10,40,0.7,a,,,,0.0,0,0,0
2026-08-21T19:31:15+00:00,175,451284,van Ewijk,7,2,40,0,0,0,0,,False,0,0,0,0,0,0,896,188,896,188,14.1,a,,,,0.0,0,0,29
2026-08-21T19:31:15+00:00,176,173878,Dasilva,7,2,40,0,0,0,0,,False,0,0,0,0,0,0,74,22,74,22,0.8,a,,,,0.0,0,0,29
2026-08-21T19:31:15+00:00,177,465390,Kesler-Hayden,7,2,40,0,0,0,0,,False,0,0,0,0,0,0,5,5,5,5,0.1,a,,,,0.0,0,0,0
2026-08-21T19:31:15+00:00,178,80178,Bidwell,7,2,40,0,0,0,0,,False,0,0,0,0,0,0,174,12,174,12,0.1,a,,,,0.0,0,0,0
2026-08-21T19:31:15+00:00,179,204813,Latibeaudiere,7,2,40,0,0,0,0,,False,0,0,0,0,0,0,4,3,4,3,0.0,a,,,,0.0,0,0,0
2026-08-21T19:31:15+00:00,180,220583,Woolfenden,7,2,40,0,0,0,0,,False,0,0,0,0,0,0,10,15,10,15,0.2,a,,,,0.0,0,0,0
2026-08-21T19:31:15+00:00,181,577411,Brau,7,2,40,0,0,0,0,,False,0,0,0,0,0,0,4,5,4,5,0.0,a,,,,0.0,0,0,0
2026-08-21T19:31:15+00:00,182,539142,Amenda,7,2,40,0,0,0,0,,False,0,0,0,0,0,0,86,35,86,35,0.9,a,,,,0.0,0,0,29
2026-08-21T19:31:15+00:00,183,480457,Rudoni,7,3,50,0,0,0,0,,False,0,0,0,0,0,0,24,15,24,15,0.1,a,100,,2026-07-23T12:01:23.481435Z,0.0,0,0,0
2026-08-21T19:31:15+00:00,184,168144,Grimes,7,3,50,0,0,0,0,,False,0,0,0,0,0,0,75,12,75,12,0.2,a,,,,1.0,1,1,29
2026-08-21T19:31:15+00:00,185,501459,Sakamoto,7,3,50,0,0,0,0,,False,0,0,0,0,0,0,10,17,10,17,0.1,a,,,,0.0,0,0,0
2026-08-21T19:31:15+00:00,186,241293,Mason-Clark,7,3,55,0,0,0,0,,False,0,0,0,0,0,0,17,25,17,25,0.1,a,100,,2026-08-19T18:00:08.310507Z,0.0,0,0,0
2026-08-21T19:31:15+00:00,187,439668,Eccles,7,3,50,0,0,0,0,,False,0,0,0,0,0,0,3,4,3,4,0.0,a,,,,0.0,0,0,0
2026-08-21T19:31:15+00:00,188,226965,Torp,7,3,55,0,0,0,0,,False,0,0,0,0,0,0,5,20,5,20,0.2,a,,,,0.0,0,0,0
2026-08-21T19:31:15+00:00,189,684268,Shepherd,7,3,45,0,0,0,0,,False,0,0,0,0,0,0,34,27,34,27,0.3,a,,,,0.0,0,0,0
2026-08-21T19:31:15+00:00,190,469272,Tchaouna,7,3,55,0,0,0,0,,False,0,0,0,0,0,0,38,8,38,8,0.1,a,,,,1.0,1,1,29
2026-08-21T19:31:15+00:00,191,492498,Borges Rodrigues,7,3,45,0,0,0,0,,False,0,0,0,0,0,0,13,7,13,7,0.2,a,,,,0.0,0,0,0
2026-08-21T19:31:15+00:00,192,629397,Andrews,7,3,45,0,0,0,0,,False,0,0,0,0,0,0,65,48,65,48,0.7,a,,,,0.0,0,0,0
2026-08-21T19:31:15+00:00,193,176412,Wright,7,4,55,0,0,0,0,,False,0,0,0,0,0,0,4,146,4,146,0.2,i,0,Thigh injury - Unknown return date,2026-08-14T22:00:07.214508Z,0.0,0,0,0
2026-08-21T19:31:15+00:00,194,230730,Thomas-Asante,7,4,50,0,0,0,0,,False,0,0,0,0,0,0,171,47,171,47,0.7,a,,,,1.0,1,1,29
2026-08-21T19:31:15+00:00,195,218997,Simms,7,4,50,0,0,0,0,,False,0,0,0,0,0,0,362,48,362,48,0.9,a,,,,1.0,1,1,29
2026-08-21T19:31:15+00:00,196,551262,Markelo,7,4,50,0,0,0,0,,False,0,0,0,0,0,0,0,22,0,22,0.0,u,0,Has joined Shabab Al-Ahli Dubai permanently,2026-08-17T13:53:55.791223Z,0.0,0,0,0
2026-08-21T19:31:15+00:00,197,549653,Bassette,7,4,45,0,0,0,0,,False,0,0,0,0,0,0,0,20,0,20,0.1,u,0,Has joined KVC Westerlo on loan for the rest of the season,2026-07-28T12:58:50.001768Z,0.0,0,0,0
2026-08-21T19:31:15+00:00,492,210156,Awoniyi,7,4,55,0,0,0,0,,False,0,0,0,0,0,0,98,98,98,98,0.9,a,,,,0.0,0,0,0
2026-08-21T19:31:15+00:00,575,661888,Yirenkyi,7,3,50,0,0,0,0,,False,0,0,0,0,0,0,67,15,67,15,0.3,a,,,,0.0,0,0,29
2026-08-21T19:31:15+00:00,584,196100,Hamer,7,3,55,0,0,0,0,,False,0,0,0,0,0,0,15,25,15,25,0.1,a,,,,0.0,0,0,0
2026-08-21T19:31:15+00:00,599,627221,Cherif,7,4,50,0,0,0,0,,False,0,0,0,0,0,0,38,30,38,30,0.1,a,,,,0.0,0,0,0
2026-08-21T19:31:15+00:00,42,485337,Guessand,8,3,55,0,0,0,0,,False,0,0,0,0,0,0,9,4,9,4,0.0,a,,,,0.0,0,0,0
2026-08-21T19:31:15+00:00,198,172649,Henderson,8,1,50,0,0,0,0,,False,0,0,0,0,0,0,19,447,19,447,1.9,d,75,Ankle injury - 75% chance of playing,2026-08-20T14:00:08.018379Z,0.0,0,0,0
2026-08-21T19:31:15+00:00,199,121709,Benitez,8,1,45,0,0,0,0,,False,0,0,0,0,0,0,18,7,18,7,0.1,a,,,,0.0,0,0,0
2026-08-21T19:31:15+00:00,201,247348,Muñoz,8,2,55,0,0,0,0,,False,0,0,0,0,0,0,827,389,827,389,9.8,a,,,,0.0,0,0,0
2026-08-21T19:31:15+00:00,202,427623,Richards,8,2,50,0,0,0,0,,False,0,0,0,0,0,0,73,32,73,32,0.7,a,,,,0.0,0,0,0
2026-08-21T19:31:15+00:00,203,651426,Canvot,8,2,50,0,0,0,0,,False,0,0,0,0,0,0,15,18,15,18,0.3,a,,,,0.0,0,0,0
2026-08-21T19:31:15+00:00,204,244723,Mitchell,8,2,45,0,0,0,0,,False,0,0,0,0,0,0,239,155,239,155,6.5,a,,,,0.0,0,0,0
2026-08-21T19:31:15+00:00,205,218364,Sosa,8,2,45,0,0,0,0,,False,0,0,0,0,0,0,2,1,2,1,0.0,a,,,,0.0,0,0,0
2026-08-21T19:31:15+00:00,206,515621,Chadi Riad,8,2,45,0,0,0,0,,False,0,0,0,0,0,0,22,9,22,9,0.1,a,,,,0.0,0,0,0
2026-08-21T19:31:15+00:00,207,242313,Mingueza,8,2,45,0,0,0,0,,False,0,0,0,0,0,0,5,7,5,7,0.1,a,,,,0.0,0,0,0
2026-08-21T19:31:15+00:00,208,232185,Sarr,8,3,65,0,0,0,0,,False,0,0,0,0,0,0,187,271,187,271,4.8,a,,,,0.0,0,0,0
2026-08-21T19:31:15+00:00,210,496221,Wharton,8,3,55,0,0,0,0,,False,0,0,0,0,0,0,57,56,57,56,0.9,a,100,,2026-07-23T12:01:23.498963Z,0.0,0,0,0
2026-08-21T19:31:15+00:00,211,488024,Yeremy,8,3,55,0,0,0,0,,False,0,0,0,0,0,0,4,8,4,8,0.2,a,,,,0.0,0,0,0
2026-08-21T19:31:15+00:00,212,108413,Hughes,8,3,45,0,0,0,0,,False,0,0,0,0,0,0,748,253,748,253,12.2,a,,,,0.0,0,0,0
2026-08-21T19:31:15+00:00,213,152551,Lerma,8,3,50,0,0,0,0,,False,0,0,0,0,0,0,11,6,11,6,0.1,a,,,,0.0,0,0,0
2026-08-21T19:31:15+00:00,214,209400,Kamada,8,3,50,0,0,0,0,,False,0,0,0,0,0,0,20,20,20,20,0.3,a,,,,0.0,0,0,0
2026-08-21T19:31:15+00:00,215,489706,Devenny,8,3,50,0,0,0,0,,False,0,0,0,0,0,0,1,1,1,1,0.0,a,,,,0.0,0,0,0
2026-08-21T19:31:15+00:00,216,606921,Esse,8,3,50,0,0,0,0,,False,0,0,0,0,0,0,5,3,5,3,0.0,a,,,,0.0,0,0,0
2026-08-21T19:31:15+00:00,217,536694,M.França,8,3,50,0,0,0,0,,False,0,0,0,0,0,0,1,1,1,1,0.0,a,,,,0.0,0,0,0
2026-08-21T19:31:15+00:00,218,438464,Doucouré,8,3,50,0,0,0,0,,False,0,0,0,0,0,0,15,2,15,2,0.1,a,,,,0.0,0,0,0
2026-08-21T19:31:15+00:00,219,450542,J.Rak-Sakyi,8,3,50,0,0,0,0,,False,0,0,0,0,0,0,0,1,0,1,0.0,a,,,,0.0,0,0,0
2026-08-21T19:31:15+00:00,220,590014,Cardines,8,2,45,0,0,0,0,,False,0,0,0,0,0,0,0,3,0,3,0.0,u,0,Has joined Bristol City on loan for the rest of the season,2026-08-12T14:08:46.501813Z,0.0,0,0,0
2026-08-21T19:31:15+00:00,221,672492,Drakes-Thomas,8,3,45,0,0,0,0,,False,0,0,0,0,0,0,13,5,13,5,0.1,a,,,,0.0,0,0,0
2026-08-21T19:31:15+00:00,222,247412,Strand Larsen,8,4,60,0,0,0,0,,False,0,0,0,0,0,0,24,36,24,36,0.6,a,,,,0.0,0,0,0
2026-08-21T19:31:15+00:00,223,231747,Mateta,8,4,65,0,0,0,0,,False,0,0,0,0,0,0,334,382,334,382,5.7,a,,,,0.0,0,0,0
2026-08-21T19:31:15+00:00,224,205533,Nketiah,8,4,55,0,0,0,0,,False,0,0,0,0,0,0,39,30,39,30,0.5,a,,,,0.0,0,0,0
2026-08-21T19:31:15+00:00,225,660392,Uche,8,4,50,0,0,0,0,,False,0,0,0,0,0,0,0,0,0,0,0.0,u,0,has returned to Getafe CF,2026-07-23T12:18:56.275922Z,0.0,0,0,0
2026-08-21T19:31:15+00:00,241,433154,McNeil,8,3,55,0,0,0,0,,False,0,0,0,0,0,0,6,9,6,9,0.2,a,,,,0.0,0,0,0
2026-08-21T19:31:15+00:00,555,169593,Matthews,8,1,40,0,0,0,0,,False,0,0,0,0,0,0,75,32,75,32,1.8,a,,,,0.0,0,0,0
2026-08-21T19:31:15+00:00,577,223723,Tomiyasu,8,2,45,0,0,0,0,,False,0,0,0,0,0,0,29,22,29,22,0.4,a,,,,0.0,0,0,0
2026-08-21T19:31:15+00:00,588,570794,Khalaili,8,2,50,0,0,0,0,,False,0,0,0,0,0,0,12,9,12,9,0.1,a,,,,0.0,0,0,0
2026-08-21T19:31:15+00:00,595,559152,Gozo,8,3,50,0,0,0,0,,False,0,0,0,0,0,0,3,1,3,1,0.0,a,,,,0.0,0,0,0
2026-08-21T19:31:15+00:00,21,128295,Nørgaard,9,3,50,0,0,0,0,,False,0,0,0,0,0,0,2,60,2,60,0.1,i,0,Unspecified injury - Unknown return date,2026-08-15T20:00:06.779594Z,0.0,0,0,0
2026-08-21T19:31:15+00:00,209,242898,Johnson,9,3,60,0,0,0,0,,False,0,0,0,0,0,0,7,15,7,15,0.2,a,,,,0.0,0,0,0
2026-08-21T19:31:15+00:00,226,111234,Pickford,9,1,55,0,0,0,0,,False,0,0,0,0,0,0,286,305,286,305,7.9,a,,,,0.0,0,0,0
2026-08-21T19:31:15+00:00,227,229600,Travers,9,1,50,0,0,0,0,,False,0,0,0,0,0,0,2,2,2,2,0.0,a,,,,0.0,0,0,0
2026-08-21T19:31:15+00:00,228,138001,King,9,1,45,0,0,0,0,,False,0,0,0,0,0,0,7,1,7,1,0.0,a,,,,0.0,0,0,0
2026-08-21T19:31:15+00:00,229,17761,Tarkowski,9,2,60,0,0,0,0,,False,0,0,0,0,0,0,333,357,333,357,8.6,a,,,,0.0,0,0,0
2026-08-21T19:31:15+00:00,230,480455,Branthwaite,9,2,55,0,0,0,0,,False,0,0,0,0,0,0,165,110,165,110,1.6,a,,,,0.0,0,0,0
2026-08-21T19:31:15+00:00,231,106611,Keane,9,2,50,0,0,0,0,,False,0,0,0,0,0,0,104,64,104,64,1.7,a,,,,0.0,0,0,0
2026-08-21T19:31:15+00:00,232,512462,O'Brien,9,2,50,0,0,0,0,,False,0,0,0,0,0,0,32,19,32,19,0.5,a,,,,0.0,0,0,0
2026-08-21T19:31:15+00:00,233,224967,Mykolenko,9,2,45,0,0,0,0,,False,0,0,0,0,0,0,71,82,71,82,1.5,a,,,,0.0,0,0,0
2026-08-21T19:31:15+00:00,234,243571,Patterson,9,2,45,0,0,0,0,,False,0,0,0,0,0,0,3,2,3,2,0.0,a,,,,0.0,0,0,0
2026-08-21T19:31:15+00:00,235,499300,Aznou,9,2,40,0,0,0,0,,False,0,0,0,0,0,0,16,6,16,6,0.2,a,,,,0.0,0,0,0
2026-08-21T19:31:15+00:00,236,215413,Dewsbury-Hall,9,3,65,0,0,0,0,,False,0,0,0,0,0,0,95,146,95,146,3.2,a,,,,0.0,0,0,0
2026-08-21T19:31:15+00:00,237,440993,Ndiaye,9,3,60,0,0,0,0,,False,0,0,0,0,0,0,542,429,542,429,16.0,a,,,,0.0,0,0,0
2026-08-21T19:31:15+00:00,239,232928,Garner,9,3,60,0,0,0,0,,False,0,0,0,0,0,0,5,47,5,47,0.1,d,25,Groin injury - 25% chance of playing,2026-07-25T14:30:10.455878Z,0.0,0,0,0
2026-08-21T19:31:15+00:00,240,490094,Iroegbunam,9,3,50,0,0,0,0,,False,0,0,0,0,0,0,0,8,0,8,0.0,i,0,Thigh injury - Unknown return date,2026-08-15T20:00:06.878792Z,0.0,0,0,0
2026-08-21T19:31:15+00:00,242,550615,George,9,3,55,0,0,0,0,,False,0,0,0,0,0,0,10,12,10,12,0.3,a,,,,0.0,0,0,0
2026-08-21T19:31:15+00:00,243,502697,Alcaraz,9,3,50,0,0,0,0,,False,0,0,0,0,0,0,29,13,29,13,0.1,a,,,,0.0,0,0,0
2026-08-21T19:31:15+00:00,244,609873,Armstrong,9,3,50,0,0,0,0,,False,0,0,0,0,0,0,12,5,12,5,0.1,a,,,,0.0,0,0,0
2026-08-21T19:31:15+00:00,245,496661,Dibling,9,3,55,0,0,0,0,,False,0,0,0,0,0,0,3,10,3,10,0.0,a,,,,0.0,0,0,0
2026-08-21T19:31:15+00:00,246,513466,Röhl,9,3,50,0,0,0,0,,False,0,0,0,0,0,0,5,2,5,2,0.1,a,,,,0.0,0,0,0
2026-08-21T19:31:15+00:00,247,244860,Hackney,9,3,55,0,0,0,0,,False,0,0,0,0,0,0,8,19,8,19,0.3,a,,,,0.0,0,0,0
2026-08-21T19:31:15+00:00,248,486385,Beto,9,4,55,0,0,0,0,,False,0,0,0,0,0,0,144,158,144,158,2.8,a,,,,0.0,0,0,0
2026-08-21T19:31:15+00:00,249,586309,Barry,9,4,55,0,0,0,0,,False,0,0,0,0,0,0,102,80,102,80,1.3,a,,,,0.0,0,0,0
2026-08-21T19:31:15+00:00,250,80201,Leno,10,1,45,0,0,0,0,,False,0,0,0,0,0,0,115,70,115,70,3.1,a,,,,0.0,0,0,0
2026-08-21T19:31:15+00:00,251,86873,Lecomte,10,1,40,0,0,0,0,,False,0,0,0,0,0,0,24,39,24,39,1.2,a,,,,0.0,0,0,0
2026-08-21T19:31:15+00:00,252,505079,McNally,10,1,40,0,0,0,0,,False,0,0,0,0,0,0,9,2,9,2,0.2,a,,,,0.0,0,0,0
2026-08-21T19:31:15+00:00,253,174874,Andersen,10,2,50,0,0,0,0,,False,0,0,0,0,0,0,3,9,3,9,0.0,s,0,Suspended until 30 Aug,2026-07-23T12:01:23.516350Z,0.0,0,0,0
2026-08-21T19:31:15+00:00,254,169528,Robinson,10,2,45,0,0,0,0,,False,0,0,0,0,0,0,206,53,206,53,1.7,a,,,,0.0,0,0,0
2026-08-21T19:31:15+00:00,255,246301,J.Cuenca,10,2,45,0,0,0,0,,False,0,0,0,0,0,0,6,2,6,2,0.0,a,,,,0.0,0,0,0
2026-08-21T19:31:15+00:00,256,167074,Tete,10,2,45,0,0,0,0,,False,0,0,0,0,0,0,11,18,11,18,0.3,a,,,,0.0,0,0,0
2026-08-21T19:31:15+00:00,257,232892,Bassey,10,2,45,0,0,0,0,,False,0,0,0,0,0,0,125,29,125,29,0.7,a,,,,0.0,0,0,0
2026-08-21T19:31:15+00:00,258,166477,Castagne,10,2,45,0,0,0,0,,False,0,0,0,0,0,0,14,10,14,10,0.3,a,,,,0.0,0,0,0
2026-08-21T19:31:15+00:00,261,153133,Iwobi,10,3,55,0,0,0,0,,False,0,0,0,0,0,0,42,46,42,46,1.0,a,,,,0.0,0,0,0
2026-08-21T19:31:15+00:00,262,209289,Smith Rowe,10,3,55,0,0,0,0,,False,0,0,0,0,0,0,18,25,18,25,0.4,a,,,,0.0,0,0,0
2026-08-21T19:31:15+00:00,263,560552,Kevin,10,3,55,0,0,0,0,,False,0,0,0,0,0,0,2,7,2,7,0.1,a,,,,0.0,0,0,0
2026-08-21T19:31:15+00:00,264,477555,Bobb,10,3,55,0,0,0,0,,False,0,0,0,0,0,0,17,18,17,18,0.3,a,,,,0.0,0,0,0
2026-08-21T19:31:15+00:00,265,207189,Berge,10,3,50,0,0,0,0,,False,0,0,0,0,0,0,33,15,33,15,0.4,a,,,,0.0,0,0,0
2026-08-21T19:31:15+00:00,266,76357,Cairney,10,3,50,0,0,0,0,,False,0,0,0,0,0,0,1,2,1,2,0.0,i,0,Knee injury - Expected back 10 Oct,2026-08-14T18:00:06.460944Z,0.0,0,0,0
2026-08-21T19:31:15+00:00,268,577725,King,10,3,55,0,0,0,0,,False,0,0,0,0,0,0,1,11,1,11,0.2,a,,,,0.0,0,0,0
2026-08-21T19:31:15+00:00,269,184349,Sessegnon,10,2,45,0,0,0,0,,False,0,0,0,0,0,0,26,12,26,12,0.4,a,,,,0.0,0,0,0
2026-08-21T19:31:15+00:00,270,153366,Reed,10,3,45,0,0,0,0,,False,0,0,0,0,0,0,303,82,303,82,1.6,a,,,,0.0,0,0,0
2026-08-21T19:31:15+00:00,271,244042,Muniz,10,4,55,0,0,0,0,,False,0,0,0,0,0,0,41,59,41,59,0.6,a,,,,0.0,0,0,0
2026-08-21T19:31:15+00:00,272,631786,Kusi-Asare,10,4,45,0,0,0,0,,False,0,0,0,0,0,0,391,190,391,190,7.5,a,,,,0.0,0,0,0
2026-08-21T19:31:15+00:00,569,551466,Gonzalo,10,4,60,0,0,0,0,,False,0,0,0,0,0,0,175,108,175,108,2.0,a,,,,0.0,0,0,0
2026-08-21T19:31:15+00:00,570,571779,Palacios,10,3,55,0,0,0,0,,False,0,0,0,0,0,0,8,14,8,14,0.2,a,,,,0.0,0,0,0
2026-08-21T19:31:15+00:00,580,463210,Charles,10,3,50,0,0,0,0,,False,0,0,0,0,0,0,7,12,7,12,0.1,a,,,,0.0,0,0,0
2026-08-21T19:31:15+00:00,273,167825,Phillips,11,1,40,0,0,0,0,,False,0,0,0,0,0,0,51,51,51,51,1.6,a,,,,0.0,0,0,0
2026-08-21T19:31:15+00:00,274,105666,Butland,11,1,45,0,0,0,0,,False,0,0,0,0,0,0,3,35,3,35,0.1,i,0,Arm injury - Unknown return date,2026-08-08T19:00:05.601633Z,0.0,0,0,0
2026-08-21T19:31:15+00:00,275,494950,Cartwright,11,1,40,0,0,0,0,,False,0,0,0,0,0,0,0,4,0,4,0.0,u,0,Has joined Grimsby Town on loan for the rest of the season,2026-07-29T13:00:27.959925Z,0.0,0,0,0
2026-08-21T19:31:15+00:00,276,444307,Lo-Tutala,11,1,40,0,0,0,0,,False,0,0,0,0,0,0,0,11,0,11,0.0,u,0,Has joined Colchester United on loan for the rest of the season,2026-08-17T13:50:27.125537Z,0.0,0,0,0
2026-08-21T19:31:15+00:00,277,108416,Egan,11,2,40,0,0,0,0,,False,0,0,0,0,0,0,69,55,69,55,1.5,a,,,,0.0,0,0,0
2026-08-21T19:31:15+00:00,278,501902,Hughes,11,2,40,0,0,0,0,,False,0,0,0,0,0,0,3,44,3,44,0.1,i,0,Groin injury - Unknown return date,2026-08-02T09:00:11.030017Z,0.0,0,0,0
2026-08-21T19:31:15+00:00,279,146426,Ajayi,11,2,40,0,0,0,0,,False,0,0,0,0,0,0,92,43,92,43,0.9,a,,,,0.0,0,0,0
2026-08-21T19:31:15+00:00,280,193278,Coyle,11,2,40,0,0,0,0,,False,0,0,0,0,0,0,13,36,13,36,0.7,a,,,,0.0,0,0,0
2026-08-21T19:31:15+00:00,281,433590,Drameh,11,2,40,0,0,0,0,,False,0,0,0,0,0,0,3,3,3,3,0.0,a,100,,2026-08-08T19:00:05.613036Z,0.0,0,0,0
2026-08-21T19:31:15+00:00,282,232351,Giles,11,2,40,0,0,0,0,,False,0,0,0,0,0,0,15,27,15,27,0.8,a,,,,0.0,0,0,0
2026-08-21T19:31:15+00:00,283,449428,Jacob,11,2,40,0,0,0,0,,False,0,0,0,0,0,0,1,9,1,9,0.0,i,0,Hip injury - Expected back 29 Aug,2026-08-02T09:00:11.038361Z,0.0,0,0,0
2026-08-21T19:31:15+00:00,284,661800,McCarthy,11,2,40,0,0,0,0,,False,0,0,0,0,0,0,2,7,2,7,0.1,a,,,,0.0,0,0,0
2026-08-21T19:31:15+00:00,285,160817,McNair,11,2,40,0,0,0,0,,False,0,0,0,0,0,0,6,2,6,2,0.1,a,,,,0.0,0,0,0
2026-08-21T19:31:15+00:00,286,540324,Belloumi,11,3,50,0,0,0,0,,False,0,0,0,0,0,0,42,18,42,18,0.5,a,,,,0.0,0,0,0
2026-08-21T19:31:15+00:00,287,232905,Millar,11,3,50,0,0,0,0,,False,0,0,0,0,0,0,3,6,3,6,0.1,a,,,,0.0,0,0,0
2026-08-21T19:31:15+00:00,288,171270,Dowell,11,3,45,0,0,0,0,,False,0,0,0,0,0,0,46,18,46,18,0.4,a,,,,0.0,0,0,0
2026-08-21T19:31:15+00:00,289,101282,Crooks,11,3,45,0,0,0,0,,False,0,0,0,0,0,0,101,41,101,41,0.7,a,,,,0.0,0,0,0
2026-08-21T19:31:15+00:00,290,243413,Slater,11,3,45,0,0,0,0,,False,0,0,0,0,0,0,261,79,261,79,3.1,a,,,,0.0,0,0,0
2026-08-21T19:31:15+00:00,291,465525,Matazo,11,3,45,0,0,0,0,,False,0,0,0,0,0,0,1,1,1,1,0.0,i,0,Knee injury - Unknown return date,2026-07-23T12:01:23.532635Z,0.0,0,0,0
2026-08-21T19:31:15+00:00,292,208481,Ömür,11,3,50,0,0,0,0,,False,0,0,0,0,0,0,3,3,3,3,0.0,a,,,,0.0,0,0,0
2026-08-21T19:31:15+00:00,293,490161,Kamara,11,3,50,0,0,0,0,,False,0,0,0,0,0,0,0,4,0,4,0.0,u,0,Has joined Portsmouth permanently,2026-08-12T14:08:23.542043Z,0.0,0,0,0
2026-08-21T19:31:15+00:00,294,553783,Zambrano,11,3,45,0,0,0,0,,False,0,0,0,0,0,0,4,47,4,47,0.1,i,0,Thigh injury - Unknown return date,2026-08-04T18:30:11.016909Z,0.0,0,0,0
2026-08-21T19:31:15+00:00,295,169432,McBurnie,11,4,55,0,0,0,0,,False,0,0,0,0,0,0,73,51,73,51,1.3,a,,,,0.0,0,0,0
2026-08-21T19:31:15+00:00,296,213292,Akintola,11,3,50,0,0,0,0,,False,0,0,0,0,0,0,21,6,21,6,0.0,a,,,,0.0,0,0,0
2026-08-21T19:31:15+00:00,297,470294,Gyabi,11,3,45,0,0,0,0,,False,0,0,0,0,0,0,1,7,1,7,0.0,i,0,Thigh injury - Unknown return date,2026-08-04T18:30:11.027155Z,0.0,0,0,0
2026-08-21T19:31:15+00:00,298,500957,Destan,11,4,45,0,0,0,0,,False,0,0,0,0,0,0,0,249,0,249,0.5,u,0,Has joined Konyaspor permanently,2026-08-17T13:50:27.145733Z,0.0,0,0,0
2026-08-21T19:31:15+00:00,299,534392,Burstow,11,4,45,0,0,0,0,,False,0,0,0,0,0,0,0,35,0,35,0.1,u,0,Has joined Sheffield Wednesday on loan for the rest of the season,2026-08-03T14:05:20.234842Z,0.0,0,0,0
2026-08-21T19:31:15+00:00,340,462635,Gelhardt,11,3,50,0,0,0,0,,False,0,0,0,0,0,0,0,5,0,5,0.0,i,0,Ankle injury - Expected back 5 Sep,2026-08-17T21:30:07.799839Z,0.0,0,0,0
2026-08-21T19:31:15+00:00,556,169359,Targett,11,2,40,0,0,0,0,,False,0,0,0,0,0,0,67,105,67,105,2.5,a,,,,0.0,0,0,0
2026-08-21T19:31:15+00:00,563,445028,Morita,11,3,50,0,0,0,0,,False,0,0,0,0,0,0,1,6,1,6,0.0,d,50,Calf injury - 50% chance of playing,2026-08-15T16:00:07.961518Z,0.0,0,0,0
2026-08-21T19:31:15+00:00,572,473284,Tzolakis,11,1,45,0,0,0,0,,False,0,0,0,0,0,0,9,39,9,39,0.5,a,,,,0.0,0,0,0
2026-08-21T19:31:15+00:00,574,552946,Hjertø-Dahl,11,3,50,0,0,0,0,,False,0,0,0,0,0,0,9,5,9,5,0.1,a,,,,0.0,0,0,0
2026-08-21T19:31:15+00:00,576,608227,Stroud,11,3,50,0,0,0,0,,False,0,0,0,0,0,0,6,4,6,4,0.1,a,,,,0.0,0,0,0
2026-08-21T19:31:15+00:00,585,597462,Herrington,11,2,40,0,0,0,0,,False,0,0,0,0,0,0,23,31,23,31,0.6,a,,,,0.0,0,0,0
2026-08-21T19:31:15+00:00,586,606930,Mendy,11,2,40,0,0,0,0,,False,0,0,0,0,0,0,60,55,60,55,1.1,a,,,,0.0,0,0,0
2026-08-21T19:31:15+00:00,589,469266,Gourna-Douath,11,3,50,0,0,0,0,,False,0,0,0,0,0,0,0,2,0,2,0.0,a,,,,0.0,0,0,0
2026-08-21T19:31:15+00:00,259,219924,Diop,12,2,40,0,0,0,0,,False,0,0,0,0,0,0,669,269,669,269,18.6,a,,,,0.0,0,0,0
2026-08-21T19:31:15+00:00,267,212314,Lukić,12,3,50,0,0,0,0,,False,0,0,0,0,0,0,4,6,4,6,0.1,a,,,,0.0,0,0,0
2026-08-21T19:31:15+00:00,300,108813,Walton,12,1,45,0,0,0,0,,False,0,0,0,0,0,0,9,38,9,38,0.5,a,,,,0.0,0,0,0
2026-08-21T19:31:15+00:00,301,112520,Palmer,12,1,40,0,0,0,0,,False,0,0,0,0,0,0,127,68,127,68,4.8,a,,,,0.0,0,0,0
2026-08-21T19:31:15+00:00,302,50093,Button,12,1,40,0,0,0,0,,False,0,0,0,0,0,0,30,6,30,6,0.5,a,,,,0.0,0,0,0
2026-08-21T19:31:15+00:00,303,183015,Kipré,12,2,40,0,0,0,0,,False,0,0,0,0,0,0,9,32,9,32,0.7,a,,,,0.0,0,0,0
2026-08-21T19:31:15+00:00,304,216616,O'Shea,12,2,40,0,0,0,0,,False,0,0,0,0,0,0,59,84,59,84,3.5,a,,,,0.0,0,0,0
2026-08-21T19:31:15+00:00,305,455084,Davis,12,2,40,0,0,0,0,,False,0,0,0,0,0,0,144,106,144,106,5.4,a,,,,0.0,0,0,0
2026-08-21T19:31:15+00:00,306,449429,Greaves,12,2,40,0,0,0,0,,False,0,0,0,0,0,0,31,43,31,43,1.5,a,,,,0.0,0,0,0
2026-08-21T19:31:15+00:00,307,222018,Johnson,12,2,40,0,0,0,0,,False,0,0,0,0,0,0,12,4,12,4,0.1,a,,,,0.0,0,0,0
2026-08-21T19:31:15+00:00,308,176420,Furlong,12,2,40,0,0,0,0,,False,0,0,0,0,0,0,8,30,8,30,0.6,a,,,,0.0,0,0,0
2026-08-21T19:31:15+00:00,309,501390,Núñez,12,3,50,0,0,0,0,,False,0,0,0,0,0,0,4,4,4,4,0.1,a,,,,0.0,0,0,0
2026-08-21T19:31:15+00:00,310,241117,Matusiwa,12,3,50,0,0,0,0,,False,0,0,0,0,0,0,0,2,0,2,0.0,i,0,Muscular injury - Unknown return date,2026-07-29T18:00:10.305484Z,0.0,0,0,0
2026-08-21T19:31:15+00:00,311,149929,Burns,12,3,50,0,0,0,0,,False,0,0,0,0,0,0,0,5,0,5,0.0,u,0,Has joined Leicester City permanently,2026-08-10T14:02:47.597478Z,0.0,0,0,0
2026-08-21T19:31:15+00:00,312,231899,Taylor,12,3,45,0,0,0,0,,False,0,0,0,0,0,0,1,19,1,19,0.1,i,0,Knee injury - Unknown return date,2026-07-29T18:00:10.319370Z,0.0,0,0,0
2026-08-21T19:31:15+00:00,313,443261,Clarke,12,3,55,0,0,0,0,,False,0,0,0,0,0,0,3,9,3,9,0.3,a,,,,0.0,0,0,0
2026-08-21T19:31:15+00:00,314,229164,Ogbene,12,3,50,0,0,0,0,,False,0,0,0,0,0,0,2,1,2,1,0.0,a,,,,0.0,0,0,0
2026-08-21T19:31:15+00:00,315,531442,Fatawu,12,3,55,0,0,0,0,,False,0,0,0,0,0,0,9,19,9,19,0.2,a,,,,0.0,0,0,0
2026-08-21T19:31:15+00:00,316,543968,Emersonn,12,4,55,0,0,0,0,,False,0,0,0,0,0,0,13,19,13,19,0.4,a,,,,0.0,0,0,0
2026-08-21T19:31:15+00:00,317,222625,Hirst,12,4,50,0,0,0,0,,False,0,0,0,0,0,0,0,317,0,317,0.3,u,0,Has joined Stoke City permanently,2026-08-21T13:06:08.606019Z,0.0,0,0,0
2026-08-21T19:31:15+00:00,318,481624,Philogene,12,3,55,0,0,0,0,,False,0,0,0,0,0,0,2,11,2,11,0.2,a,,,,0.0,0,0,0
2026-08-21T19:31:15+00:00,319,172453,Szmodics,12,3,50,0,0,0,0,,False,0,0,0,0,0,0,0,14,0,14,0.0,u,0,Has joined Derby County on loan for the rest of the season,2026-08-17T13:51:41.713979Z,0.0,0,0,0
2026-08-21T19:31:15+00:00,320,147675,Akpom,12,4,50,0,0,0,0,,False,0,0,0,0,0,0,84,44,84,44,0.5,a,,,,0.0,0,0,0
2026-08-21T19:31:15+00:00,321,557012,Walle Egeli,12,4,45,0,0,0,0,,False,0,0,0,0,0,0,175,97,175,97,2.2,a,,,,0.0,0,0,0
2026-08-21T19:31:15+00:00,322,462387,Al-Hamadi,12,4,50,0,0,0,0,,False,0,0,0,0,0,0,22,24,22,24,0.1,a,,,,0.0,0,0,0
2026-08-21T19:31:15+00:00,323,461587,McAteer,12,3,45,0,0,0,0,,False,0,0,0,0,0,0,95,66,95,66,1.5,a,,,,0.0,0,0,0
2026-08-21T19:31:15+00:00,324,232457,Mehmeti,12,3,50,0,0,0,0,,False,0,0,0,0,0,0,2,3,2,3,0.1,a,,,,0.0,0,0,0
2026-08-21T19:31:15+00:00,554,546600,Van Oevelen,12,1,45,0,0,0,0,,False,0,0,0,0,0,0,2,3,2,3,0.0,a,,,,0.0,0,0,0
2026-08-21T19:31:15+00:00,562,442967,Maeda,12,3,55,0,0,0,0,,False,0,0,0,0,0,0,15,15,15,15,0.4,a,,,,0.0,0,0,0
2026-08-21T19:31:15+00:00,564,240514,Scherpen,12,1,45,0,0,0,0,,False,0,0,0,0,0,0,6,27,6,27,0.6,a,,,,0.0,0,0,0
2026-08-21T19:31:15+00:00,571,216055,Florentino,12,3,50,0,0,0,0,,False,0,0,0,0,0,0,10,8,10,8,0.1,a,,,,0.0,0,0,0
2026-08-21T19:31:15+00:00,591,474120,Enciso,12,3,55,0,0,0,0,,False,0,0,0,0,0,0,18,20,18,20,0.3,a,,,,0.0,0,0,0
2026-08-21T19:31:15+00:00,592,572584,Ouattara,12,2,40,0,0,0,0,,False,0,0,0,0,0,0,108,56,108,56,1.0,a,,,,0.0,0,0,0
2026-08-21T19:31:15+00:00,260,153682,Wilson,13,3,65,0,0,0,0,,False,0,0,0,0,0,0,149,242,149,242,6.5,a,,,,0.0,0,0,0
2026-08-21T19:31:15+00:00,326,201595,Perri,13,1,45,0,0,0,0,,False,0,0,0,0,0,0,3,43,3,43,0.6,a,,,,0.0,0,0,0
2026-08-21T19:31:15+00:00,327,434752,Bijol,13,2,50,0,0,0,0,,False,0,0,0,0,0,0,43,23,43,23,0.3,a,,,,0.0,0,0,0
2026-08-21T19:31:15+00:00,329,214225,Rodon,13,2,45,0,0,0,0,,False,0,0,0,0,0,0,155,83,155,83,3.7,a,,,,0.0,0,0,0
2026-08-21T19:31:15+00:00,330,226182,Bogle,13,2,45,0,0,0,0,,False,0,0,0,0,0,0,43,17,43,17,0.5,a,,,,0.0,0,0,0
2026-08-21T19:31:15+00:00,331,243526,Gudmundsson,13,2,45,0,0,0,0,,False,0,0,0,0,0,0,1,11,1,11,0.1,i,0,Hamstring injury - Unknown return date,2026-08-08T20:00:07.546568Z,0.0,0,0,0
2026-08-21T19:31:15+00:00,332,220627,Justin,13,2,45,0,0,0,0,,False,0,0,0,0,0,0,14,20,14,20,0.6,a,,,,0.0,0,0,0
2026-08-21T19:31:15+00:00,333,437738,Bornauw,13,2,45,0,0,0,0,,False,0,0,0,0,0,0,0,4,0,4,0.0,u,0,Has joined Hamburg SV on loan for the rest of the season,2026-08-19T13:56:14.645970Z,0.0,0,0,0
2026-08-21T19:31:15+00:00,334,522047,Muharemović,13,2,50,0,0,0,0,,False,0,0,0,0,0,0,211,68,211,68,3.4,a,,,,0.0,0,0,0
2026-08-21T19:31:15+00:00,335,466525,Stach,13,3,60,0,0,0,0,,False,0,0,0,0,0,0,24,33,24,33,0.9,a,,,,0.0,0,0,0
2026-08-21T19:31:15+00:00,336,435997,Okafor,13,3,60,0,0,0,0,,False,0,0,0,0,0,0,27,36,27,36,0.5,a,,,,0.0,0,0,0
2026-08-21T19:31:15+00:00,337,427637,Aaronson,13,3,55,0,0,0,0,,False,0,0,0,0,0,0,33,38,33,38,1.0,a,,,,0.0,0,0,0
2026-08-21T19:31:15+00:00,338,199598,Ampadu,13,3,55,0,0,0,0,,False,0,0,0,0,0,0,30,51,30,51,1.5,a,,,,0.0,0,0,0
2026-08-21T19:31:15+00:00,339,180135,Longstaff,13,3,50,0,0,0,0,,False,0,0,0,0,0,0,12,5,12,5,0.1,a,,,,0.0,0,0,0
2026-08-21T19:31:15+00:00,341,492859,Gnonto,13,3,50,0,0,0,0,,False,0,0,0,0,0,0,0,20,0,20,0.0,i,0,Hamstring injury - Unknown return date,2026-08-17T20:30:08.092366Z,0.0,0,0,0
2026-08-21T19:31:15+00:00,342,221399,Harrison,13,3,50,0,0,0,0,,False,0,0,0,0,0,0,0,2,0,2,0.0,u,0,Has joined New England Revolution permanently,2026-07-28T12:59:09.492431Z,0.0,0,0,0
2026-08-21T19:31:15+00:00,343,200617,James,13,3,50,0,0,0,0,,False,0,0,0,0,0,0,19,7,19,7,0.1,a,,,,0.0,0,0,0
2026-08-21T19:31:15+00:00,344,486520,Gruev,13,3,50,0,0,0,0,,False,0,0,0,0,0,0,1,1,1,1,0.0,i,0,Knee injury - Unknown return date,2026-08-14T23:00:06.272027Z,0.0,0,0,0
2026-08-21T19:31:15+00:00,345,248056,Tanaka,13,3,50,0,0,0,0,,False,0,0,0,0,0,0,25,20,25,20,0.3,a,,,,0.0,0,0,0
2026-08-21T19:31:15+00:00,346,177815,Calvert-Lewin,13,4,60,0,0,0,0,,False,0,0,0,0,0,0,1075,456,1075,456,31.5,a,,,,0.0,0,0,0
2026-08-21T19:31:15+00:00,347,174594,Nmecha,13,4,55,0,0,0,0,,False,0,0,0,0,0,0,26,35,26,35,0.6,a,,,,0.0,0,0,0
2026-08-21T19:31:15+00:00,348,235826,Piroe,13,4,50,0,0,0,0,,False,0,0,0,0,0,0,0,183,0,183,0.2,u,0,Has joined West Ham United on loan for the rest of the season,2026-08-19T13:56:14.666726Z,0.0,0,0,0
2026-08-21T19:31:15+00:00,349,565297,Mateo Joseph,13,4,45,0,0,0,0,,False,0,0,0,0,0,0,6,16,6,16,0.1,i,0,Knee injury - Unknown return date,2026-07-29T18:00:10.338170Z,0.0,0,0,0
2026-08-21T19:31:15+00:00,385,432720,Trafford,13,1,50,0,0,0,0,,False,0,0,0,0,0,0,127,68,127,68,3.0,a,,,,0.0,0,0,0
2026-08-21T19:31:15+00:00,598,173774,Elvedi,13,2,45,0,0,0,0,,False,0,0,0,0,0,0,9,2,9,2,0.0,a,,,,0.0,0,0,0
2026-08-21T19:31:15+00:00,350,116535,A.Becker,14,1,55,0,0,0,0,,False,0,0,0,0,0,0,154,182,154,182,3.4,a,,,,0.0,0,0,0
2026-08-21T19:31:15+00:00,351,449027,Mamardashvili,14,1,50,0,0,0,0,,False,0,0,0,0,0,0,12,21,12,21,0.2,a,,,,0.0,0,0,0
2026-08-21T19:31:15+00:00,352,155503,Woodman,14,1,40,0,0,0,0,,False,0,0,0,0,0,0,40,48,40,48,1.1,a,,,,0.0,0,0,0
2026-08-21T19:31:15+00:00,353,586268,Pecsi,14,1,40,0,0,0,0,,False,0,0,0,0,0,0,0,15,0,15,0.0,u,0,Has joined TSV Hartberg on loan for the rest of the season,2026-08-18T14:11:18.638344Z,0.0,0,0,0
2026-08-21T19:31:15+00:00,354,432987,Jaros,14,1,40,0,0,0,0,,False,0,0,0,0,0,0,3,12,3,12,0.0,i,0,Knee injury - Unknown return date,2026-07-29T18:00:10.351066Z,0.0,0,0,0
2026-08-21T19:31:15+00:00,355,464353,Davies,14,1,40,0,0,0,0,,False,0,0,0,0,0,0,12,7,12,7,0.1,a,,,,0.0,0,0,0
2026-08-21T19:31:15+00:00,356,97032,Virgil,14,2,65,0,0,0,0,,False,0,0,0,0,0,0,1011,400,1011,400,18.8,a,,,,0.0,0,0,0
2026-08-21T19:31:15+00:00,357,216094,Frimpong,14,2,55,0,0,0,0,,False,0,0,0,0,0,0,611,145,611,145,3.4,a,,,,0.0,0,0,0
2026-08-21T19:31:15+00:00,358,544877,Kerkez,14,2,55,0,0,0,0,,False,0,0,0,0,0,0,369,165,369,165,3.7,a,,,,0.0,0,0,0
2026-08-21T19:31:15+00:00,359,171287,Gomez,14,2,50,0,0,0,0,,False,0,0,0,0,0,0,3,13,3,13,0.0,i,0,Muscular injury - Unknown return date,2026-07-26T08:30:10.078473Z,0.0,0,0,0
2026-08-21T19:31:15+00:00,360,492777,Bradley,14,2,50,0,0,0,0,,False,0,0,0,0,0,0,0,5,0,5,0.0,i,0,Knee injury - Unknown return date,2026-07-23T12:01:23.565711Z,0.0,0,0,0
2026-08-21T19:31:15+00:00,361,519440,Lucky,14,2,40,0,0,0,0,,False,0,0,0,0,0,0,17,12,17,12,0.1,a,,,,0.0,0,0,0
2026-08-21T19:31:15+00:00,362,606702,Jacquet,14,2,50,0,0,0,0,,False,0,0,0,0,0,0,300,83,300,83,2.3,a,100,,2026-07-23T12:01:23.581126Z,0.0,0,0,0
2026-08-21T19:31:15+00:00,363,647681,Leoni,14,2,40,0,0,0,0,,False,0,0,0,0,0,0,4,8,4,8,0.0,i,0,Knee injury - Unknown return date,2026-07-23T12:01:23.596909Z,0.0,0,0,0
2026-08-21T19:31:15+00:00,364,214285,Tsimikas,14,2,50,0,0,0,0,,False,0,0,0,0,0,0,10,12,10,12,0.1,a,,,,0.0,0,0,0
2026-08-21T19:31:15+00:00,365,489580,Ramsay,14,2,40,0,0,0,0,,False,0,0,0,0,0,0,35,24,35,24,0.2,a,,,,0.0,0,0,0
2026-08-21T19:31:15+00:00,366,494595,Wirtz,14,3,75,0,0,0,0,,False,0,0,0,0,0,0,381,466,381,466,12.6,a,,,,0.0,0,0,0
2026-08-21T19:31:15+00:00,367,243298,Gakpo,14,3,70,0,0,0,0,,False,0,0,0,0,0,0,169,177,169,177,3.5,a,,,,0.0,0,0,0
2026-08-21T19:31:15+00:00,368,424876,Szoboszlai,14,3,70,0,0,0,0,,False,0,0,0,0,0,0,1492,593,1492,593,41.8,a,,,,0.0,0,0,0
2026-08-21T19:31:15+00:00,369,611922,Ngumoha,14,3,60,0,0,0,0,,False,0,0,0,0,0,0,60,83,60,83,1.2,a,,,,0.0,0,0,0
2026-08-21T19:31:15+00:00,370,223541,Chiesa,14,3,55,0,0,0,0,,False,0,0,0,0,0,0,17,21,17,21,0.1,a,,,,0.0,0,0,0
2026-08-21T19:31:15+00:00,371,441266,Gravenberch,14,3,60,0,0,0,0,,False,0,0,0,0,0,0,123,136,123,136,1.9,a,,,,0.0,0,0,0
2026-08-21T19:31:15+00:00,372,243016,Mac Allister,14,3,55,0,0,0,0,,False,0,0,0,0,0,0,137,116,137,116,1.7,a,,,,0.0,0,0,0
2026-08-21T19:31:15+00:00,373,206915,C.Jones,14,3,55,0,0,0,0,,False,0,0,0,0,0,0,1,28,1,28,0.1,d,75,Hip injury - 75% chance of playing,2026-08-16T18:30:07.426408Z,0.0,0,0,0
2026-08-21T19:31:15+00:00,374,158983,Endo,14,3,50,0,0,0,0,,False,0,0,0,0,0,0,14,8,14,8,0.1,a,100,,2026-07-23T12:01:23.612529Z,0.0,0,0,0
2026-08-21T19:31:15+00:00,375,591386,Nyoni,14,3,50,0,0,0,0,,False,0,0,0,0,0,0,3,2,3,2,0.0,a,,,,0.0,0,0,0
2026-08-21T19:31:15+00:00,376,535928,Bajcetic,14,3,50,0,0,0,0,,False,0,0,0,0,0,0,1,2,1,2,0.0,i,0,Hamstring injury - Expected back 23 Aug,2026-07-23T12:01:23.628373Z,0.0,0,0,0
2026-08-21T19:31:15+00:00,377,551499,Munoz,14,3,65,0,0,0,0,,False,0,0,0,0,0,0,30,55,30,55,0.5,a,,,,0.0,0,0,0
2026-08-21T19:31:15+00:00,378,491501,McConnell,14,3,45,0,0,0,0,,False,0,0,0,0,0,0,30,29,30,29,0.3,a,,,,0.0,0,0,0
2026-08-21T19:31:15+00:00,379,219168,Isak,14,4,90,0,0,0,0,,False,0,0,0,0,0,0,434,497,434,497,16.8,a,,,,0.0,0,0,0
2026-08-21T19:31:15+00:00,380,510663,Ekitiké,14,4,75,0,0,0,0,,False,0,0,0,0,0,0,20,92,20,92,0.2,i,0,Achilles injury - Unknown return date,2026-07-23T12:01:23.643771Z,0.0,0,0,0
2026-08-21T19:31:15+00:00,381,514514,Koumas,14,3,50,0,0,0,0,,False,0,0,0,0,0,0,2,1,2,1,0.0,a,,,,0.0,0,0,0
2026-08-21T19:31:15+00:00,382,500058,Danns,14,4,45,0,0,0,0,,False,0,0,0,0,0,0,5,16,5,16,0.0,i,0,Unspecified injury - Unknown return date,2026-07-23T12:01:23.659279Z,0.0,0,0,0
2026-08-21T19:31:15+00:00,383,444884,Elliott,14,3,55,0,0,0,0,,False,0,0,0,0,0,0,8,8,8,8,0.1,a,,,,0.0,0,0,0
2026-08-21T19:31:15+00:00,579,445087,Araujo,14,2,55,0,0,0,0,,False,0,0,0,0,0,0,1119,228,1119,228,2.4,a,,,,0.0,0,0,0
2026-08-21T19:31:15+00:00,238,114283,Grealish,15,3,65,0,0,0,0,,False,0,0,0,0,0,0,21,24,21,24,0.2,a,100,,2026-07-29T10:00:10.492904Z,0.0,0,0,0
2026-08-21T19:31:15+00:00,384,204936,Donnarumma,15,1,55,0,0,0,0,,False,0,0,0,0,0,0,276,414,276,414,8.1,a,,,,0.0,0,0,0
2026-08-21T19:31:15+00:00,386,122074,Bettinelli,15,1,45,0,0,0,0,,False,0,0,0,0,0,0,4,4,4,4,0.0,a,,,,0.0,0,0,0
2026-08-21T19:31:15+00:00,387,472769,O'Reilly,15,2,65,0,0,0,0,,False,0,0,0,0,0,0,885,499,885,499,21.1,a,,,,0.0,0,0,0
2026-08-21T19:31:15+00:00,388,209036,Guéhi,15,2,60,0,0,0,0,,False,0,0,0,0,0,0,811,561,811,561,17.1,a,,,,0.0,0,0,0
2026-08-21T19:31:15+00:00,389,465351,Matheus N.,15,2,60,0,0,0,0,,False,0,0,0,0,0,0,70,120,70,120,1.4,a,100,,2026-08-16T18:30:07.457097Z,0.0,0,0,0
2026-08-21T19:31:15+00:00,390,171314,Rúben,15,2,55,0,0,0,0,,False,0,0,0,0,0,0,346,105,346,105,1.7,a,,,,0.0,0,0,0
2026-08-21T19:31:15+00:00,391,477424,Gvardiol,15,2,55,0,0,0,0,,False,0,0,0,0,0,0,1630,354,1630,354,11.0,a,,,,0.0,0,0,0
2026-08-21T19:31:15+00:00,392,448514,Aït-Nouri,15,2,55,0,0,0,0,,False,0,0,0,0,0,0,151,72,151,72,0.9,a,,,,0.0,0,0,0
2026-08-21T19:31:15+00:00,393,578153,Khusanov,15,2,55,0,0,0,0,,False,0,0,0,0,0,0,170,146,170,146,1.7,a,,,,0.0,0,0,0
2026-08-21T19:31:15+00:00,394,494307,Alleyne,15,2,50,0,0,0,0,,False,0,0,0,0,0,0,0,6,0,6,0.0,u,0,Has joined Burnley on loan for the rest of the season,2026-08-18T14:11:56.324656Z,0.0,0,0,0
2026-08-21T19:31:15+00:00,395,477064,Lewis,15,2,45,0,0,0,0,,False,0,0,0,0,0,0,69,11,69,11,0.2,a,,,,0.0,0,0,0
2026-08-21T19:31:15+00:00,396,616222,Vitor Reis,15,2,45,0,0,0,0,,False,0,0,0,0,0,0,6,2,6,2,0.0,a,,,,0.0,0,0,0
2026-08-21T19:31:15+00:00,397,437730,Semenyo,15,3,85,0,0,0,0,,False,0,0,0,0,0,0,491,513,491,513,26.4,a,,,,0.0,0,0,0
2026-08-21T19:31:15+00:00,398,209244,Foden,15,3,70,0,0,0,0,,False,0,0,0,0,0,0,243,251,243,251,4.3,a,,,,0.0,0,0,0
2026-08-21T19:31:15+00:00,399,466052,Cherki,15,3,75,0,0,0,0,,False,0,0,0,0,0,0,467,486,467,486,7.7,a,,,,0.0,0,0,0
2026-08-21T19:31:15+00:00,400,248875,Doku,15,3,75,0,0,0,0,,False,0,0,0,0,0,0,6,1791,6,1791,2.1,i,0,Calf injury - Expected back 5 Sep,2026-08-18T17:00:08.385597Z,0.0,0,0,0
2026-08-21T19:31:15+00:00,401,438234,Marmoush,15,4,70,0,0,0,0,,False,0,0,0,0,0,0,166,135,166,135,0.9,a,,,,0.0,0,0,0
2026-08-21T19:31:15+00:00,402,220566,Rodrigo,15,3,65,0,0,0,0,,False,0,0,0,0,0,0,0,30,0,30,0.0,u,0,Has joined Barcelona permanently,2026-07-23T12:01:23.675537Z,0.0,0,0,0
2026-08-21T19:31:15+00:00,403,510281,Savinho,15,3,65,0,0,0,0,,False,0,0,0,0,0,0,88,40,88,40,0.3,a,,,,0.0,0,0,0
2026-08-21T19:31:15+00:00,404,433036,Reijnders,15,3,60,0,0,0,0,,False,0,0,0,0,0,0,0,237,0,237,0.1,u,0,Has joined Al Qadsiah permanently,2026-08-20T14:02:58.154273Z,0.0,0,0,0
2026-08-21T19:31:15+00:00,405,465694,N.Gonzalez,15,3,55,0,0,0,0,,False,0,0,0,0,0,0,6,19,6,19,0.1,a,,,,0.0,0,0,0
2026-08-21T19:31:15+00:00,406,91651,Kovačić,15,3,55,0,0,0,0,,False,0,0,0,0,0,0,10,12,10,12,0.1,a,,,,0.0,0,0,0
2026-08-21T19:31:15+00:00,407,575204,Echeverri,15,3,50,0,0,0,0,,False,0,0,0,0,0,0,4,2,4,2,0.0,a,,,,0.0,0,0,0
2026-08-21T19:31:15+00:00,408,155405,Phillips,15,3,50,0,0,0,0,,False,0,0,0,0,0,0,0,10,0,10,0.0,u,0,Has joined Sheffield United on loan for the rest of the season,2026-08-18T14:11:56.348781Z,0.0,0,0,0
2026-08-21T19:31:15+00:00,409,590039,Mukasa,15,3,45,0,0,0,0,,False,0,0,0,0,0,0,37,21,37,21,0.2,a,,,,0.0,0,0,0
2026-08-21T19:31:15+00:00,410,649208,Monga,15,3,50,0,0,0,0,,False,0,0,0,0,0,0,1,1,1,1,0.0,a,,,,0.0,0,0,0
2026-08-21T19:31:15+00:00,411,223094,Haaland,15,4,155,0,0,0,0,,False,0,0,0,0,0,0,688,268,688,268,69.5,a,,,,0.0,0,0,0
2026-08-21T19:31:15+00:00,481,215379,Anderson,15,3,65,0,0,0,0,,False,0,0,0,0,0,0,309,499,309,499,7.9,a,,,,0.0,0,0,0
2026-08-21T19:31:15+00:00,587,106921,Rulli,15,1,50,0,0,0,0,,False,0,0,0,0,0,0,3,3,3,3,0.0,a,,,,0.0,0,0,0
2026-08-21T19:31:15+00:00,43,166989,Tielemans,16,3,60,0,0,0,0,,False,0,0,0,0,0,0,302,137,302,137,2.5,a,100,,2026-07-23T12:01:23.321726Z,0.0,0,0,0
2026-08-21T19:31:15+00:00,162,532605,Andrey Santos,16,3,50,0,0,0,0,,False,0,0,0,0,0,0,143,105,143,105,1.1,a,,,,0.0,0,0,0
2026-08-21T19:31:15+00:00,325,59735,Darlow,16,1,45,0,0,0,0,,False,0,0,0,0,0,0,4,3,4,3,0.0,d,75,Unspecified injury - 75% chance of playing,2026-07-23T12:01:23.549136Z,0.0,0,0,0
2026-08-21T19:31:15+00:00,412,465247,Lammens,16,1,50,0,0,0,0,,False,0,0,0,0,0,0,502,347,502,347,16.8,a,,,,0.0,0,0,0
2026-08-21T19:31:15+00:00,413,451302,Bayindir,16,1,45,0,0,0,0,,False,0,0,0,0,0,0,0,17,0,17,0.0,u,0,Has joined Celta Vigo on loan for the rest of the season,2026-08-10T14:02:28.608415Z,0.0,0,0,0
2026-08-21T19:31:15+00:00,414,21205,Heaton,16,1,40,0,0,0,0,,False,0,0,0,0,0,0,7,25,7,25,0.1,i,0,Hamstring injury - Unknown return date,2026-08-15T16:00:07.854151Z,0.0,0,0,0
2026-08-21T19:31:15+00:00,415,596777,Dorgu,16,3,60,0,0,0,0,,False,0,0,0,0,0,0,87,108,87,108,1.4,a,,,,0.0,0,0,0
2026-08-21T19:31:15+00:00,416,209365,De Ligt,16,2,50,0,0,0,0,,False,0,0,0,0,0,0,4,18,4,18,0.0,i,0,Back injury - Unknown return date,2026-07-23T12:01:23.690880Z,0.0,0,0,0
2026-08-21T19:31:15+00:00,417,216051,Dalot,16,2,50,0,0,0,0,,False,0,0,0,0,0,0,344,117,344,117,2.8,a,,,,0.0,0,0,0
2026-08-21T19:31:15+00:00,418,95658,Maguire,16,2,50,0,0,0,0,,False,0,0,0,0,0,0,1429,288,1429,288,18.5,a,,,,0.0,0,0,0
2026-08-21T19:31:15+00:00,419,221820,Martinez,16,2,50,0,0,0,0,,False,0,0,0,0,0,0,391,89,391,89,1.3,a,100,,2026-07-24T20:00:10.337107Z,0.0,0,0,0
2026-08-21T19:31:15+00:00,420,550864,Yoro,16,2,50,0,0,0,0,,False,0,0,0,0,0,0,94,54,94,54,0.7,a,,,,0.0,0,0,0
2026-08-21T19:31:15+00:00,421,606745,Heaven,16,2,45,0,0,0,0,,False,0,0,0,0,0,0,53,34,53,34,0.4,a,,,,0.0,0,0,0
2026-08-21T19:31:15+00:00,422,230001,Mazraoui,16,2,45,0,0,0,0,,False,0,0,0,0,0,0,104,38,104,38,0.6,a,,,,0.0,0,0,0
2026-08-21T19:31:15+00:00,423,106760,Shaw,16,2,45,0,0,0,0,,False,0,0,0,0,0,0,1289,340,1289,340,21.7,a,,,,0.0,0,0,0
2026-08-21T19:31:15+00:00,424,577974,Amass,16,2,40,0,0,0,0,,False,0,0,0,0,0,0,18,11,18,11,0.2,a,,,,0.0,0,0,0
2026-08-21T19:31:15+00:00,425,547676,Fredricson,16,2,40,0,0,0,0,,False,0,0,0,0,0,0,0,24,0,24,0.0,u,0,Has joined Lausanne-Sport permanently,2026-08-18T14:12:31.904433Z,0.0,0,0,0
2026-08-21T19:31:15+00:00,426,141746,B.Fernandes,16,3,120,0,0,0,0,,False,0,0,0,0,0,0,592,319,592,319,52.1,a,,,,0.0,0,0,0
2026-08-21T19:31:15+00:00,427,446008,Mbeumo,16,3,80,0,0,0,0,,False,0,0,0,0,0,0,934,412,934,412,39.1,a,,,,0.0,0,0,0
2026-08-21T19:31:15+00:00,428,430871,Cunha,16,3,80,0,0,0,0,,False,0,0,0,0,0,0,304,396,304,396,10.1,a,,,,0.0,0,0,0
2026-08-21T19:31:15+00:00,429,176297,Rashford,16,3,70,0,0,0,0,,False,0,0,0,0,0,0,210,145,210,145,1.5,a,,,,0.0,0,0,0
2026-08-21T19:31:15+00:00,430,184341,Mount,16,3,55,0,0,0,0,,False,0,0,0,0,0,0,1,25,1,25,0.0,d,50,Foot injury - 50% chance of playing,2026-08-15T16:00:07.879135Z,0.0,0,0,0
2026-08-21T19:31:15+00:00,431,493250,Amad,16,3,60,0,0,0,0,,False,0,0,0,0,0,0,157,121,157,121,1.6,a,,,,0.0,0,0,0
2026-08-21T19:31:15+00:00,432,516895,Mainoo,16,3,55,0,0,0,0,,False,0,0,0,0,0,0,68,106,68,106,1.0,a,,,,0.0,0,0,0
2026-08-21T19:31:15+00:00,433,232112,Ugarte,16,3,50,0,0,0,0,,False,0,0,0,0,0,0,0,7,0,7,0.0,i,0,Knee injury - Unknown return date,2026-07-23T12:01:23.706702Z,0.0,0,0,0
2026-08-21T19:31:15+00:00,434,547037,J.Fletcher,16,3,50,0,0,0,0,,False,0,0,0,0,0,0,2,0,2,0,0.0,a,,,,0.0,0,0,0
2026-08-21T19:31:15+00:00,435,576628,Lacey,16,3,50,0,0,0,0,,False,0,0,0,0,0,0,4,8,4,8,0.0,a,,,,0.0,0,0,0
2026-08-21T19:31:15+00:00,436,490881,Collyer,16,3,50,0,0,0,0,,False,0,0,0,0,0,0,2,3,2,3,0.0,a,,,,0.0,0,0,0
2026-08-21T19:31:15+00:00,437,576620,Bendito Mantato,16,3,45,0,0,0,0,,False,0,0,0,0,0,0,43,24,43,24,0.2,a,,,,0.0,0,0,0
2026-08-21T19:31:15+00:00,438,519913,Fletcher,16,3,45,0,0,0,0,,False,0,0,0,0,0,0,44,42,44,42,0.4,a,,,,0.0,0,0,0
2026-08-21T19:31:15+00:00,439,485711,Šeško,16,4,70,0,0,0,0,,False,0,0,0,0,0,0,89,179,89,179,1.3,d,75,Shin injury - 75% chance of playing,2026-07-23T12:01:23.722029Z,0.0,0,0,0
2026-08-21T19:31:15+00:00,440,458249,Zirkzee,16,4,55,0,0,0,0,,False,0,0,0,0,0,0,52,67,52,67,0.6,a,,,,0.0,0,0,0
2026-08-21T19:31:15+00:00,441,596047,Obi,16,4,45,0,0,0,0,,False,0,0,0,0,0,0,79,129,79,129,1.1,a,,,,0.0,0,0,0
2026-08-21T19:31:15+00:00,442,98747,Pope,17,1,50,0,0,0,0,,False,0,0,0,0,0,0,44,50,44,50,1.3,a,,,,0.0,0,0,0
2026-08-21T19:31:15+00:00,443,81441,Gillespie,17,1,45,0,0,0,0,,False,0,0,0,0,0,0,5,2,5,2,0.0,a,,,,0.0,0,0,0
2026-08-21T19:31:15+00:00,444,554578,Jaouen,17,1,45,0,0,0,0,,False,0,0,0,0,0,0,3,4,3,4,0.0,a,,,,0.0,0,0,0
2026-08-21T19:31:15+00:00,445,465642,Thiaw,17,2,50,0,0,0,0,,False,0,0,0,0,0,0,121,55,121,55,1.6,a,,,,0.0,0,0,0
2026-08-21T19:31:15+00:00,446,119471,Schär,17,2,50,0,0,0,0,,False,0,0,0,0,0,0,45,12,45,12,0.2,a,100,,2026-08-15T16:30:07.209742Z,0.0,0,0,0
2026-08-21T19:31:15+00:00,447,220237,Botman,17,2,50,0,0,0,0,,False,0,0,0,0,0,0,118,39,118,39,0.4,a,,,,0.0,0,0,0
2026-08-21T19:31:15+00:00,448,78916,Burn,17,2,50,0,0,0,0,,False,0,0,0,0,0,0,501,139,501,139,2.4,a,,,,0.0,0,0,0
2026-08-21T19:31:15+00:00,449,487838,Hall,17,2,50,0,0,0,0,,False,0,0,0,0,0,0,535,137,535,137,3.5,a,,,,0.0,0,0,0
2026-08-21T19:31:15+00:00,450,441191,Livramento,17,2,50,0,0,0,0,,False,0,0,0,0,0,0,2,35,2,35,0.0,i,0,Calf injury - Unknown return date,2026-07-23T12:01:23.753221Z,0.0,0,0,0
2026-08-21T19:31:15+00:00,451,545477,A.Murphy,17,2,40,0,0,0,0,,False,0,0,0,0,0,0,0,92,0,92,0.1,u,0,Has joined FC Kaiserslautern on loan for the rest of the season,2026-08-12T14:05:29.224600Z,0.0,0,0,0
2026-08-21T19:31:15+00:00,453,201666,Barnes,17,3,60,0,0,0,0,,False,0,0,0,0,0,0,72,44,72,44,1.1,a,,,,0.0,0,0,0
2026-08-21T19:31:15+00:00,454,449434,Elanga,17,3,60,0,0,0,0,,False,0,0,0,0,0,0,73,67,73,67,0.7,a,,,,0.0,0,0,0
2026-08-21T19:31:15+00:00,456,232653,J.Ramsey,17,3,50,0,0,0,0,,False,0,0,0,0,0,0,32,29,32,29,0.4,a,,,,0.0,0,0,0
2026-08-21T19:31:15+00:00,457,114243,J.Murphy,17,3,60,0,0,0,0,,False,0,0,0,0,0,0,8,11,8,11,0.2,a,,,,0.0,0,0,0
2026-08-21T19:31:15+00:00,458,180974,Joelinton,17,3,55,0,0,0,0,,False,0,0,0,0,0,0,0,23,0,23,0.0,i,0,Unspecified injury - Unknown return date,2026-08-16T08:00:08.074045Z,0.0,0,0,0
2026-08-21T19:31:15+00:00,459,547719,L.Miley,17,3,55,0,0,0,0,,False,0,0,0,0,0,0,6,5,6,5,0.0,a,100,,2026-07-23T12:01:23.785456Z,0.0,0,0,0
2026-08-21T19:31:15+00:00,460,200089,Willock,17,3,50,0,0,0,0,,False,0,0,0,0,0,0,13,6,13,6,0.1,a,,,,0.0,0,0,0
2026-08-21T19:31:15+00:00,461,611665,Touré,17,3,60,0,0,0,0,,False,0,0,0,0,0,0,14,12,14,12,0.3,a,,,,0.0,0,0,0
2026-08-21T19:31:15+00:00,462,636852,Steur,17,3,50,0,0,0,0,,False,0,0,0,0,0,0,13,8,13,8,0.1,a,,,,0.0,0,0,0
2026-08-21T19:31:15+00:00,463,470313,Woltemade,17,4,60,0,0,0,0,,False,0,0,0,0,0,0,149,146,149,146,1.7,a,,,,0.0,0,0,0
2026-08-21T19:31:15+00:00,464,216646,Wissa,17,4,60,0,0,0,0,,False,0,0,0,0,0,0,87,98,87,98,1.6,a,,,,0.0,0,0,0
2026-08-21T19:31:15+00:00,465,538207,Osula,17,4,60,0,0,0,0,,False,0,0,0,0,0,0,45,84,45,84,0.9,a,,,,0.0,0,0,0
2026-08-21T19:31:15+00:00,466,599303,Neave,17,4,45,0,0,0,0,,False,0,0,0,0,0,0,85,75,85,75,0.8,a,,,,0.0,0,0,0
2026-08-21T19:31:15+00:00,559,632794,Bamba,17,3,50,0,0,0,0,,False,0,0,0,0,0,0,16,21,16,21,0.1,a,,,,0.0,0,0,0
2026-08-21T19:31:15+00:00,567,470551,Horníček,17,1,50,0,0,0,0,,False,0,0,0,0,0,0,16,56,16,56,0.6,a,,,,0.0,0,0,0
2026-08-21T19:31:15+00:00,593,463726,Dedić,17,2,45,0,0,0,0,,False,0,0,0,0,0,0,50,17,50,17,0.2,a,,,,0.0,0,0,0
2026-08-21T19:31:15+00:00,467,85633,Sels,18,1,50,0,0,0,0,,False,0,0,0,0,0,0,35,84,35,84,1.6,a,,,,0.0,0,0,0
2026-08-21T19:31:15+00:00,468,221389,John,18,1,45,0,0,0,0,,False,0,0,0,0,0,0,3,4,3,4,0.1,a,,,,0.0,0,0,0
2026-08-21T19:31:15+00:00,469,215136,N.Williams,18,2,50,0,0,0,0,,False,0,0,0,0,0,0,461,294,461,294,10.3,a,,,,0.0,0,0,0
2026-08-21T19:31:15+00:00,470,485047,Morato,18,2,50,0,0,0,0,,False,0,0,0,0,0,0,13,3,13,3,0.0,a,,,,0.0,0,0,0
2026-08-21T19:31:15+00:00,471,227444,Milenković,18,2,55,0,0,0,0,,False,0,0,0,0,0,0,60,108,60,108,2.0,a,,,,0.0,0,0,0
2026-08-21T19:31:15+00:00,472,575476,Murillo,18,2,55,0,0,0,0,,False,0,0,0,0,0,0,154,90,154,90,1.5,a,100,,2026-07-23T12:01:23.801183Z,0.0,0,0,0
2026-08-21T19:31:15+00:00,473,159506,Aina,18,2,45,0,0,0,0,,False,0,0,0,0,0,0,247,178,247,178,3.7,a,,,,0.0,0,0,0
2026-08-21T19:31:15+00:00,474,575458,Jair Cunha,18,2,45,0,0,0,0,,False,0,0,0,0,0,0,2,11,2,11,0.2,a,,,,0.0,0,0,0
2026-08-21T19:31:15+00:00,475,500151,Savona,18,2,45,0,0,0,0,,False,0,0,0,0,0,0,1,0,1,0,0.0,i,0,Knee injury - Unknown return date,2026-07-23T12:01:23.816304Z,0.0,0,0,0
2026-08-21T19:31:15+00:00,476,204822,O.Richards,18,2,40,0,0,0,0,,False,0,0,0,0,0,0,12,10,12,10,0.3,a,,,,0.0,0,0,0
2026-08-21T19:31:15+00:00,477,549067,Abbott,18,2,40,0,0,0,0,,False,0,0,0,0,0,0,21,17,21,17,0.3,a,,,,0.0,0,0,0
2026-08-21T19:31:15+00:00,478,470315,Netz,18,2,45,0,0,0,0,,False,0,0,0,0,0,0,2,3,2,3,0.0,a,,,,0.0,0,0,0
2026-08-21T19:31:15+00:00,479,538638,Bindon,18,2,40,0,0,0,0,,False,0,0,0,0,0,0,11,4,11,4,0.2,a,,,,0.0,0,0,0
2026-08-21T19:31:15+00:00,480,222531,Gibbs-White,18,3,80,0,0,0,0,,False,0,0,0,0,0,0,203,530,203,530,11.7,a,,,,0.0,0,0,0
2026-08-21T19:31:15+00:00,482,209046,Hudson-Odoi,18,3,60,0,0,0,0,,False,0,0,0,0,0,0,14,10,14,10,0.3,a,100,,2026-07-23T12:01:23.832709Z,0.0,0,0,0
2026-08-21T19:31:15+00:00,483,456512,Ndoye,18,3,55,0,0,0,0,,False,0,0,0,0,0,0,7,25,7,25,0.4,a,,,,0.0,0,0,0
2026-08-21T19:31:15+00:00,484,503301,Hutchinson,18,3,55,0,0,0,0,,False,0,0,0,0,0,0,7,10,7,10,0.2,a,,,,0.0,0,0,0
2026-08-21T19:31:15+00:00,485,476887,Bakwa,18,3,55,0,0,0,0,,False,0,0,0,0,0,0,0,2,0,2,0.0,a,,,,0.0,0,0,0
2026-08-21T19:31:15+00:00,486,432714,McAtee,18,3,55,0,0,0,0,,False,0,0,0,0,0,0,0,2,0,2,0.0,a,,,,0.0,0,0,0
2026-08-21T19:31:15+00:00,487,250199,Dominguez,18,3,50,0,0,0,0,,False,0,0,0,0,0,0,6,6,6,6,0.1,a,,,,0.0,0,0,0
2026-08-21T19:31:15+00:00,488,210462,I.Sangaré,18,3,50,0,0,0,0,,False,0,0,0,0,0,0,33,37,33,37,1.1,a,,,,0.0,0,0,0
2026-08-21T19:31:15+00:00,489,204968,Yates,18,3,45,0,0,0,0,,False,0,0,0,0,0,0,17,939,17,939,2.0,i,0,Unspecified injury - Unknown return date,2026-08-17T20:30:08.195072Z,0.0,0,0,0
2026-08-21T19:31:15+00:00,490,60689,Wood,18,4,60,0,0,0,0,,False,0,0,0,0,0,0,113,137,113,137,1.8,a,,,,0.0,0,0,0
2026-08-21T19:31:15+00:00,491,482973,Igor Jesus,18,4,60,0,0,0,0,,False,0,0,0,0,0,0,147,213,147,213,4.4,a,,,,0.0,0,0,0
2026-08-21T19:31:15+00:00,493,465680,Kalimuendo,18,4,55,0,0,0,0,,False,0,0,0,0,0,0,9,6,9,6,0.0,a,,,,0.0,0,0,0
2026-08-21T19:31:15+00:00,558,204561,Schlager,18,3,50,0,0,0,0,,False,0,0,0,0,0,0,5,7,5,7,0.1,a,,,,0.0,0,0,0
2026-08-21T19:31:15+00:00,581,568420,Diomande,18,2,55,0,0,0,0,,False,0,0,0,0,0,0,153,52,153,52,0.8,a,,,,0.0,0,0,0
2026-08-21T19:31:15+00:00,590,428971,Benda,18,1,45,0,0,0,0,,False,0,0,0,0,0,0,18,8,18,8,0.1,a,,,,0.0,0,0,0
2026-08-21T19:31:15+00:00,112,469142,Van Hecke,19,2,50,0,0,0,0,,False,0,0,0,0,0,0,2356,281,2356,281,10.7,a,,,,0.0,0,0,0
2026-08-21T19:31:15+00:00,455,432422,Tonali,19,3,55,0,0,0,0,,False,0,0,0,0,0,0,276,147,276,147,4.2,a,,,,0.0,0,0,0
2026-08-21T19:31:15+00:00,494,184254,Vicario,19,1,45,0,0,0,0,,False,0,0,0,0,0,0,0,453,0,453,0.4,u,0,Has joined Juventus on loan for the rest of the season,2026-08-19T13:55:33.193962Z,0.0,0,0,0
2026-08-21T19:31:15+00:00,495,214572,Austin,19,1,40,0,0,0,0,,False,0,0,0,0,0,0,53,27,53,27,0.9,a,,,,0.0,0,0,0
2026-08-21T19:31:15+00:00,496,485055,Kinsky,19,1,45,0,0,0,0,,False,0,0,0,0,0,0,612,236,612,236,24.6,a,,,,0.0,0,0,0
2026-08-21T19:31:15+00:00,497,67089,Dubravka,19,1,40,0,0,0,0,,False,0,0,0,0,0,0,402,213,402,213,19.9,a,,,,0.0,0,0,0
2026-08-21T19:31:15+00:00,498,221466,Senesi,19,2,60,0,0,0,0,,False,0,0,0,0,0,0,485,327,485,327,8.2,a,,,,0.0,0,0,0
2026-08-21T19:31:15+00:00,499,441164,Pedro Porro,19,2,55,0,0,0,0,,False,0,0,0,0,0,0,177,13757,177,13757,17.6,i,0,Lack of match fitness - Expected back 29 Aug,2026-08-21T15:22:48.149081Z,0.0,0,0,0
2026-08-21T19:31:15+00:00,500,221632,Romero,19,2,50,0,0,0,0,,False,0,0,0,0,0,0,0,385,0,385,0.3,u,0,Has joined Atletico Madrid permanently,2026-08-17T13:49:05.465401Z,0.0,0,0,0
2026-08-21T19:31:15+00:00,501,135720,Danso,19,2,50,0,0,0,0,,False,0,0,0,0,0,0,49,19,49,19,0.2,a,,,,0.0,0,0,0
2026-08-21T19:31:15+00:00,502,122798,Robertson,19,2,45,0,0,0,0,,False,0,0,0,0,0,0,508,85,508,85,3.9,a,,,,0.0,0,0,0
2026-08-21T19:31:15+00:00,503,491279,Van de Ven,19,2,50,0,0,0,0,,False,0,0,0,0,0,0,93,5666,93,5666,5.7,i,0,Unspecified injury - Expected back 29 Aug,2026-08-21T15:00:07.610517Z,0.0,0,0,0
2026-08-21T19:31:15+00:00,505,232859,Spence,19,2,45,0,0,0,0,,False,0,0,0,0,0,0,0,2208,0,2208,1.0,u,0,Has joined Internazionale permanently,2026-08-18T14:13:08.454214Z,0.0,0,0,0
2026-08-21T19:31:15+00:00,506,487053,Udogie,19,2,45,0,0,0,0,,False,0,0,0,0,0,0,82,29,82,29,0.5,a,,,,0.0,0,0,0
2026-08-21T19:31:15+00:00,507,548308,Phillips,19,2,45,0,0,0,0,,False,0,0,0,0,0,0,0,17,0,17,0.0,u,0,Has joined Middlesbrough permanently,2026-08-18T14:13:08.474144Z,0.0,0,0,0
2026-08-21T19:31:15+00:00,508,115556,Davies,19,2,40,0,0,0,0,,False,0,0,0,0,0,0,223,46,223,46,1.1,a,,,,0.0,0,0,0
2026-08-21T19:31:15+00:00,509,640419,Byfield,19,2,40,0,0,0,0,,False,0,0,0,0,0,0,10,5,10,5,0.1,a,,,,0.0,0,0,0
2026-08-21T19:31:15+00:00,510,499716,Rowswell,19,2,40,0,0,0,0,,False,0,0,0,0,0,0,8,7,8,7,0.1,a,,,,0.0,0,0,0
2026-08-21T19:31:15+00:00,511,616221,Souza,19,2,40,0,0,0,0,,False,0,0,0,0,0,0,40,16,40,16,0.3,a,,,,0.0,0,0,0
2026-08-21T19:31:15+00:00,512,460842,Kudus,19,3,65,0,0,0,0,,False,0,0,0,0,0,0,5,42,5,42,0.1,d,25,Thigh injury - 25% chance of playing,2026-07-23T12:01:23.848657Z,0.0,0,0,0
2026-08-21T19:31:15+00:00,513,493362,Xavi,19,3,60,0,0,0,0,,False,0,0,0,0,0,0,4,6,4,6,0.0,i,0,Knee injury - Unknown return date,2026-07-23T12:01:23.864304Z,0.0,0,0,0
2026-08-21T19:31:15+00:00,514,511499,Tel,19,3,60,0,0,0,0,,False,0,0,0,0,0,0,29,28,29,28,0.6,a,,,,0.0,0,0,0
2026-08-21T19:31:15+00:00,515,172780,Maddison,19,3,65,0,0,0,0,,False,0,0,0,0,0,0,89,81,89,81,1.3,a,,,,0.0,0,0,0
2026-08-21T19:31:15+00:00,516,202993,Bentancur,19,3,55,0,0,0,0,,False,0,0,0,0,0,0,10,22,10,22,0.2,a,,,,0.0,0,0,0
2026-08-21T19:31:15+00:00,517,550839,Odobert,19,3,55,0,0,0,0,,False,0,0,0,0,0,0,0,0,0,0,0.0,i,0,Knee injury - Unknown return date,2026-07-23T12:01:23.879434Z,0.0,0,0,0
2026-08-21T19:31:15+00:00,518,482442,P.M.Sarr,19,3,50,0,0,0,0,,False,0,0,0,0,0,0,1,274,1,274,0.3,i,0,Hamstring injury - Unknown return date,2026-08-21T14:30:08.419690Z,0.0,0,0,0
2026-08-21T19:31:15+00:00,519,232787,Gallagher,19,3,55,0,0,0,0,,False,0,0,0,0,0,0,12,23,12,23,0.3,a,,,,0.0,0,0,0
2026-08-21T19:31:15+00:00,520,570526,Bergvall,19,3,55,0,0,0,0,,False,0,0,0,0,0,0,15,15,15,15,0.2,a,,,,0.0,0,0,0
2026-08-21T19:31:15+00:00,521,445044,Kulusevski,19,3,65,0,0,0,0,,False,0,0,0,0,0,0,2,3,2,3,0.0,i,0,Knee injury - Unknown return date,2026-07-23T12:01:23.895175Z,0.0,0,0,0
2026-08-21T19:31:15+00:00,522,547701,Gray,19,3,50,0,0,0,0,,False,0,0,0,0,0,0,24,21,24,21,0.2,a,,,,0.0,0,0,0
2026-08-21T19:31:15+00:00,523,499721,Moore,19,3,50,0,0,0,0,,False,0,0,0,0,0,0,14,7,14,7,0.2,a,,,,0.0,0,0,0
2026-08-21T19:31:15+00:00,524,499726,Olusesi,19,3,45,0,0,0,0,,False,0,0,0,0,0,0,105,93,105,93,0.9,a,,,,0.0,0,0,0
2026-08-21T19:31:15+00:00,525,551226,Fernandes,19,3,60,0,0,0,0,,False,0,0,0,0,0,0,113,109,113,109,2.0,a,,,,0.0,0,0,0
2026-08-21T19:31:15+00:00,526,154566,Solanke,19,4,60,0,0,0,0,,False,0,0,0,0,0,0,77,115,77,115,1.4,a,,,,0.0,0,0,0
2026-08-21T19:31:15+00:00,527,212319,Richarlison,19,4,60,0,0,0,0,,False,0,0,0,0,0,0,164,161,164,161,3.2,a,,,,0.0,0,0,0
2026-08-21T19:31:15+00:00,528,490145,Scarlett,19,4,45,0,0,0,0,,False,0,0,0,0,0,0,433,133,433,133,1.7,a,,,,0.0,0,0,0
2026-08-21T19:31:15+00:00,529,498016,Roefs,20,1,50,0,0,0,0,,False,0,0,0,0,0,0,47,148,47,148,4.4,a,,,,0.0,0,0,0
2026-08-21T19:31:15+00:00,530,232571,Patterson,20,1,40,0,0,0,0,,False,0,0,0,0,0,0,0,76,0,76,0.2,u,0,Has joined Wrexham permanently,2026-08-12T14:08:03.064533Z,0.0,0,0,0
2026-08-21T19:31:15+00:00,531,515046,Ellborg,20,1,45,0,0,0,0,,False,0,0,0,0,0,0,4,2,4,2,0.1,a,,,,0.0,0,0,0
2026-08-21T19:31:15+00:00,532,223827,Ballard,20,2,50,0,0,0,0,,False,0,0,0,0,0,0,346,129,346,129,5.8,a,,,,0.0,0,0,0
2026-08-21T19:31:15+00:00,533,200834,Mukiele,20,2,55,0,0,0,0,,False,0,0,0,0,0,0,157,100,157,100,2.9,a,100,,2026-08-09T08:30:05.954750Z,0.0,0,0,0
2026-08-21T19:31:15+00:00,534,487676,Hume,20,2,45,0,0,0,0,,False,0,0,0,0,0,0,351,219,351,219,7.1,a,,,,0.0,0,0,0
2026-08-21T19:31:15+00:00,535,201895,Alderete,20,2,50,0,0,0,0,,False,0,0,0,0,0,0,87,37,87,37,0.5,a,100,,2026-08-09T08:30:05.962393Z,0.0,0,0,0
2026-08-21T19:31:15+00:00,536,434399,Reinildo,20,2,45,0,0,0,0,,False,0,0,0,0,0,0,10,19,10,19,0.5,a,,,,0.0,0,0,0
2026-08-21T19:31:15+00:00,537,519634,Seelt,20,2,45,0,0,0,0,,False,0,0,0,0,0,0,1,1,1,1,0.0,a,,,,0.0,0,0,0
2026-08-21T19:31:15+00:00,538,477547,Hjelde,20,2,40,0,0,0,0,,False,0,0,0,0,0,0,0,32,0,32,0.1,u,0,Has joined KV Mechelen on loan for the rest of the season,2026-08-12T14:08:03.081789Z,0.0,0,0,0
2026-08-21T19:31:15+00:00,539,167512,O'Nien,20,2,40,0,0,0,0,,False,0,0,0,0,0,0,113,82,113,82,3.7,a,,,,0.0,0,0,0
2026-08-21T19:31:15+00:00,540,105717,Masuaku,20,2,40,0,0,0,0,,False,0,0,0,0,0,0,0,144,0,144,0.3,u,0,Has joined Konyaspor permanently,2026-08-12T14:08:03.097784Z,0.0,0,0,0
2026-08-21T19:31:15+00:00,541,93605,Meunier,20,2,45,0,0,0,0,,False,0,0,0,0,0,0,12,11,12,11,0.3,a,100,,2026-08-16T08:30:07.830062Z,0.0,0,0,0
2026-08-21T19:31:15+00:00,542,484420,E.Le Fée,20,3,60,0,0,0,0,,False,0,0,0,0,0,0,250,279,250,279,10.5,a,,,,0.0,0,0,0
2026-08-21T19:31:15+00:00,543,547027,Diarra,20,3,55,0,0,0,0,,False,0,0,0,0,0,0,2,1,2,1,0.1,a,,,,0.0,0,0,0
2026-08-21T19:31:15+00:00,544,84450,Xhaka,20,3,55,0,0,0,0,,False,0,0,0,0,0,0,117,176,117,176,4.4,a,,,,0.0,0,0,0
2026-08-21T19:31:15+00:00,545,577669,Sadiki,20,3,50,0,0,0,0,,False,0,0,0,0,0,0,18,22,18,22,0.4,a,,,,0.0,0,0,0
2026-08-21T19:31:15+00:00,546,535818,Adingra,20,3,50,0,0,0,0,,False,0,0,0,0,0,0,0,80,0,80,0.1,i,0,Ankle injury - Unknown return date,2026-08-20T14:00:08.416985Z,0.0,0,0,0
2026-08-21T19:31:15+00:00,547,461199,Mundle,20,3,50,0,0,0,0,,False,0,0,0,0,0,0,0,0,0,0,0.0,a,,,,0.0,0,0,0
2026-08-21T19:31:15+00:00,548,554197,Rigg,20,3,50,0,0,0,0,,False,0,0,0,0,0,0,1,2,1,2,0.1,a,,,,0.0,0,0,0
2026-08-21T19:31:15+00:00,549,549912,Talbi,20,3,55,0,0,0,0,,False,0,0,0,0,0,0,8,25,8,25,0.2,a,,,,0.0,0,0,0
2026-08-21T19:31:15+00:00,550,699989,Jocelin.T,20,3,50,0,0,0,0,,False,0,0,0,0,0,0,0,1,0,1,0.0,a,,,,0.0,0,0,0
2026-08-21T19:31:15+00:00,551,536661,Angulo,20,3,50,0,0,0,0,,False,0,0,0,0,0,0,5,4,5,4,0.1,a,,,,0.0,0,0,0
2026-08-21T19:31:15+00:00,552,441264,Brobbey,20,4,60,0,0,0,0,,False,0,0,0,0,0,0,476,408,476,408,14.3,a,,,,0.0,0,0,0
2026-08-21T19:31:15+00:00,553,437505,Isidor,20,4,55,0,0,0,0,,False,0,0,0,0,0,0,48,53,48,53,1.0,a,,,,0.0,0,0,0
2026-08-21T20:33:39+00:00,1,154561,Raya,1,1,60,0,0,0,0,,False,0,0,0,0,0,0,1565,1452,1565,1452,37.6,a,,,,6.0,6,6,72
2026-08-21T20:33:39+00:00,2,109745,Arrizabalaga,1,1,50,0,0,0,0,,False,0,0,0,0,0,0,16,54,16,54,0.1,a,,,,0.0,0,0,0
2026-08-21T20:33:39+00:00,3,437495,Meslier,1,1,50,0,0,0,0,,False,0,0,0,0,0,0,7,20,7,20,0.0,a,,,,0.0,0,0,0
2026-08-21T20:33:39+00:00,4,226597,Gabriel,1,2,80,0,0,0,0,,False,0,0,0,0,0,0,1429,3136,1429,3136,29.7,a,,,,5.0,5,5,72
2026-08-21T20:33:39+00:00,5,445122,J.Timber,1,2,65,0,0,0,0,,False,0,0,0,0,0,0,22,161,22,161,0.1,i,0,Groin injury - Unknown return date,2026-07-23T12:01:23.272929Z,0.0,0,0,0
2026-08-21T20:33:39+00:00,6,462424,Saliba,1,2,60,0,0,0,0,,False,0,0,0,0,0,0,59,394,59,394,0.3,i,0,Back injury - Unknown return date,2026-07-23T12:01:23.289376Z,0.0,0,0,0
2026-08-21T20:33:39+00:00,7,499169,Lewis-Skelly,1,3,55,0,0,0,0,,False,0,0,0,0,0,0,756,215,756,215,0.6,a,,,,3.0,3,3,72
2026-08-21T20:33:39+00:00,8,466075,Calafiori,1,2,55,0,0,0,0,,False,0,0,0,0,0,0,14840,1162,14840,1162,39.7,a,,,,9.0,9,9,72
2026-08-21T20:33:39+00:00,9,448104,Hincapie,1,2,55,0,0,0,0,,False,0,0,0,0,0,0,369,2460,369,2460,1.8,a,,,,0.0,0,0,0
2026-08-21T20:33:39+00:00,10,198869,White,1,2,55,0,0,0,0,,False,0,0,0,0,0,0,1163,584,1163,584,4.5,a,100,,2026-07-23T12:01:23.305229Z,10.0,10,10,72
2026-08-21T20:33:39+00:00,11,500040,Mosquera,1,2,55,0,0,0,0,,False,0,0,0,0,0,0,1371,1441,1371,1441,6.4,a,,,,6.0,6,6,72
2026-08-21T20:33:39+00:00,12,223340,Saka,1,3,95,0,0,0,0,,False,0,0,0,0,0,0,2204,466,2204,466,9.3,a,,,,10.0,10,10,67
2026-08-21T20:33:39+00:00,13,204480,Rice,1,3,75,0,0,0,0,,False,0,0,0,0,0,0,2292,2636,2292,2636,18.1,a,,,,3.0,3,3,67
2026-08-21T20:33:39+00:00,14,232413,Eze,1,3,65,0,0,0,0,,False,0,0,0,0,0,0,344,1727,344,1727,2.1,a,,,,0.0,0,0,0
2026-08-21T20:33:39+00:00,15,184029,Ødegaard,1,3,65,0,0,0,0,,False,0,0,0,0,0,0,3439,1251,3439,1251,8.1,a,,,,11.0,11,11,72
2026-08-21T20:33:39+00:00,16,248857,Madueke,1,3,65,0,0,0,0,,False,0,0,0,0,0,0,50,344,50,344,0.3,a,,,,1.0,1,1,4
2026-08-21T20:33:39+00:00,17,195384,Merino,1,3,60,0,0,0,0,,False,0,0,0,0,0,0,149,643,149,643,0.7,a,,,,0.0,0,0,0
2026-08-21T20:33:39+00:00,18,444145,Martinelli,1,3,65,0,0,0,0,,False,0,0,0,0,0,0,77,348,77,348,0.2,a,,,,0.0,0,0,0
2026-08-21T20:33:39+00:00,19,481655,Zubimendi,1,3,55,0,0,0,0,,False,0,0,0,0,0,0,98,762,98,762,1.2,a,,,,1.0,1,1,4
2026-08-21T20:33:39+00:00,20,616077,Dowman,1,3,55,0,0,0,0,,False,0,0,0,0,0,0,33,115,33,115,0.1,a,,,,0.0,0,0,0
2026-08-21T20:33:39+00:00,22,499175,Nwaneri,1,3,55,0,0,0,0,,False,0,0,0,0,0,0,5,19,5,19,0.0,a,,,,0.0,0,0,0
2026-08-21T20:33:39+00:00,23,438098,Fábio Vieira,1,3,55,0,0,0,0,,False,0,0,0,0,0,0,4,4,4,4,0.0,a,,,,0.0,0,0,0
2026-08-21T20:33:39+00:00,24,200641,Nelson,1,3,55,0,0,0,0,,False,0,0,0,0,0,0,2,4,2,4,0.0,a,,,,0.0,0,0,0
2026-08-21T20:33:39+00:00,25,224117,Gyökeres,1,4,75,0,0,0,0,,False,0,0,0,0,0,0,470,7673,470,7673,9.1,a,,,,0.0,0,0,0
2026-08-21T20:33:39+00:00,26,219847,Havertz,1,4,75,0,0,0,0,,False,0,0,0,0,0,0,7763,622,7763,622,5.4,a,,,,6.0,6,6,72
2026-08-21T20:33:39+00:00,27,205651,G.Jesus,1,4,60,0,0,0,0,,False,0,0,0,0,0,0,124,365,124,365,0.4,a,,,,0.0,0,0,0
2026-08-21T20:33:39+00:00,31,199798,Konsa,1,2,45,0,0,0,0,,False,0,0,0,0,0,0,3190,9879,3190,9879,13.4,a,,,,0.0,0,0,0
2026-08-21T20:33:39+00:00,452,208706,Bruno G.,1,3,70,0,0,0,0,,False,0,0,0,0,0,0,69,5552,69,5552,4.3,d,75,Thigh injury - 75% chance of playing,2026-08-20T17:00:08.846118Z,0.0,0,0,0
2026-08-21T20:33:39+00:00,557,439509,Tzolis,1,3,65,0,0,0,0,,False,0,0,0,0,0,0,10351,635,10351,635,25.2,a,,,,6.0,6,6,72
2026-08-21T20:33:39+00:00,28,98980,Martinez,2,1,50,0,0,0,0,,False,0,0,0,0,0,0,474,609,474,609,4.4,a,,,,0.0,0,0,0
2026-08-21T20:33:39+00:00,29,72147,M.Bizot,2,1,45,0,0,0,0,,False,0,0,0,0,0,0,20,9,20,9,0.1,a,,,,0.0,0,0,0
2026-08-21T20:33:39+00:00,30,101188,Digne,2,2,45,0,0,0,0,,False,0,0,0,0,0,0,0,358,0,358,0.1,u,0,Has joined Paris Saint-Germain permanently,2026-08-10T14:03:30.089007Z,0.0,0,0,0
2026-08-21T20:33:39+00:00,32,199796,Cash,2,2,45,0,0,0,0,,False,0,0,0,0,0,0,3863,545,3863,545,8.9,a,,,,0.0,0,0,0
2026-08-21T20:33:39+00:00,33,149484,Mings,2,2,45,0,0,0,0,,False,0,0,0,0,0,0,370,32,370,32,0.3,a,,,,0.0,0,0,0
2026-08-21T20:33:39+00:00,34,244954,Pau,2,2,45,0,0,0,0,,False,0,0,0,0,0,0,236,39,236,39,0.4,a,,,,0.0,0,0,0
2026-08-21T20:33:39+00:00,35,515597,Bogarde,2,3,50,0,0,0,0,,False,0,0,0,0,0,0,70,18,70,18,0.1,a,,,,0.0,0,0,0
2026-08-21T20:33:39+00:00,36,441302,Maatsen,2,2,45,0,0,0,0,,False,0,0,0,0,0,0,283,60,283,60,0.8,a,,,,0.0,0,0,0
2026-08-21T20:33:39+00:00,37,184667,Lindelöf,2,2,45,0,0,0,0,,False,0,0,0,0,0,0,190,40,190,40,0.3,a,,,,0.0,0,0,0
2026-08-21T20:33:39+00:00,38,606798,A.García,2,2,40,0,0,0,0,,False,0,0,0,0,0,0,456,163,456,163,1.8,a,,,,0.0,0,0,0
2026-08-21T20:33:39+00:00,39,578545,Nedeljkovic,2,2,40,0,0,0,0,,False,0,0,0,0,0,0,0,378,0,378,0.3,u,0,Has joined Rangers on loan for the rest of the season,2026-08-19T13:56:46.385411Z,0.0,0,0,0
2026-08-21T20:33:39+00:00,41,195546,Buendía,2,3,60,0,0,0,0,,False,0,0,0,0,0,0,231,165,231,165,1.4,a,,,,0.0,0,0,0
2026-08-21T20:33:39+00:00,44,215711,Bailey,2,3,55,0,0,0,0,,False,0,0,0,0,0,0,65,33,65,33,0.2,a,,,,0.0,0,0,0
2026-08-21T20:33:39+00:00,45,122806,McGinn,2,3,55,0,0,0,0,,False,0,0,0,0,0,0,403,315,403,315,3.3,a,,,,0.0,0,0,0
2026-08-21T20:33:39+00:00,46,88894,Barkley,2,3,50,0,0,0,0,,False,0,0,0,0,0,0,117,39,117,39,0.2,a,,,,0.0,0,0,0
2026-08-21T20:33:39+00:00,47,226944,Kamara,2,3,50,0,0,0,0,,False,0,0,0,0,0,0,183,80,183,80,0.4,a,100,,2026-07-23T12:01:23.337269Z,0.0,0,0,0
2026-08-21T20:33:39+00:00,48,449871,Onana,2,3,50,0,0,0,0,,False,0,0,0,0,0,0,7,18,7,18,0.0,i,0,Knee injury - Unknown return date,2026-07-23T12:01:23.352497Z,0.0,0,0,0
2026-08-21T20:33:39+00:00,49,469247,Iling Jr,2,3,50,0,0,0,0,,False,0,0,0,0,0,0,0,11,0,11,0.0,u,0,Has joined Bolton Wanderers on loan for the rest of the season,2026-08-17T13:52:28.532616Z,0.0,0,0,0
2026-08-21T20:33:39+00:00,50,645618,Burrowes,2,3,45,0,0,0,0,,False,0,0,0,0,0,0,178,79,178,79,0.7,a,,,,0.0,0,0,0
2026-08-21T20:33:39+00:00,51,577285,George Hemmings,2,3,45,0,0,0,0,,False,0,0,0,0,0,0,129,52,129,52,0.7,a,,,,0.0,0,0,0
2026-08-21T20:33:39+00:00,52,653481,Alysson,2,3,50,0,0,0,0,,False,0,0,0,0,0,0,17,6,17,6,0.0,a,,,,0.0,0,0,0
2026-08-21T20:33:39+00:00,53,614071,Manzambi,2,3,60,0,0,0,0,,False,0,0,0,0,0,0,15,462,15,462,0.3,i,0,Knee injury - Unknown return date,2026-08-15T15:30:06.388335Z,0.0,0,0,0
2026-08-21T20:33:39+00:00,54,448089,Gomes,2,3,55,0,0,0,0,,False,0,0,0,0,0,0,4,85,4,85,0.1,i,0,Calf injury - Unknown return date,2026-08-15T16:00:07.546807Z,0.0,0,0,0
2026-08-21T20:33:39+00:00,55,178301,Watkins,2,4,80,0,0,0,0,,False,0,0,0,0,0,0,446,1641,446,1641,10.2,a,,,,0.0,0,0,0
2026-08-21T20:33:39+00:00,56,173879,Abraham,2,4,55,0,0,0,0,,False,0,0,0,0,0,0,27,69,27,69,0.1,d,75,Knock - 75% chance of playing,2026-08-15T16:00:07.558543Z,0.0,0,0,0
2026-08-21T20:33:39+00:00,160,493105,Garnacho,2,3,60,0,0,0,0,,False,0,0,0,0,0,0,105,127,105,127,0.6,a,,,,0.0,0,0,0
2026-08-21T20:33:39+00:00,582,690838,Madjo,2,4,55,0,0,0,0,,False,0,0,0,0,0,0,62,223,62,223,0.5,i,0,Unspecified injury - Unknown return date,2026-08-15T16:00:07.974271Z,0.0,0,0,0
2026-08-21T20:33:39+00:00,596,487992,Ruggeri,2,2,45,0,0,0,0,,False,0,0,0,0,0,0,84,19,84,19,0.1,a,,,,0.0,0,0,0
2026-08-21T20:33:39+00:00,597,433969,Suzuki,2,1,50,0,0,0,0,,False,0,0,0,0,0,0,217,66,217,66,0.7,a,,,,0.0,0,0,0
2026-08-21T20:33:39+00:00,57,457569,Petrović,3,1,45,0,0,0,0,,False,0,0,0,0,0,0,231,133,231,133,3.2,a,,,,0.0,0,0,0
2026-08-21T20:33:39+00:00,58,40383,Forster,3,1,40,0,0,0,0,,False,0,0,0,0,0,0,174,98,174,98,3.2,a,,,,0.0,0,0,0
2026-08-21T20:33:39+00:00,59,444172,Dennis,3,1,40,0,0,0,0,,False,0,0,0,0,0,0,35,9,35,9,0.2,a,,,,0.0,0,0,0
2026-08-21T20:33:39+00:00,60,463981,Hill,3,2,55,0,0,0,0,,False,0,0,0,0,0,0,286,106,286,106,0.8,a,,,,0.0,0,0,0
2026-08-21T20:33:39+00:00,61,494521,Truffert,3,2,55,0,0,0,0,,False,0,0,0,0,0,0,482,341,482,341,4.4,a,,,,0.0,0,0,0
2026-08-21T20:33:39+00:00,62,242882,Diakité,3,2,50,0,0,0,0,,False,0,0,0,0,0,0,153,21,153,21,0.2,a,,,,0.0,0,0,0
2026-08-21T20:33:39+00:00,63,620487,Milosavljević,3,2,50,0,0,0,0,,False,0,0,0,0,0,0,4,13,4,13,0.0,i,0,Unspecified injury - Unknown return date,2026-08-06T10:00:10.456051Z,0.0,0,0,0
2026-08-21T20:33:39+00:00,64,54469,Smith,3,2,45,0,0,0,0,,False,0,0,0,0,0,0,72,7,72,7,0.1,a,,,,0.0,0,0,0
2026-08-21T20:33:39+00:00,65,436893,J.Araujo,3,2,45,0,0,0,0,,False,0,0,0,0,0,0,3,25,3,25,0.0,i,0,Thigh injury - Unknown return date,2026-08-09T08:00:05.645826Z,0.0,0,0,0
2026-08-21T20:33:39+00:00,66,575901,Soler,3,2,40,0,0,0,0,,False,0,0,0,0,0,0,30,51,30,51,0.2,d,75,Hamstring injury - 75% chance of playing,2026-08-15T16:30:07.021055Z,0.0,0,0,0
2026-08-21T20:33:39+00:00,67,499604,Rayan,3,3,65,0,0,0,0,,False,0,0,0,0,0,0,425,372,425,372,2.7,a,,,,0.0,0,0,0
2026-08-21T20:33:39+00:00,68,201658,Tavernier,3,3,60,0,0,0,0,,False,0,0,0,0,0,0,109,115,109,115,1.6,a,,,,0.0,0,0,0
2026-08-21T20:33:39+00:00,69,503139,Scott,3,3,60,0,0,0,0,,False,0,0,0,0,0,0,179,185,179,185,1.5,a,,,,0.0,0,0,0
2026-08-21T20:33:39+00:00,70,222683,Kluivert,3,3,60,0,0,0,0,,False,0,0,0,0,0,0,226,121,226,121,1.1,a,,,,0.0,0,0,0
2026-08-21T20:33:39+00:00,71,155408,Cook,3,3,50,0,0,0,0,,False,0,0,0,0,0,0,82,24,82,24,0.2,a,,,,0.0,0,0,0
2026-08-21T20:33:39+00:00,72,496208,Gannon-Doak,3,3,50,0,0,0,0,,False,0,0,0,0,0,0,24,14,24,14,0.1,a,,,,0.0,0,0,0
2026-08-21T20:33:39+00:00,73,200785,Adams,3,3,50,0,0,0,0,,False,0,0,0,0,0,0,15,134,15,134,0.2,d,75,Unspecified injury - 75% chance of playing,2026-08-15T16:30:07.029928Z,0.0,0,0,0
2026-08-21T20:33:39+00:00,74,111317,Brooks,3,3,50,0,0,0,0,,False,0,0,0,0,0,0,6,30,6,30,0.1,d,75,Unspecified injury - 75% chance of playing,2026-08-15T16:30:07.037929Z,0.0,0,0,0
2026-08-21T20:33:39+00:00,75,158499,Christie,3,3,50,0,0,0,0,,False,0,0,0,0,0,0,5,3,5,3,0.0,s,0,Suspended until 29 Aug,2026-07-24T17:30:10.035483Z,0.0,0,0,0
2026-08-21T20:33:39+00:00,76,614574,Tóth.A,3,3,50,0,0,0,0,,False,0,0,0,0,0,0,2,2,2,2,0.0,a,,,,0.0,0,0,0
2026-08-21T20:33:39+00:00,77,489888,Adli,3,3,50,0,0,0,0,,False,0,0,0,0,0,0,1,50,1,50,0.0,i,0,Unspecified injury - Unknown return date,2026-08-15T16:00:07.590566Z,0.0,0,0,0
2026-08-21T20:33:39+00:00,78,560262,Kroupi.Jr,3,3,75,0,0,0,0,,False,0,0,0,0,0,0,18,736,18,736,0.5,i,0,Foot injury - Unknown return date,2026-07-29T17:30:09.796802Z,0.0,0,0,0
2026-08-21T20:33:39+00:00,79,444102,Evanilson,3,4,60,0,0,0,0,,False,0,0,0,0,0,0,376,249,376,249,2.3,a,,,,0.0,0,0,0
2026-08-21T20:33:39+00:00,80,168636,Enes Ünal,3,4,55,0,0,0,0,,False,0,0,0,0,0,0,0,57,0,57,0.0,u,0,Has joined Getafe permanently,2026-08-14T14:14:21.881112Z,0.0,0,0,0
2026-08-21T20:33:39+00:00,81,561245,Rodríguez,3,4,60,0,0,0,0,,False,0,0,0,0,0,0,9,47,9,47,0.1,d,75,Unspecified injury - 75% chance of playing,2026-08-15T16:30:07.054142Z,0.0,0,0,0
2026-08-21T20:33:39+00:00,566,483067,Silva,3,2,50,0,0,0,0,,False,0,0,0,0,0,0,89,26,89,26,0.3,a,,,,0.0,0,0,0
2026-08-21T20:33:39+00:00,573,494928,Sanchez,3,2,45,0,0,0,0,,False,0,0,0,0,0,0,38,22,38,22,0.2,a,,,,0.0,0,0,0
2026-08-21T20:33:39+00:00,82,200720,Kelleher,4,1,50,0,0,0,0,,False,0,0,0,0,0,0,286,252,286,252,5.8,a,,,,0.0,0,0,0
2026-08-21T20:33:39+00:00,83,507433,Valdimarsson,4,1,45,0,0,0,0,,False,0,0,0,0,0,0,12,7,12,7,0.1,a,,,,0.0,0,0,0
2026-08-21T20:33:39+00:00,84,432830,Collins,4,2,55,0,0,0,0,,False,0,0,0,0,0,0,282,158,282,158,1.8,a,,,,0.0,0,0,0
2026-08-21T20:33:39+00:00,85,444765,Van den Berg,4,2,50,0,0,0,0,,False,0,0,0,0,0,0,12,187,12,187,0.2,i,0,Groin injury - Unknown return date,2026-08-15T15:30:06.416627Z,0.0,0,0,0
2026-08-21T20:33:39+00:00,86,249231,Lewis-Potter,4,3,55,0,0,0,0,,False,0,0,0,0,0,0,28,39,28,39,0.4,a,,,,0.0,0,0,0
2026-08-21T20:33:39+00:00,87,191866,Ajer,4,2,45,0,0,0,0,,False,0,0,0,0,0,0,502,113,502,113,3.6,a,,,,0.0,0,0,0
2026-08-21T20:33:39+00:00,88,607464,Kayode,4,2,45,0,0,0,0,,False,0,0,0,0,0,0,682,109,682,109,3.2,a,,,,0.0,0,0,0
2026-08-21T20:33:39+00:00,89,194010,Henry,4,2,45,0,0,0,0,,False,0,0,0,0,0,0,38,24,38,24,0.3,a,,,,0.0,0,0,0
2026-08-21T20:33:39+00:00,90,472713,Hickey,4,2,45,0,0,0,0,,False,0,0,0,0,0,0,34,9,34,9,0.1,a,,,,0.0,0,0,0
2026-08-21T20:33:39+00:00,91,231065,Pinnock,4,2,45,0,0,0,0,,False,0,0,0,0,0,0,20,7,20,7,0.1,a,,,,0.0,0,0,0
2026-08-21T20:33:39+00:00,92,570241,Ji-soo,4,2,45,0,0,0,0,,False,0,0,0,0,0,0,4,1,4,1,0.0,a,,,,0.0,0,0,0
2026-08-21T20:33:39+00:00,93,513086,Schuster,4,2,45,0,0,0,0,,False,0,0,0,0,0,0,5,17,5,17,0.2,a,,,,0.0,0,0,0
2026-08-21T20:33:39+00:00,94,513418,Schade,4,3,60,0,0,0,0,,False,0,0,0,0,0,0,232,175,232,175,3.7,a,,,,0.0,0,0,0
2026-08-21T20:33:39+00:00,95,533463,O.Dango,4,3,65,0,0,0,0,,False,0,0,0,0,0,0,61,121,61,121,1.2,a,,,,0.0,0,0,0
2026-08-21T20:33:39+00:00,96,440089,Damsgaard,4,3,55,0,0,0,0,,False,0,0,0,0,0,0,65,54,65,54,0.6,a,,,,0.0,0,0,0
2026-08-21T20:33:39+00:00,97,207283,Jensen,4,3,55,0,0,0,0,,False,0,0,0,0,0,0,8,14,8,14,0.2,a,,,,0.0,0,0,0
2026-08-21T20:33:39+00:00,98,204580,Janelt,4,3,50,0,0,0,0,,False,0,0,0,0,0,0,14,9,14,9,0.1,a,,,,0.0,0,0,0
2026-08-21T20:33:39+00:00,99,543295,Milambo,4,3,50,0,0,0,0,,False,0,0,0,0,0,0,0,4,0,4,0.0,i,0,Knee injury - Unknown return date,2026-07-23T12:01:23.384798Z,0.0,0,0,0
2026-08-21T20:33:39+00:00,100,244858,Carvalho,4,3,50,0,0,0,0,,False,0,0,0,0,0,0,3,9,3,9,0.0,d,75,Lack of match fitness - 75% chance of playing,2026-08-18T13:58:17.442072Z,0.0,0,0,0
2026-08-21T20:33:39+00:00,102,508395,Yarmoliuk,4,3,50,0,0,0,0,,False,0,0,0,0,0,0,39,81,39,81,1.4,a,,,,0.0,0,0,0
2026-08-21T20:33:39+00:00,103,183656,Dasilva,4,3,50,0,0,0,0,,False,0,0,0,0,0,0,4,3,4,3,0.0,a,,,,0.0,0,0,0
2026-08-21T20:33:39+00:00,105,444180,Anthony,4,3,60,0,0,0,0,,False,0,0,0,0,0,0,22,18,22,18,0.2,a,,,,0.0,0,0,0
2026-08-21T20:33:39+00:00,106,502500,Thiago,4,4,80,0,0,0,0,,False,0,0,0,0,0,0,983,1476,983,1476,17.0,a,,,,0.0,0,0,0
2026-08-21T20:33:39+00:00,107,593174,Furo,4,4,45,0,0,0,0,,False,0,0,0,0,0,0,234,111,234,111,0.9,a,,,,0.0,0,0,0
2026-08-21T20:33:39+00:00,108,75115,Wilson,4,4,55,0,0,0,0,,False,0,0,0,0,0,0,119,62,119,62,0.3,a,,,,0.0,0,0,0
2026-08-21T20:33:39+00:00,565,513545,M.Sangaré,4,3,55,0,0,0,0,,False,0,0,0,0,0,0,167,105,167,105,3.3,a,,,,0.0,0,0,0
2026-08-21T20:33:39+00:00,109,489639,Verbruggen,5,1,45,0,0,0,0,,False,0,0,0,0,0,0,810,513,810,513,22.1,a,,,,0.0,0,0,0
2026-08-21T20:33:39+00:00,111,49262,Steele,5,1,40,0,0,0,0,,False,0,0,0,0,0,0,185,122,185,122,4.2,a,,,,0.0,0,0,0
2026-08-21T20:33:39+00:00,113,231416,F.Kadıoğlu,5,2,45,0,0,0,0,,False,0,0,0,0,0,0,357,170,357,170,3.0,a,,,,0.0,0,0,0
2026-08-21T20:33:39+00:00,114,204120,Boscagli,5,2,45,0,0,0,0,,False,0,0,0,0,0,0,32,20,32,20,0.2,a,,,,0.0,0,0,0
2026-08-21T20:33:39+00:00,115,465730,De Cuyper,5,2,45,0,0,0,0,,False,0,0,0,0,0,0,188,102,188,102,1.7,a,,,,0.0,0,0,0
2026-08-21T20:33:39+00:00,116,83299,Dunk,5,2,45,0,0,0,0,,False,0,0,0,0,0,0,302,64,302,64,1.0,a,,,,0.0,0,0,0
2026-08-21T20:33:39+00:00,117,550090,Coppola,5,2,45,0,0,0,0,,False,0,0,0,0,0,0,4,1,4,1,0.0,a,,,,0.0,0,0,0
2026-08-21T20:33:39+00:00,118,223434,Igor,5,2,45,0,0,0,0,,False,0,0,0,0,0,0,37,10,37,10,0.1,a,,,,0.0,0,0,0
2026-08-21T20:33:39+00:00,119,451490,Costinha,5,2,45,0,0,0,0,,False,0,0,0,0,0,0,10,1,10,1,0.0,a,,,,0.0,0,0,0
2026-08-21T20:33:39+00:00,120,454490,Svoboda,5,2,50,0,0,0,0,,False,0,0,0,0,0,0,18,5,18,5,0.0,a,,,,0.0,0,0,0
2026-08-21T20:33:39+00:00,121,451340,Mitoma,5,3,60,0,0,0,0,,False,0,0,0,0,0,0,12,52,12,52,0.0,i,0,Hamstring injury - Unknown return date,2026-07-24T18:30:10.661894Z,0.0,0,0,0
2026-08-21T20:33:39+00:00,122,592031,Minteh,5,3,60,0,0,0,0,,False,0,0,0,0,0,0,10,155,10,155,0.1,i,0,Leg injury - Expected back 28 Nov,2026-08-14T18:00:06.418033Z,0.0,0,0,0
2026-08-21T20:33:39+00:00,123,532529,Hinshelwood,5,3,60,0,0,0,0,,False,0,0,0,0,0,0,15,41,15,41,0.4,a,,,,0.0,0,0,0
2026-08-21T20:33:39+00:00,124,60307,Groß,5,3,55,0,0,0,0,,False,0,0,0,0,0,0,815,524,815,524,14.6,a,,,,0.0,0,0,0
2026-08-21T20:33:39+00:00,125,463067,Georginio,5,4,55,0,0,0,0,,False,0,0,0,0,0,0,86,74,86,74,0.9,a,,,,0.0,0,0,0
2026-08-21T20:33:39+00:00,126,219249,O'Riley,5,3,55,0,0,0,0,,False,0,0,0,0,0,0,25,16,25,16,0.1,a,,,,0.0,0,0,0
2026-08-21T20:33:39+00:00,127,514254,Gomez,5,3,50,0,0,0,0,,False,0,0,0,0,0,0,379,192,379,192,4.0,a,,,,0.0,0,0,0
2026-08-21T20:33:39+00:00,128,536916,Buonanotte,5,3,50,0,0,0,0,,False,0,0,0,0,0,0,0,17,0,17,0.0,u,0,Has joined Elche on loan for the rest of the season,2026-08-10T14:03:07.561436Z,0.0,0,0,0
2026-08-21T20:33:39+00:00,129,509416,Ayari,5,3,55,0,0,0,0,,False,0,0,0,0,0,0,65,81,65,81,0.7,a,,,,0.0,0,0,0
2026-08-21T20:33:39+00:00,130,467779,Wieffer,5,2,50,0,0,0,0,,False,0,0,0,0,0,0,28,30,28,30,0.3,a,,,,0.0,0,0,0
2026-08-21T20:33:39+00:00,131,535301,Baleba,5,3,50,0,0,0,0,,False,0,0,0,0,0,0,144,108,144,108,0.2,i,0,Ankle injury - Expected back 23 Aug,2026-08-06T16:00:10.997714Z,0.0,0,0,0
2026-08-21T20:33:39+00:00,132,597320,Howell,5,3,45,0,0,0,0,,False,0,0,0,0,0,0,0,67,0,67,0.1,u,0,Has joined Leicester City on loan for the rest of the season,2026-08-17T13:53:19.019938Z,0.0,0,0,0
2026-08-21T20:33:39+00:00,133,549074,Watson,5,3,50,0,0,0,0,,False,0,0,0,0,0,0,0,1,0,1,0.0,u,0,Has joined Leicester City on loan for the rest of the season,2026-08-03T14:05:44.459483Z,0.0,0,0,0
2026-08-21T20:33:39+00:00,134,556637,Oriola,5,3,45,0,0,0,0,,False,0,0,0,0,0,0,74,32,74,32,0.3,a,,,,0.0,0,0,0
2026-08-21T20:33:39+00:00,135,700308,Yohanna,5,3,50,0,0,0,0,,False,0,0,0,0,0,0,16,8,16,8,0.1,a,,,,0.0,0,0,0
2026-08-21T20:33:39+00:00,137,608181,Tzimas,5,4,55,0,0,0,0,,False,0,0,0,0,0,0,1,10,1,10,0.0,i,0,Knee injury - Unknown return date,2026-07-23T12:01:23.432796Z,0.0,0,0,0
2026-08-21T20:33:39+00:00,138,647850,Kostoulas,5,4,55,0,0,0,0,,False,0,0,0,0,0,0,14,30,14,30,0.2,a,,,,0.0,0,0,0
2026-08-21T20:33:39+00:00,139,487117,Ferguson,5,4,50,0,0,0,0,,False,0,0,0,0,0,0,21,29,21,29,0.0,i,0,Ankle injury - Expected back 10 Oct,2026-07-23T12:01:23.448357Z,0.0,0,0,0
2026-08-21T20:33:39+00:00,328,222694,Struijk,5,2,50,0,0,0,0,,False,0,0,0,0,0,0,56,18,56,18,0.2,a,100,,2026-08-15T20:30:07.523574Z,0.0,0,0,0
2026-08-21T20:33:39+00:00,504,610799,Vuskovic,5,2,50,0,0,0,0,,False,0,0,0,0,0,0,320,106,320,106,2.5,a,,,,0.0,0,0,0
2026-08-21T20:33:39+00:00,594,538007,David,5,4,60,0,0,0,0,,False,0,0,0,0,0,0,71,40,71,40,0.2,a,,,,0.0,0,0,0
2026-08-21T20:33:39+00:00,600,612855,Osman,5,3,50,0,0,0,0,,False,0,0,0,0,0,0,4,3,4,3,0.0,a,,,,0.0,0,0,0
2026-08-21T20:33:39+00:00,40,244850,Rogers,6,3,75,0,0,0,0,,False,0,0,0,0,0,0,1470,1305,1470,1305,24.4,a,,,,0.0,0,0,0
2026-08-21T20:33:39+00:00,101,56979,Henderson,6,3,50,0,0,0,0,,False,0,0,0,0,0,0,11,19,11,19,0.0,d,75,Wrist injury - 75% chance of playing,2026-08-09T09:30:07.136250Z,0.0,0,0,0
2026-08-21T20:33:39+00:00,136,50175,Welbeck,6,4,60,0,0,0,0,,False,0,0,0,0,0,0,36,746,36,746,1.2,d,75,Unspecified injury - 75% chance of playing,2026-08-20T14:00:07.949090Z,0.0,0,0,0
2026-08-21T20:33:39+00:00,140,215059,Sánchez,6,1,50,0,0,0,0,,False,0,0,0,0,0,0,195,197,195,197,2.4,a,,,,0.0,0,0,0
2026-08-21T20:33:39+00:00,141,508479,Jörgensen,6,1,50,0,0,0,0,,False,0,0,0,0,0,0,0,33,0,33,0.0,u,0,Has joined RC Strasbourg on loan for the rest of the season,2026-08-12T14:07:02.607115Z,0.0,0,0,0
2026-08-21T20:33:39+00:00,142,225796,James,6,2,55,0,0,0,0,,False,0,0,0,0,0,0,3214,682,3214,682,10.0,a,,,,0.0,0,0,0
2026-08-21T20:33:39+00:00,143,180736,Chalobah,6,2,55,0,0,0,0,,False,0,0,0,0,0,0,0,510,0,510,0.2,u,0,Has joined Como permanently,2026-08-10T14:03:50.769483Z,0.0,0,0,0
2026-08-21T20:33:39+00:00,144,482609,Gusto,6,2,50,0,0,0,0,,False,0,0,0,0,0,0,631,141,631,141,1.1,a,,,,0.0,0,0,0
2026-08-21T20:33:39+00:00,145,444463,Fofana,6,2,50,0,0,0,0,,False,0,0,0,0,0,0,4,8,4,8,0.0,s,0,Suspended until 6 Sep,2026-07-23T12:01:23.464591Z,0.0,0,0,0
2026-08-21T20:33:39+00:00,146,242880,B.Badiashile,6,2,45,0,0,0,0,,False,0,0,0,0,0,0,23,7,23,7,0.0,a,,,,0.0,0,0,0
2026-08-21T20:33:39+00:00,147,109646,Tosin,6,2,45,0,0,0,0,,False,0,0,0,0,0,0,25,33,25,33,0.2,a,,,,0.0,0,0,0
2026-08-21T20:33:39+00:00,148,551210,Hato,6,2,45,0,0,0,0,,False,0,0,0,0,0,0,92,54,92,54,0.5,a,,,,0.0,0,0,0
2026-08-21T20:33:39+00:00,149,460028,Colwill,6,2,50,0,0,0,0,,False,0,0,0,0,0,0,510,140,510,140,1.6,a,,,,0.0,0,0,0
2026-08-21T20:33:39+00:00,150,574458,M.Sarr,6,2,45,0,0,0,0,,False,0,0,0,0,0,0,41,16,41,16,0.1,a,,,,0.0,0,0,0
2026-08-21T20:33:39+00:00,151,577016,Acheampong,6,2,45,0,0,0,0,,False,0,0,0,0,0,0,74,55,74,55,0.3,a,,,,0.0,0,0,0
2026-08-21T20:33:39+00:00,152,620109,Palestra,6,2,55,0,0,0,0,,False,0,0,0,0,0,0,428,196,428,196,3.0,a,,,,0.0,0,0,0
2026-08-21T20:33:39+00:00,153,220362,Disasi,6,2,45,0,0,0,0,,False,0,0,0,0,0,0,37,9,37,9,0.1,a,,,,0.0,0,0,0
2026-08-21T20:33:39+00:00,154,244851,Palmer,6,3,95,0,0,0,0,,False,0,0,0,0,0,0,433,677,433,677,10.4,a,,,,0.0,0,0,0
2026-08-21T20:33:39+00:00,155,448047,Enzo,6,3,70,0,0,0,0,,False,0,0,0,0,0,0,897,689,897,689,5.0,a,,,,0.0,0,0,0
2026-08-21T20:33:39+00:00,156,247632,Neto,6,3,65,0,0,0,0,,False,0,0,0,0,0,0,228,206,228,206,1.3,a,,,,0.0,0,0,0
2026-08-21T20:33:39+00:00,157,624773,Estêvão,6,3,65,0,0,0,0,,False,0,0,0,0,0,0,264,329,264,329,1.3,a,,,,0.0,0,0,0
2026-08-21T20:33:39+00:00,158,463936,Gittens,6,3,60,0,0,0,0,,False,0,0,0,0,0,0,10,11,10,11,0.0,a,,,,0.0,0,0,0
2026-08-21T20:33:39+00:00,159,486672,Caicedo,6,3,55,0,0,0,0,,False,0,0,0,0,0,0,706,429,706,429,3.9,a,,,,0.0,0,0,0
2026-08-21T20:33:39+00:00,161,514356,Lavia,6,3,50,0,0,0,0,,False,0,0,0,0,0,0,18,11,18,11,0.1,a,,,,0.0,0,0,0
2026-08-21T20:33:39+00:00,163,491007,D.Essugo,6,3,45,0,0,0,0,,False,0,0,0,0,0,0,74,45,74,45,0.2,a,,,,0.0,0,0,0
2026-08-21T20:33:39+00:00,164,593117,Quenda,6,3,55,0,0,0,0,,False,0,0,0,0,0,0,10,9,10,9,0.0,a,100,,2026-07-24T20:30:10.609931Z,0.0,0,0,0
2026-08-21T20:33:39+00:00,165,475168,João Pedro,6,4,75,0,0,0,0,,False,0,0,0,0,0,0,3064,1286,3064,1286,64.4,a,,,,0.0,0,0,0
2026-08-21T20:33:39+00:00,166,517052,N.Jackson,6,4,65,0,0,0,0,,False,0,0,0,0,0,0,87,121,87,121,0.3,a,,,,0.0,0,0,0
2026-08-21T20:33:39+00:00,167,463034,Delap,6,4,55,0,0,0,0,,False,0,0,0,0,0,0,91,118,91,118,0.5,a,,,,0.0,0,0,0
2026-08-21T20:33:39+00:00,168,499309,Marc Guiu,6,4,50,0,0,0,0,,False,0,0,0,0,0,0,130,97,130,97,0.5,a,,,,0.0,0,0,0
2026-08-21T20:33:39+00:00,169,567119,Mheuka,6,4,45,0,0,0,0,,False,0,0,0,0,0,0,108,79,108,79,0.3,a,,,,0.0,0,0,0
2026-08-21T20:33:39+00:00,170,503037,Emegha,6,4,50,0,0,0,0,,False,0,0,0,0,0,0,100,43,100,43,0.1,a,100,,2026-07-24T20:30:10.622380Z,0.0,0,0,0
2026-08-21T20:33:39+00:00,200,437499,Lacroix,6,2,60,0,0,0,0,,False,0,0,0,0,0,0,981,896,981,896,8.9,a,,,,0.0,0,0,0
2026-08-21T20:33:39+00:00,560,549939,Penders,6,1,45,0,0,0,0,,False,0,0,0,0,0,0,13,10,13,10,0.1,a,,,,0.0,0,0,0
2026-08-21T20:33:39+00:00,561,622758,Anselmino,6,2,45,0,0,0,0,,False,0,0,0,0,0,0,12,2,12,2,0.0,a,,,,0.0,0,0,0
2026-08-21T20:33:39+00:00,568,543158,Barco,6,3,55,0,0,0,0,,False,0,0,0,0,0,0,14,19,14,19,0.1,a,,,,0.0,0,0,0
2026-08-21T20:33:39+00:00,578,465920,Mudryk,6,3,55,0,0,0,0,,False,0,0,0,0,0,0,8,13,8,13,0.0,a,,,,0.0,0,0,0
2026-08-21T20:33:39+00:00,583,498444,Chavarria,6,2,50,0,0,0,0,,False,0,0,0,0,0,0,52,36,52,36,0.2,a,,,,0.0,0,0,0
2026-08-21T20:33:39+00:00,104,428580,Onyeka,7,3,50,0,0,0,0,,False,0,0,0,0,0,0,69,36,69,36,0.2,a,,,,2.0,2,2,72
2026-08-21T20:33:39+00:00,110,472739,Rushworth,7,1,45,0,0,0,0,,False,0,0,0,0,0,0,213,72,213,72,1.1,a,,,,1.0,1,1,72
2026-08-21T20:33:39+00:00,171,484389,Dovin,7,1,40,0,0,0,0,,False,0,0,0,0,0,0,45,117,45,117,1.6,a,,,,0.0,0,0,0
2026-08-21T20:33:39+00:00,172,110690,Wilson,7,1,45,0,0,0,0,,False,0,0,0,0,0,0,12,76,12,76,0.5,a,,,,0.0,0,0,0
2026-08-21T20:33:39+00:00,173,461102,Thomas,7,2,40,0,0,0,0,,False,0,0,0,0,0,0,784,242,784,242,8.1,a,,,,1.0,1,1,72
2026-08-21T20:33:39+00:00,174,436761,Kitching,7,2,40,0,0,0,0,,False,0,0,0,0,0,0,27,71,27,71,0.7,a,,,,0.0,0,0,0
2026-08-21T20:33:39+00:00,175,451284,van Ewijk,7,2,40,0,0,0,0,,False,0,0,0,0,0,0,1571,443,1571,443,14.0,a,,,,1.0,1,1,72
2026-08-21T20:33:39+00:00,176,173878,Dasilva,7,2,40,0,0,0,0,,False,0,0,0,0,0,0,140,61,140,61,0.8,a,,,,1.0,1,1,72
2026-08-21T20:33:39+00:00,177,465390,Kesler-Hayden,7,2,40,0,0,0,0,,False,0,0,0,0,0,0,10,10,10,10,0.1,a,,,,0.0,0,0,0
2026-08-21T20:33:39+00:00,178,80178,Bidwell,7,2,40,0,0,0,0,,False,0,0,0,0,0,0,193,24,193,24,0.1,a,,,,0.0,0,0,0
2026-08-21T20:33:39+00:00,179,204813,Latibeaudiere,7,2,40,0,0,0,0,,False,0,0,0,0,0,0,10,10,10,10,0.0,a,,,,0.0,0,0,0
2026-08-21T20:33:39+00:00,180,220583,Woolfenden,7,2,40,0,0,0,0,,False,0,0,0,0,0,0,33,28,33,28,0.2,a,,,,0.0,0,0,0
2026-08-21T20:33:39+00:00,181,577411,Brau,7,2,40,0,0,0,0,,False,0,0,0,0,0,0,7,10,7,10,0.0,a,,,,0.0,0,0,0
2026-08-21T20:33:39+00:00,182,539142,Amenda,7,2,40,0,0,0,0,,False,0,0,0,0,0,0,156,64,156,64,0.9,a,,,,1.0,1,1,72
2026-08-21T20:33:39+00:00,183,480457,Rudoni,7,3,50,0,0,0,0,,False,0,0,0,0,0,0,35,29,35,29,0.1,a,100,,2026-07-23T12:01:23.481435Z,1.0,1,1,2
2026-08-21T20:33:39+00:00,184,168144,Grimes,7,3,50,0,0,0,0,,False,0,0,0,0,0,0,183,24,183,24,0.2,a,,,,2.0,2,2,72
2026-08-21T20:33:39+00:00,185,501459,Sakamoto,7,3,50,0,0,0,0,,False,0,0,0,0,0,0,13,30,13,30,0.1,a,,,,0.0,0,0,0
2026-08-21T20:33:39+00:00,186,241293,Mason-Clark,7,3,55,0,0,0,0,,False,0,0,0,0,0,0,17,45,17,45,0.1,a,100,,2026-08-19T18:00:08.310507Z,0.0,0,0,0
2026-08-21T20:33:39+00:00,187,439668,Eccles,7,3,50,0,0,0,0,,False,0,0,0,0,0,0,3,5,3,5,0.0,a,,,,0.0,0,0,0
2026-08-21T20:33:39+00:00,188,226965,Torp,7,3,55,0,0,0,0,,False,0,0,0,0,0,0,8,43,8,43,0.2,a,,,,1.0,1,1,10
2026-08-21T20:33:39+00:00,189,684268,Shepherd,7,3,45,0,0,0,0,,False,0,0,0,0,0,0,72,60,72,60,0.3,a,,,,0.0,0,0,0
2026-08-21T20:33:39+00:00,190,469272,Tchaouna,7,3,55,0,0,0,0,,False,0,0,0,0,0,0,80,15,80,15,0.1,a,,,,2.0,2,2,72
2026-08-21T20:33:39+00:00,191,492498,Borges Rodrigues,7,3,45,0,0,0,0,,False,0,0,0,0,0,0,29,23,29,23,0.2,a,,,,0.0,0,0,0
2026-08-21T20:33:39+00:00,192,629397,Andrews,7,3,45,0,0,0,0,,False,0,0,0,0,0,0,147,110,147,110,0.7,a,,,,0.0,0,0,0
2026-08-21T20:33:39+00:00,193,176412,Wright,7,4,55,0,0,0,0,,False,0,0,0,0,0,0,9,271,9,271,0.2,i,0,Thigh injury - Unknown return date,2026-08-14T22:00:07.214508Z,0.0,0,0,0
2026-08-21T20:33:39+00:00,194,230730,Thomas-Asante,7,4,50,0,0,0,0,,False,0,0,0,0,0,0,580,106,580,106,0.8,a,,,,2.0,2,2,69
2026-08-21T20:33:39+00:00,195,218997,Simms,7,4,50,0,0,0,0,,False,0,0,0,0,0,0,633,112,633,112,0.9,a,,,,2.0,2,2,69
2026-08-21T20:33:39+00:00,196,551262,Markelo,7,4,50,0,0,0,0,,False,0,0,0,0,0,0,0,36,0,36,0.0,u,0,Has joined Shabab Al-Ahli Dubai permanently,2026-08-17T13:53:55.791223Z,0.0,0,0,0
2026-08-21T20:33:39+00:00,197,549653,Bassette,7,4,45,0,0,0,0,,False,0,0,0,0,0,0,0,39,0,39,0.1,u,0,Has joined KVC Westerlo on loan for the rest of the season,2026-07-28T12:58:50.001768Z,0.0,0,0,0
2026-08-21T20:33:39+00:00,492,210156,Awoniyi,7,4,55,0,0,0,0,,False,0,0,0,0,0,0,141,185,141,185,0.9,a,,,,1.0,1,1,2
2026-08-21T20:33:39+00:00,575,661888,Yirenkyi,7,3,50,0,0,0,0,,False,0,0,0,0,0,0,82,39,82,39,0.3,a,,,,1.0,1,1,61
2026-08-21T20:33:39+00:00,584,196100,Hamer,7,3,55,0,0,0,0,,False,0,0,0,0,0,0,18,40,18,40,0.1,a,,,,0.0,0,0,0
2026-08-21T20:33:39+00:00,599,627221,Cherif,7,4,50,0,0,0,0,,False,0,0,0,0,0,0,67,47,67,47,0.1,a,,,,0.0,0,0,0
2026-08-21T20:33:39+00:00,42,485337,Guessand,8,3,55,0,0,0,0,,False,0,0,0,0,0,0,17,10,17,10,0.0,a,,,,0.0,0,0,0
2026-08-21T20:33:39+00:00,198,172649,Henderson,8,1,50,0,0,0,0,,False,0,0,0,0,0,0,34,816,34,816,1.9,d,75,Ankle injury - 75% chance of playing,2026-08-20T14:00:08.018379Z,0.0,0,0,0
2026-08-21T20:33:39+00:00,199,121709,Benitez,8,1,45,0,0,0,0,,False,0,0,0,0,0,0,27,9,27,9,0.1,a,,,,0.0,0,0,0
2026-08-21T20:33:39+00:00,201,247348,Muñoz,8,2,55,0,0,0,0,,False,0,0,0,0,0,0,1561,759,1561,759,9.8,a,,,,0.0,0,0,0
2026-08-21T20:33:39+00:00,202,427623,Richards,8,2,50,0,0,0,0,,False,0,0,0,0,0,0,140,64,140,64,0.7,a,,,,0.0,0,0,0
2026-08-21T20:33:39+00:00,203,651426,Canvot,8,2,50,0,0,0,0,,False,0,0,0,0,0,0,31,38,31,38,0.3,a,,,,0.0,0,0,0
2026-08-21T20:33:39+00:00,204,244723,Mitchell,8,2,45,0,0,0,0,,False,0,0,0,0,0,0,483,285,483,285,6.5,a,,,,0.0,0,0,0
2026-08-21T20:33:39+00:00,205,218364,Sosa,8,2,45,0,0,0,0,,False,0,0,0,0,0,0,4,3,4,3,0.0,a,,,,0.0,0,0,0
2026-08-21T20:33:39+00:00,206,515621,Chadi Riad,8,2,45,0,0,0,0,,False,0,0,0,0,0,0,37,11,37,11,0.1,a,,,,0.0,0,0,0
2026-08-21T20:33:39+00:00,207,242313,Mingueza,8,2,45,0,0,0,0,,False,0,0,0,0,0,0,11,11,11,11,0.1,a,,,,0.0,0,0,0
2026-08-21T20:33:39+00:00,208,232185,Sarr,8,3,65,0,0,0,0,,False,0,0,0,0,0,0,312,727,312,727,4.7,a,,,,0.0,0,0,0
2026-08-21T20:33:39+00:00,210,496221,Wharton,8,3,55,0,0,0,0,,False,0,0,0,0,0,0,131,106,131,106,0.9,a,100,,2026-07-23T12:01:23.498963Z,0.0,0,0,0
2026-08-21T20:33:39+00:00,211,488024,Yeremy,8,3,55,0,0,0,0,,False,0,0,0,0,0,0,13,17,13,17,0.2,a,,,,0.0,0,0,0
2026-08-21T20:33:39+00:00,212,108413,Hughes,8,3,45,0,0,0,0,,False,0,0,0,0,0,0,1329,491,1329,491,12.2,a,,,,0.0,0,0,0
2026-08-21T20:33:39+00:00,213,152551,Lerma,8,3,50,0,0,0,0,,False,0,0,0,0,0,0,14,16,14,16,0.1,a,,,,0.0,0,0,0
2026-08-21T20:33:39+00:00,214,209400,Kamada,8,3,50,0,0,0,0,,False,0,0,0,0,0,0,48,39,48,39,0.3,a,,,,0.0,0,0,0
2026-08-21T20:33:39+00:00,215,489706,Devenny,8,3,50,0,0,0,0,,False,0,0,0,0,0,0,4,3,4,3,0.0,a,,,,0.0,0,0,0
2026-08-21T20:33:39+00:00,216,606921,Esse,8,3,50,0,0,0,0,,False,0,0,0,0,0,0,9,10,9,10,0.0,a,,,,0.0,0,0,0
2026-08-21T20:33:39+00:00,217,536694,M.França,8,3,50,0,0,0,0,,False,0,0,0,0,0,0,1,4,1,4,0.0,a,,,,0.0,0,0,0
2026-08-21T20:33:39+00:00,218,438464,Doucouré,8,3,50,0,0,0,0,,False,0,0,0,0,0,0,18,14,18,14,0.1,a,,,,0.0,0,0,0
2026-08-21T20:33:39+00:00,219,450542,J.Rak-Sakyi,8,3,50,0,0,0,0,,False,0,0,0,0,0,0,1,2,1,2,0.0,a,,,,0.0,0,0,0
2026-08-21T20:33:39+00:00,220,590014,Cardines,8,2,45,0,0,0,0,,False,0,0,0,0,0,0,0,4,0,4,0.0,u,0,Has joined Bristol City on loan for the rest of the season,2026-08-12T14:08:46.501813Z,0.0,0,0,0
2026-08-21T20:33:39+00:00,221,672492,Drakes-Thomas,8,3,45,0,0,0,0,,False,0,0,0,0,0,0,24,14,24,14,0.1,a,,,,0.0,0,0,0
2026-08-21T20:33:39+00:00,222,247412,Strand Larsen,8,4,60,0,0,0,0,,False,0,0,0,0,0,0,42,73,42,73,0.6,a,,,,0.0,0,0,0
2026-08-21T20:33:39+00:00,223,231747,Mateta,8,4,65,0,0,0,0,,False,0,0,0,0,0,0,615,691,615,691,5.7,a,,,,0.0,0,0,0
2026-08-21T20:33:39+00:00,224,205533,Nketiah,8,4,55,0,0,0,0,,False,0,0,0,0,0,0,77,69,77,69,0.5,a,,,,0.0,0,0,0
2026-08-21T20:33:39+00:00,225,660392,Uche,8,4,50,0,0,0,0,,False,0,0,0,0,0,0,0,0,0,0,0.0,u,0,has returned to Getafe CF,2026-07-23T12:18:56.275922Z,0.0,0,0,0
2026-08-21T20:33:39+00:00,241,433154,McNeil,8,3,55,0,0,0,0,,False,0,0,0,0,0,0,12,20,12,20,0.2,a,,,,0.0,0,0,0
2026-08-21T20:33:39+00:00,555,169593,Matthews,8,1,40,0,0,0,0,,False,0,0,0,0,0,0,159,73,159,73,1.8,a,,,,0.0,0,0,0
2026-08-21T20:33:39+00:00,577,223723,Tomiyasu,8,2,45,0,0,0,0,,False,0,0,0,0,0,0,58,26,58,26,0.4,a,,,,0.0,0,0,0
2026-08-21T20:33:39+00:00,588,570794,Khalaili,8,2,50,0,0,0,0,,False,0,0,0,0,0,0,20,13,20,13,0.1,a,,,,0.0,0,0,0
2026-08-21T20:33:39+00:00,595,559152,Gozo,8,3,50,0,0,0,0,,False,0,0,0,0,0,0,6,2,6,2,0.0,a,,,,0.0,0,0,0
2026-08-21T20:33:39+00:00,21,128295,Nørgaard,9,3,50,0,0,0,0,,False,0,0,0,0,0,0,5,118,5,118,0.1,i,0,Unspecified injury - Unknown return date,2026-08-15T20:00:06.779594Z,0.0,0,0,0
2026-08-21T20:33:39+00:00,209,242898,Johnson,9,3,60,0,0,0,0,,False,0,0,0,0,0,0,15,29,15,29,0.2,a,,,,0.0,0,0,0
2026-08-21T20:33:39+00:00,226,111234,Pickford,9,1,55,0,0,0,0,,False,0,0,0,0,0,0,567,538,567,538,7.9,a,,,,0.0,0,0,0
2026-08-21T20:33:39+00:00,227,229600,Travers,9,1,50,0,0,0,0,,False,0,0,0,0,0,0,2,4,2,4,0.0,a,,,,0.0,0,0,0
2026-08-21T20:33:39+00:00,228,138001,King,9,1,45,0,0,0,0,,False,0,0,0,0,0,0,13,3,13,3,0.0,a,,,,0.0,0,0,0
2026-08-21T20:33:39+00:00,229,17761,Tarkowski,9,2,60,0,0,0,0,,False,0,0,0,0,0,0,571,642,571,642,8.6,a,,,,0.0,0,0,0
2026-08-21T20:33:39+00:00,230,480455,Branthwaite,9,2,55,0,0,0,0,,False,0,0,0,0,0,0,283,183,283,183,1.6,a,,,,0.0,0,0,0
2026-08-21T20:33:39+00:00,231,106611,Keane,9,2,50,0,0,0,0,,False,0,0,0,0,0,0,171,102,171,102,1.7,a,,,,0.0,0,0,0
2026-08-21T20:33:39+00:00,232,512462,O'Brien,9,2,50,0,0,0,0,,False,0,0,0,0,0,0,61,39,61,39,0.5,a,,,,0.0,0,0,0
2026-08-21T20:33:39+00:00,233,224967,Mykolenko,9,2,45,0,0,0,0,,False,0,0,0,0,0,0,151,134,151,134,1.5,a,,,,0.0,0,0,0
2026-08-21T20:33:39+00:00,234,243571,Patterson,9,2,45,0,0,0,0,,False,0,0,0,0,0,0,9,4,9,4,0.0,a,,,,0.0,0,0,0
2026-08-21T20:33:39+00:00,235,499300,Aznou,9,2,40,0,0,0,0,,False,0,0,0,0,0,0,46,17,46,17,0.2,a,,,,0.0,0,0,0
2026-08-21T20:33:39+00:00,236,215413,Dewsbury-Hall,9,3,65,0,0,0,0,,False,0,0,0,0,0,0,168,362,168,362,3.2,a,,,,0.0,0,0,0
2026-08-21T20:33:39+00:00,237,440993,Ndiaye,9,3,60,0,0,0,0,,False,0,0,0,0,0,0,964,971,964,971,16.0,a,,,,0.0,0,0,0
2026-08-21T20:33:39+00:00,239,232928,Garner,9,3,60,0,0,0,0,,False,0,0,0,0,0,0,9,81,9,81,0.1,d,25,Groin injury - 25% chance of playing,2026-07-25T14:30:10.455878Z,0.0,0,0,0
2026-08-21T20:33:39+00:00,240,490094,Iroegbunam,9,3,50,0,0,0,0,,False,0,0,0,0,0,0,0,12,0,12,0.0,i,0,Thigh injury - Unknown return date,2026-08-15T20:00:06.878792Z,0.0,0,0,0
2026-08-21T20:33:39+00:00,242,550615,George,9,3,55,0,0,0,0,,False,0,0,0,0,0,0,24,28,24,28,0.3,a,,,,0.0,0,0,0
2026-08-21T20:33:39+00:00,243,502697,Alcaraz,9,3,50,0,0,0,0,,False,0,0,0,0,0,0,50,22,50,22,0.1,a,,,,0.0,0,0,0
2026-08-21T20:33:39+00:00,244,609873,Armstrong,9,3,50,0,0,0,0,,False,0,0,0,0,0,0,25,11,25,11,0.1,a,,,,0.0,0,0,0
2026-08-21T20:33:39+00:00,245,496661,Dibling,9,3,55,0,0,0,0,,False,0,0,0,0,0,0,5,14,5,14,0.0,a,,,,0.0,0,0,0
2026-08-21T20:33:39+00:00,246,513466,Röhl,9,3,50,0,0,0,0,,False,0,0,0,0,0,0,6,5,6,5,0.1,a,,,,0.0,0,0,0
2026-08-21T20:33:39+00:00,247,244860,Hackney,9,3,55,0,0,0,0,,False,0,0,0,0,0,0,17,36,17,36,0.3,a,,,,0.0,0,0,0
2026-08-21T20:33:39+00:00,248,486385,Beto,9,4,55,0,0,0,0,,False,0,0,0,0,0,0,295,316,295,316,2.8,a,,,,0.0,0,0,0
2026-08-21T20:33:39+00:00,249,586309,Barry,9,4,55,0,0,0,0,,False,0,0,0,0,0,0,207,157,207,157,1.3,a,,,,0.0,0,0,0
2026-08-21T20:33:39+00:00,250,80201,Leno,10,1,45,0,0,0,0,,False,0,0,0,0,0,0,241,119,241,119,3.1,a,,,,0.0,0,0,0
2026-08-21T20:33:39+00:00,251,86873,Lecomte,10,1,40,0,0,0,0,,False,0,0,0,0,0,0,39,60,39,60,1.2,a,,,,0.0,0,0,0
2026-08-21T20:33:39+00:00,252,505079,McNally,10,1,40,0,0,0,0,,False,0,0,0,0,0,0,19,7,19,7,0.2,a,,,,0.0,0,0,0
2026-08-21T20:33:39+00:00,253,174874,Andersen,10,2,50,0,0,0,0,,False,0,0,0,0,0,0,5,13,5,13,0.0,s,0,Suspended until 30 Aug,2026-07-23T12:01:23.516350Z,0.0,0,0,0
2026-08-21T20:33:39+00:00,254,169528,Robinson,10,2,45,0,0,0,0,,False,0,0,0,0,0,0,425,96,425,96,1.7,a,,,,0.0,0,0,0
2026-08-21T20:33:39+00:00,255,246301,J.Cuenca,10,2,45,0,0,0,0,,False,0,0,0,0,0,0,10,3,10,3,0.0,a,,,,0.0,0,0,0
2026-08-21T20:33:39+00:00,256,167074,Tete,10,2,45,0,0,0,0,,False,0,0,0,0,0,0,21,27,21,27,0.3,a,,,,0.0,0,0,0
2026-08-21T20:33:39+00:00,257,232892,Bassey,10,2,45,0,0,0,0,,False,0,0,0,0,0,0,251,58,251,58,0.7,a,,,,0.0,0,0,0
2026-08-21T20:33:39+00:00,258,166477,Castagne,10,2,45,0,0,0,0,,False,0,0,0,0,0,0,35,25,35,25,0.3,a,,,,0.0,0,0,0
2026-08-21T20:33:39+00:00,261,153133,Iwobi,10,3,55,0,0,0,0,,False,0,0,0,0,0,0,89,100,89,100,1.0,a,,,,0.0,0,0,0
2026-08-21T20:33:39+00:00,262,209289,Smith Rowe,10,3,55,0,0,0,0,,False,0,0,0,0,0,0,35,41,35,41,0.4,a,,,,0.0,0,0,0
2026-08-21T20:33:39+00:00,263,560552,Kevin,10,3,55,0,0,0,0,,False,0,0,0,0,0,0,9,13,9,13,0.1,a,,,,0.0,0,0,0
2026-08-21T20:33:39+00:00,264,477555,Bobb,10,3,55,0,0,0,0,,False,0,0,0,0,0,0,39,44,39,44,0.3,a,,,,0.0,0,0,0
2026-08-21T20:33:39+00:00,265,207189,Berge,10,3,50,0,0,0,0,,False,0,0,0,0,0,0,63,40,63,40,0.4,a,,,,0.0,0,0,0
2026-08-21T20:33:39+00:00,266,76357,Cairney,10,3,50,0,0,0,0,,False,0,0,0,0,0,0,1,3,1,3,0.0,i,0,Knee injury - Expected back 10 Oct,2026-08-14T18:00:06.460944Z,0.0,0,0,0
2026-08-21T20:33:39+00:00,268,577725,King,10,3,55,0,0,0,0,,False,0,0,0,0,0,0,4,17,4,17,0.2,a,,,,0.0,0,0,0
2026-08-21T20:33:39+00:00,269,184349,Sessegnon,10,2,45,0,0,0,0,,False,0,0,0,0,0,0,48,19,48,19,0.5,a,,,,0.0,0,0,0
2026-08-21T20:33:39+00:00,270,153366,Reed,10,3,45,0,0,0,0,,False,0,0,0,0,0,0,509,162,509,162,1.6,a,,,,0.0,0,0,0
2026-08-21T20:33:39+00:00,271,244042,Muniz,10,4,55,0,0,0,0,,False,0,0,0,0,0,0,82,94,82,94,0.6,a,,,,0.0,0,0,0
2026-08-21T20:33:39+00:00,272,631786,Kusi-Asare,10,4,45,0,0,0,0,,False,0,0,0,0,0,0,736,347,736,347,7.5,a,,,,0.0,0,0,0
2026-08-21T20:33:39+00:00,569,551466,Gonzalo,10,4,60,0,0,0,0,,False,0,0,0,0,0,0,317,199,317,199,2.0,a,,,,0.0,0,0,0
2026-08-21T20:33:39+00:00,570,571779,Palacios,10,3,55,0,0,0,0,,False,0,0,0,0,0,0,11,20,11,20,0.2,a,,,,0.0,0,0,0
2026-08-21T20:33:39+00:00,580,463210,Charles,10,3,50,0,0,0,0,,False,0,0,0,0,0,0,12,17,12,17,0.1,a,,,,0.0,0,0,0
2026-08-21T20:33:39+00:00,273,167825,Phillips,11,1,40,0,0,0,0,,False,0,0,0,0,0,0,90,86,90,86,1.6,a,,,,0.0,0,0,0
2026-08-21T20:33:39+00:00,274,105666,Butland,11,1,45,0,0,0,0,,False,0,0,0,0,0,0,5,73,5,73,0.1,i,0,Arm injury - Unknown return date,2026-08-08T19:00:05.601633Z,0.0,0,0,0
2026-08-21T20:33:39+00:00,275,494950,Cartwright,11,1,40,0,0,0,0,,False,0,0,0,0,0,0,0,7,0,7,0.0,u,0,Has joined Grimsby Town on loan for the rest of the season,2026-07-29T13:00:27.959925Z,0.0,0,0,0
2026-08-21T20:33:39+00:00,276,444307,Lo-Tutala,11,1,40,0,0,0,0,,False,0,0,0,0,0,0,0,24,0,24,0.0,u,0,Has joined Colchester United on loan for the rest of the season,2026-08-17T13:50:27.125537Z,0.0,0,0,0
2026-08-21T20:33:39+00:00,277,108416,Egan,11,2,40,0,0,0,0,,False,0,0,0,0,0,0,95,86,95,86,1.5,a,,,,0.0,0,0,0
2026-08-21T20:33:39+00:00,278,501902,Hughes,11,2,40,0,0,0,0,,False,0,0,0,0,0,0,5,75,5,75,0.1,i,0,Groin injury - Unknown return date,2026-08-02T09:00:11.030017Z,0.0,0,0,0
2026-08-21T20:33:39+00:00,279,146426,Ajayi,11,2,40,0,0,0,0,,False,0,0,0,0,0,0,121,76,121,76,1.0,a,,,,0.0,0,0,0
2026-08-21T20:33:39+00:00,280,193278,Coyle,11,2,40,0,0,0,0,,False,0,0,0,0,0,0,28,58,28,58,0.7,a,,,,0.0,0,0,0
2026-08-21T20:33:39+00:00,281,433590,Drameh,11,2,40,0,0,0,0,,False,0,0,0,0,0,0,6,5,6,5,0.0,a,100,,2026-08-08T19:00:05.613036Z,0.0,0,0,0
2026-08-21T20:33:39+00:00,282,232351,Giles,11,2,40,0,0,0,0,,False,0,0,0,0,0,0,29,44,29,44,0.8,a,,,,0.0,0,0,0
2026-08-21T20:33:39+00:00,283,449428,Jacob,11,2,40,0,0,0,0,,False,0,0,0,0,0,0,3,12,3,12,0.0,i,0,Hip injury - Expected back 29 Aug,2026-08-02T09:00:11.038361Z,0.0,0,0,0
2026-08-21T20:33:39+00:00,284,661800,McCarthy,11,2,40,0,0,0,0,,False,0,0,0,0,0,0,11,11,11,11,0.1,a,,,,0.0,0,0,0
2026-08-21T20:33:39+00:00,285,160817,McNair,11,2,40,0,0,0,0,,False,0,0,0,0,0,0,11,3,11,3,0.1,a,,,,0.0,0,0,0
2026-08-21T20:33:39+00:00,286,540324,Belloumi,11,3,50,0,0,0,0,,False,0,0,0,0,0,0,72,38,72,38,0.5,a,,,,0.0,0,0,0
2026-08-21T20:33:39+00:00,287,232905,Millar,11,3,50,0,0,0,0,,False,0,0,0,0,0,0,4,13,4,13,0.1,a,,,,0.0,0,0,0
2026-08-21T20:33:39+00:00,288,171270,Dowell,11,3,45,0,0,0,0,,False,0,0,0,0,0,0,73,41,73,41,0.4,a,,,,0.0,0,0,0
2026-08-21T20:33:39+00:00,289,101282,Crooks,11,3,45,0,0,0,0,,False,0,0,0,0,0,0,144,66,144,66,0.7,a,,,,0.0,0,0,0
2026-08-21T20:33:39+00:00,290,243413,Slater,11,3,45,0,0,0,0,,False,0,0,0,0,0,0,476,155,476,155,3.1,a,,,,0.0,0,0,0
2026-08-21T20:33:39+00:00,291,465525,Matazo,11,3,45,0,0,0,0,,False,0,0,0,0,0,0,1,2,1,2,0.0,i,0,Knee injury - Unknown return date,2026-07-23T12:01:23.532635Z,0.0,0,0,0
2026-08-21T20:33:39+00:00,292,208481,Ömür,11,3,50,0,0,0,0,,False,0,0,0,0,0,0,4,6,4,6,0.0,a,,,,0.0,0,0,0
2026-08-21T20:33:39+00:00,293,490161,Kamara,11,3,50,0,0,0,0,,False,0,0,0,0,0,0,0,10,0,10,0.0,u,0,Has joined Portsmouth permanently,2026-08-12T14:08:23.542043Z,0.0,0,0,0
2026-08-21T20:33:39+00:00,294,553783,Zambrano,11,3,45,0,0,0,0,,False,0,0,0,0,0,0,16,83,16,83,0.1,i,0,Thigh injury - Unknown return date,2026-08-04T18:30:11.016909Z,0.0,0,0,0
2026-08-21T20:33:39+00:00,295,169432,McBurnie,11,4,55,0,0,0,0,,False,0,0,0,0,0,0,137,118,137,118,1.3,a,,,,0.0,0,0,0
2026-08-21T20:33:39+00:00,296,213292,Akintola,11,3,50,0,0,0,0,,False,0,0,0,0,0,0,38,11,38,11,0.0,a,,,,0.0,0,0,0
2026-08-21T20:33:39+00:00,297,470294,Gyabi,11,3,45,0,0,0,0,,False,0,0,0,0,0,0,2,16,2,16,0.0,i,0,Thigh injury - Unknown return date,2026-08-04T18:30:11.027155Z,0.0,0,0,0
2026-08-21T20:33:39+00:00,298,500957,Destan,11,4,45,0,0,0,0,,False,0,0,0,0,0,0,0,467,0,467,0.4,u,0,Has joined Konyaspor permanently,2026-08-17T13:50:27.145733Z,0.0,0,0,0
2026-08-21T20:33:39+00:00,299,534392,Burstow,11,4,45,0,0,0,0,,False,0,0,0,0,0,0,0,60,0,60,0.1,u,0,Has joined Sheffield Wednesday on loan for the rest of the season,2026-08-03T14:05:20.234842Z,0.0,0,0,0
2026-08-21T20:33:39+00:00,340,462635,Gelhardt,11,3,50,0,0,0,0,,False,0,0,0,0,0,0,1,7,1,7,0.0,i,0,Ankle injury - Expected back 5 Sep,2026-08-17T21:30:07.799839Z,0.0,0,0,0
2026-08-21T20:33:39+00:00,556,169359,Targett,11,2,40,0,0,0,0,,False,0,0,0,0,0,0,157,172,157,172,2.5,a,,,,0.0,0,0,0
2026-08-21T20:33:39+00:00,563,445028,Morita,11,3,50,0,0,0,0,,False,0,0,0,0,0,0,3,11,3,11,0.0,d,50,Calf injury - 50% chance of playing,2026-08-15T16:00:07.961518Z,0.0,0,0,0
2026-08-21T20:33:39+00:00,572,473284,Tzolakis,11,1,45,0,0,0,0,,False,0,0,0,0,0,0,23,61,23,61,0.6,a,,,,0.0,0,0,0
2026-08-21T20:33:39+00:00,574,552946,Hjertø-Dahl,11,3,50,0,0,0,0,,False,0,0,0,0,0,0,18,6,18,6,0.1,a,,,,0.0,0,0,0
2026-08-21T20:33:39+00:00,576,608227,Stroud,11,3,50,0,0,0,0,,False,0,0,0,0,0,0,8,8,8,8,0.1,a,,,,0.0,0,0,0
2026-08-21T20:33:39+00:00,585,597462,Herrington,11,2,40,0,0,0,0,,False,0,0,0,0,0,0,54,48,54,48,0.6,a,,,,0.0,0,0,0
2026-08-21T20:33:39+00:00,586,606930,Mendy,11,2,40,0,0,0,0,,False,0,0,0,0,0,0,135,88,135,88,1.1,a,,,,0.0,0,0,0
2026-08-21T20:33:39+00:00,589,469266,Gourna-Douath,11,3,50,0,0,0,0,,False,0,0,0,0,0,0,1,5,1,5,0.0,a,,,,0.0,0,0,0
2026-08-21T20:33:39+00:00,259,219924,Diop,12,2,40,0,0,0,0,,False,0,0,0,0,0,0,1274,460,1274,460,18.6,a,,,,0.0,0,0,0
2026-08-21T20:33:39+00:00,267,212314,Lukić,12,3,50,0,0,0,0,,False,0,0,0,0,0,0,7,10,7,10,0.1,a,,,,0.0,0,0,0
2026-08-21T20:33:39+00:00,300,108813,Walton,12,1,45,0,0,0,0,,False,0,0,0,0,0,0,15,67,15,67,0.5,a,,,,0.0,0,0,0
2026-08-21T20:33:39+00:00,301,112520,Palmer,12,1,40,0,0,0,0,,False,0,0,0,0,0,0,219,120,219,120,4.8,a,,,,0.0,0,0,0
2026-08-21T20:33:39+00:00,302,50093,Button,12,1,40,0,0,0,0,,False,0,0,0,0,0,0,61,12,61,12,0.5,a,,,,0.0,0,0,0
2026-08-21T20:33:39+00:00,303,183015,Kipré,12,2,40,0,0,0,0,,False,0,0,0,0,0,0,18,46,18,46,0.7,a,,,,0.0,0,0,0
2026-08-21T20:33:39+00:00,304,216616,O'Shea,12,2,40,0,0,0,0,,False,0,0,0,0,0,0,121,134,121,134,3.5,a,,,,0.0,0,0,0
2026-08-21T20:33:39+00:00,305,455084,Davis,12,2,40,0,0,0,0,,False,0,0,0,0,0,0,244,175,244,175,5.3,a,,,,0.0,0,0,0
2026-08-21T20:33:39+00:00,306,449429,Greaves,12,2,40,0,0,0,0,,False,0,0,0,0,0,0,55,61,55,61,1.5,a,,,,0.0,0,0,0
2026-08-21T20:33:39+00:00,307,222018,Johnson,12,2,40,0,0,0,0,,False,0,0,0,0,0,0,24,7,24,7,0.1,a,,,,0.0,0,0,0
2026-08-21T20:33:39+00:00,308,176420,Furlong,12,2,40,0,0,0,0,,False,0,0,0,0,0,0,16,49,16,49,0.6,a,,,,0.0,0,0,0
2026-08-21T20:33:39+00:00,309,501390,Núñez,12,3,50,0,0,0,0,,False,0,0,0,0,0,0,8,13,8,13,0.1,a,,,,0.0,0,0,0
2026-08-21T20:33:39+00:00,310,241117,Matusiwa,12,3,50,0,0,0,0,,False,0,0,0,0,0,0,0,4,0,4,0.0,i,0,Muscular injury - Unknown return date,2026-07-29T18:00:10.305484Z,0.0,0,0,0
2026-08-21T20:33:39+00:00,311,149929,Burns,12,3,50,0,0,0,0,,False,0,0,0,0,0,0,0,10,0,10,0.0,u,0,Has joined Leicester City permanently,2026-08-10T14:02:47.597478Z,0.0,0,0,0
2026-08-21T20:33:39+00:00,312,231899,Taylor,12,3,45,0,0,0,0,,False,0,0,0,0,0,0,7,38,7,38,0.0,i,0,Knee injury - Unknown return date,2026-07-29T18:00:10.319370Z,0.0,0,0,0
2026-08-21T20:33:39+00:00,313,443261,Clarke,12,3,55,0,0,0,0,,False,0,0,0,0,0,0,8,22,8,22,0.3,a,,,,0.0,0,0,0
2026-08-21T20:33:39+00:00,314,229164,Ogbene,12,3,50,0,0,0,0,,False,0,0,0,0,0,0,3,3,3,3,0.0,a,,,,0.0,0,0,0
2026-08-21T20:33:39+00:00,315,531442,Fatawu,12,3,55,0,0,0,0,,False,0,0,0,0,0,0,12,40,12,40,0.2,a,,,,0.0,0,0,0
2026-08-21T20:33:39+00:00,316,543968,Emersonn,12,4,55,0,0,0,0,,False,0,0,0,0,0,0,20,31,20,31,0.4,a,,,,0.0,0,0,0
2026-08-21T20:33:39+00:00,317,222625,Hirst,12,4,50,0,0,0,0,,False,0,0,0,0,0,0,0,624,0,624,0.3,u,0,Has joined Stoke City permanently,2026-08-21T13:06:08.606019Z,0.0,0,0,0
2026-08-21T20:33:39+00:00,318,481624,Philogene,12,3,55,0,0,0,0,,False,0,0,0,0,0,0,8,32,8,32,0.2,a,,,,0.0,0,0,0
2026-08-21T20:33:39+00:00,319,172453,Szmodics,12,3,50,0,0,0,0,,False,0,0,0,0,0,0,0,28,0,28,0.0,u,0,Has joined Derby County on loan for the rest of the season,2026-08-17T13:51:41.713979Z,0.0,0,0,0
2026-08-21T20:33:39+00:00,320,147675,Akpom,12,4,50,0,0,0,0,,False,0,0,0,0,0,0,153,87,153,87,0.5,a,,,,0.0,0,0,0
2026-08-21T20:33:39+00:00,321,557012,Walle Egeli,12,4,45,0,0,0,0,,False,0,0,0,0,0,0,311,185,311,185,2.2,a,,,,0.0,0,0,0
2026-08-21T20:33:39+00:00,322,462387,Al-Hamadi,12,4,50,0,0,0,0,,False,0,0,0,0,0,0,36,36,36,36,0.2,a,,,,0.0,0,0,0
2026-08-21T20:33:39+00:00,323,461587,McAteer,12,3,45,0,0,0,0,,False,0,0,0,0,0,0,224,125,224,125,1.5,a,,,,0.0,0,0,0
2026-08-21T20:33:39+00:00,324,232457,Mehmeti,12,3,50,0,0,0,0,,False,0,0,0,0,0,0,2,6,2,6,0.1,a,,,,0.0,0,0,0
2026-08-21T20:33:39+00:00,554,546600,Van Oevelen,12,1,45,0,0,0,0,,False,0,0,0,0,0,0,3,6,3,6,0.0,a,,,,0.0,0,0,0
2026-08-21T20:33:39+00:00,562,442967,Maeda,12,3,55,0,0,0,0,,False,0,0,0,0,0,0,26,30,26,30,0.4,a,,,,0.0,0,0,0
2026-08-21T20:33:39+00:00,564,240514,Scherpen,12,1,45,0,0,0,0,,False,0,0,0,0,0,0,11,58,11,58,0.6,a,,,,0.0,0,0,0
2026-08-21T20:33:39+00:00,571,216055,Florentino,12,3,50,0,0,0,0,,False,0,0,0,0,0,0,15,15,15,15,0.1,a,,,,0.0,0,0,0
2026-08-21T20:33:39+00:00,591,474120,Enciso,12,3,55,0,0,0,0,,False,0,0,0,0,0,0,29,29,29,29,0.3,a,,,,0.0,0,0,0
2026-08-21T20:33:39+00:00,592,572584,Ouattara,12,2,40,0,0,0,0,,False,0,0,0,0,0,0,260,93,260,93,1.0,a,,,,0.0,0,0,0
2026-08-21T20:33:39+00:00,260,153682,Wilson,13,3,65,0,0,0,0,,False,0,0,0,0,0,0,309,649,309,649,6.4,a,,,,0.0,0,0,0
2026-08-21T20:33:39+00:00,326,201595,Perri,13,1,45,0,0,0,0,,False,0,0,0,0,0,0,11,57,11,57,0.6,a,,,,0.0,0,0,0
2026-08-21T20:33:39+00:00,327,434752,Bijol,13,2,50,0,0,0,0,,False,0,0,0,0,0,0,74,41,74,41,0.3,a,,,,0.0,0,0,0
2026-08-21T20:33:39+00:00,329,214225,Rodon,13,2,45,0,0,0,0,,False,0,0,0,0,0,0,251,116,251,116,3.7,a,,,,0.0,0,0,0
2026-08-21T20:33:39+00:00,330,226182,Bogle,13,2,45,0,0,0,0,,False,0,0,0,0,0,0,73,34,73,34,0.5,a,,,,0.0,0,0,0
2026-08-21T20:33:39+00:00,331,243526,Gudmundsson,13,2,45,0,0,0,0,,False,0,0,0,0,0,0,1,33,1,33,0.1,i,0,Hamstring injury - Unknown return date,2026-08-08T20:00:07.546568Z,0.0,0,0,0
2026-08-21T20:33:39+00:00,332,220627,Justin,13,2,45,0,0,0,0,,False,0,0,0,0,0,0,36,28,36,28,0.6,a,,,,0.0,0,0,0
2026-08-21T20:33:39+00:00,333,437738,Bornauw,13,2,45,0,0,0,0,,False,0,0,0,0,0,0,0,8,0,8,0.0,u,0,Has joined Hamburg SV on loan for the rest of the season,2026-08-19T13:56:14.645970Z,0.0,0,0,0
2026-08-21T20:33:39+00:00,334,522047,Muharemović,13,2,50,0,0,0,0,,False,0,0,0,0,0,0,334,108,334,108,3.4,a,,,,0.0,0,0,0
2026-08-21T20:33:39+00:00,335,466525,Stach,13,3,60,0,0,0,0,,False,0,0,0,0,0,0,49,74,49,74,0.9,a,,,,0.0,0,0,0
2026-08-21T20:33:39+00:00,336,435997,Okafor,13,3,60,0,0,0,0,,False,0,0,0,0,0,0,41,68,41,68,0.5,a,,,,0.0,0,0,0
2026-08-21T20:33:39+00:00,337,427637,Aaronson,13,3,55,0,0,0,0,,False,0,0,0,0,0,0,54,77,54,77,1.0,a,,,,0.0,0,0,0
2026-08-21T20:33:39+00:00,338,199598,Ampadu,13,3,55,0,0,0,0,,False,0,0,0,0,0,0,56,119,56,119,1.5,a,,,,0.0,0,0,0
2026-08-21T20:33:39+00:00,339,180135,Longstaff,13,3,50,0,0,0,0,,False,0,0,0,0,0,0,24,14,24,14,0.1,a,,,,0.0,0,0,0
2026-08-21T20:33:39+00:00,341,492859,Gnonto,13,3,50,0,0,0,0,,False,0,0,0,0,0,0,2,36,2,36,0.0,i,0,Hamstring injury - Unknown return date,2026-08-17T20:30:08.092366Z,0.0,0,0,0
2026-08-21T20:33:39+00:00,342,221399,Harrison,13,3,50,0,0,0,0,,False,0,0,0,0,0,0,0,2,0,2,0.0,u,0,Has joined New England Revolution permanently,2026-07-28T12:59:09.492431Z,0.0,0,0,0
2026-08-21T20:33:39+00:00,343,200617,James,13,3,50,0,0,0,0,,False,0,0,0,0,0,0,40,15,40,15,0.1,a,,,,0.0,0,0,0
2026-08-21T20:33:39+00:00,344,486520,Gruev,13,3,50,0,0,0,0,,False,0,0,0,0,0,0,1,3,1,3,0.0,i,0,Knee injury - Unknown return date,2026-08-14T23:00:06.272027Z,0.0,0,0,0
2026-08-21T20:33:39+00:00,345,248056,Tanaka,13,3,50,0,0,0,0,,False,0,0,0,0,0,0,49,40,49,40,0.3,a,,,,0.0,0,0,0
2026-08-21T20:33:39+00:00,346,177815,Calvert-Lewin,13,4,60,0,0,0,0,,False,0,0,0,0,0,0,1860,993,1860,993,31.5,a,,,,0.0,0,0,0
2026-08-21T20:33:39+00:00,347,174594,Nmecha,13,4,55,0,0,0,0,,False,0,0,0,0,0,0,51,65,51,65,0.6,a,,,,0.0,0,0,0
2026-08-21T20:33:39+00:00,348,235826,Piroe,13,4,50,0,0,0,0,,False,0,0,0,0,0,0,0,344,0,344,0.2,u,0,Has joined West Ham United on loan for the rest of the season,2026-08-19T13:56:14.666726Z,0.0,0,0,0
2026-08-21T20:33:39+00:00,349,565297,Mateo Joseph,13,4,45,0,0,0,0,,False,0,0,0,0,0,0,10,38,10,38,0.1,i,0,Knee injury - Unknown return date,2026-07-29T18:00:10.338170Z,0.0,0,0,0
2026-08-21T20:33:39+00:00,385,432720,Trafford,13,1,50,0,0,0,0,,False,0,0,0,0,0,0,256,139,256,139,3.0,a,,,,0.0,0,0,0
2026-08-21T20:33:39+00:00,598,173774,Elvedi,13,2,45,0,0,0,0,,False,0,0,0,0,0,0,19,3,19,3,0.0,a,,,,0.0,0,0,0
2026-08-21T20:33:39+00:00,350,116535,A.Becker,14,1,55,0,0,0,0,,False,0,0,0,0,0,0,320,310,320,310,3.4,a,,,,0.0,0,0,0
2026-08-21T20:33:39+00:00,351,449027,Mamardashvili,14,1,50,0,0,0,0,,False,0,0,0,0,0,0,27,42,27,42,0.2,a,,,,0.0,0,0,0
2026-08-21T20:33:39+00:00,352,155503,Woodman,14,1,40,0,0,0,0,,False,0,0,0,0,0,0,82,89,82,89,1.1,a,,,,0.0,0,0,0
2026-08-21T20:33:39+00:00,353,586268,Pecsi,14,1,40,0,0,0,0,,False,0,0,0,0,0,0,0,27,0,27,0.0,u,0,Has joined TSV Hartberg on loan for the rest of the season,2026-08-18T14:11:18.638344Z,0.0,0,0,0
2026-08-21T20:33:39+00:00,354,432987,Jaros,14,1,40,0,0,0,0,,False,0,0,0,0,0,0,6,13,6,13,0.0,i,0,Knee injury - Unknown return date,2026-07-29T18:00:10.351066Z,0.0,0,0,0
2026-08-21T20:33:39+00:00,355,464353,Davies,14,1,40,0,0,0,0,,False,0,0,0,0,0,0,19,11,19,11,0.1,a,,,,0.0,0,0,0
2026-08-21T20:33:39+00:00,356,97032,Virgil,14,2,65,0,0,0,0,,False,0,0,0,0,0,0,2056,740,2056,740,18.9,a,,,,0.0,0,0,0
2026-08-21T20:33:39+00:00,357,216094,Frimpong,14,2,55,0,0,0,0,,False,0,0,0,0,0,0,1142,292,1142,292,3.4,a,,,,0.0,0,0,0
2026-08-21T20:33:39+00:00,358,544877,Kerkez,14,2,55,0,0,0,0,,False,0,0,0,0,0,0,649,315,649,315,3.8,a,,,,0.0,0,0,0
2026-08-21T20:33:39+00:00,359,171287,Gomez,14,2,50,0,0,0,0,,False,0,0,0,0,0,0,7,22,7,22,0.0,i,0,Muscular injury - Unknown return date,2026-07-26T08:30:10.078473Z,0.0,0,0,0
2026-08-21T20:33:39+00:00,360,492777,Bradley,14,2,50,0,0,0,0,,False,0,0,0,0,0,0,1,10,1,10,0.0,i,0,Knee injury - Unknown return date,2026-07-23T12:01:23.565711Z,0.0,0,0,0
2026-08-21T20:33:39+00:00,361,519440,Lucky,14,2,40,0,0,0,0,,False,0,0,0,0,0,0,43,20,43,20,0.1,a,,,,0.0,0,0,0
2026-08-21T20:33:39+00:00,362,606702,Jacquet,14,2,50,0,0,0,0,,False,0,0,0,0,0,0,577,136,577,136,2.3,a,100,,2026-07-23T12:01:23.581126Z,0.0,0,0,0
2026-08-21T20:33:39+00:00,363,647681,Leoni,14,2,40,0,0,0,0,,False,0,0,0,0,0,0,9,17,9,17,0.0,i,0,Knee injury - Unknown return date,2026-07-23T12:01:23.596909Z,0.0,0,0,0
2026-08-21T20:33:39+00:00,364,214285,Tsimikas,14,2,50,0,0,0,0,,False,0,0,0,0,0,0,25,15,25,15,0.1,a,,,,0.0,0,0,0
2026-08-21T20:33:39+00:00,365,489580,Ramsay,14,2,40,0,0,0,0,,False,0,0,0,0,0,0,59,34,59,34,0.2,a,,,,0.0,0,0,0
2026-08-21T20:33:39+00:00,366,494595,Wirtz,14,3,75,0,0,0,0,,False,0,0,0,0,0,0,761,829,761,829,12.6,a,,,,0.0,0,0,0
2026-08-21T20:33:39+00:00,367,243298,Gakpo,14,3,70,0,0,0,0,,False,0,0,0,0,0,0,333,318,333,318,3.5,a,,,,0.0,0,0,0
2026-08-21T20:33:39+00:00,368,424876,Szoboszlai,14,3,70,0,0,0,0,,False,0,0,0,0,0,0,2629,1378,2629,1378,41.8,a,,,,0.0,0,0,0
2026-08-21T20:33:39+00:00,369,611922,Ngumoha,14,3,60,0,0,0,0,,False,0,0,0,0,0,0,131,181,131,181,1.2,a,,,,0.0,0,0,0
2026-08-21T20:33:39+00:00,370,223541,Chiesa,14,3,55,0,0,0,0,,False,0,0,0,0,0,0,42,38,42,38,0.1,a,,,,0.0,0,0,0
2026-08-21T20:33:39+00:00,371,441266,Gravenberch,14,3,60,0,0,0,0,,False,0,0,0,0,0,0,254,283,254,283,1.9,a,,,,0.0,0,0,0
2026-08-21T20:33:39+00:00,372,243016,Mac Allister,14,3,55,0,0,0,0,,False,0,0,0,0,0,0,273,238,273,238,1.7,a,,,,0.0,0,0,0
2026-08-21T20:33:39+00:00,373,206915,C.Jones,14,3,55,0,0,0,0,,False,0,0,0,0,0,0,4,58,4,58,0.1,d,75,Hip injury - 75% chance of playing,2026-08-16T18:30:07.426408Z,0.0,0,0,0
2026-08-21T20:33:39+00:00,374,158983,Endo,14,3,50,0,0,0,0,,False,0,0,0,0,0,0,32,23,32,23,0.1,a,100,,2026-07-23T12:01:23.612529Z,0.0,0,0,0
2026-08-21T20:33:39+00:00,375,591386,Nyoni,14,3,50,0,0,0,0,,False,0,0,0,0,0,0,9,6,9,6,0.0,a,,,,0.0,0,0,0
2026-08-21T20:33:39+00:00,376,535928,Bajcetic,14,3,50,0,0,0,0,,False,0,0,0,0,0,0,1,2,1,2,0.0,i,0,Hamstring injury - Expected back 23 Aug,2026-07-23T12:01:23.628373Z,0.0,0,0,0
2026-08-21T20:33:39+00:00,377,551499,Munoz,14,3,65,0,0,0,0,,False,0,0,0,0,0,0,59,113,59,113,0.5,a,,,,0.0,0,0,0
2026-08-21T20:33:39+00:00,378,491501,McConnell,14,3,45,0,0,0,0,,False,0,0,0,0,0,0,71,60,71,60,0.3,a,,,,0.0,0,0,0
2026-08-21T20:33:39+00:00,379,219168,Isak,14,4,90,0,0,0,0,,False,0,0,0,0,0,0,793,863,793,863,16.8,a,,,,0.0,0,0,0
2026-08-21T20:33:39+00:00,380,510663,Ekitiké,14,4,75,0,0,0,0,,False,0,0,0,0,0,0,30,181,30,181,0.2,i,0,Achilles injury - Unknown return date,2026-07-23T12:01:23.643771Z,0.0,0,0,0
2026-08-21T20:33:39+00:00,381,514514,Koumas,14,3,50,0,0,0,0,,False,0,0,0,0,0,0,2,1,2,1,0.0,a,,,,0.0,0,0,0
2026-08-21T20:33:39+00:00,382,500058,Danns,14,4,45,0,0,0,0,,False,0,0,0,0,0,0,14,24,14,24,0.0,i,0,Unspecified injury - Unknown return date,2026-07-23T12:01:23.659279Z,0.0,0,0,0
2026-08-21T20:33:39+00:00,383,444884,Elliott,14,3,55,0,0,0,0,,False,0,0,0,0,0,0,20,15,20,15,0.1,a,,,,0.0,0,0,0
2026-08-21T20:33:39+00:00,579,445087,Araujo,14,2,55,0,0,0,0,,False,0,0,0,0,0,0,2057,412,2057,412,2.5,a,,,,0.0,0,0,0
2026-08-21T20:33:39+00:00,238,114283,Grealish,15,3,65,0,0,0,0,,False,0,0,0,0,0,0,40,53,40,53,0.2,a,100,,2026-07-29T10:00:10.492904Z,0.0,0,0,0
2026-08-21T20:33:39+00:00,384,204936,Donnarumma,15,1,55,0,0,0,0,,False,0,0,0,0,0,0,589,729,589,729,8.1,a,,,,0.0,0,0,0
2026-08-21T20:33:39+00:00,386,122074,Bettinelli,15,1,45,0,0,0,0,,False,0,0,0,0,0,0,6,6,6,6,0.0,a,,,,0.0,0,0,0
2026-08-21T20:33:39+00:00,387,472769,O'Reilly,15,2,65,0,0,0,0,,False,0,0,0,0,0,0,1745,958,1745,958,21.1,a,,,,0.0,0,0,0
2026-08-21T20:33:39+00:00,388,209036,Guéhi,15,2,60,0,0,0,0,,False,0,0,0,0,0,0,1559,1056,1559,1056,17.1,a,,,,0.0,0,0,0
2026-08-21T20:33:39+00:00,389,465351,Matheus N.,15,2,60,0,0,0,0,,False,0,0,0,0,0,0,150,202,150,202,1.4,a,100,,2026-08-16T18:30:07.457097Z,0.0,0,0,0
2026-08-21T20:33:39+00:00,390,171314,Rúben,15,2,55,0,0,0,0,,False,0,0,0,0,0,0,650,195,650,195,1.7,a,,,,0.0,0,0,0
2026-08-21T20:33:39+00:00,391,477424,Gvardiol,15,2,55,0,0,0,0,,False,0,0,0,0,0,0,2747,617,2747,617,11.0,a,,,,0.0,0,0,0
2026-08-21T20:33:39+00:00,392,448514,Aït-Nouri,15,2,55,0,0,0,0,,False,0,0,0,0,0,0,265,138,265,138,0.9,a,,,,0.0,0,0,0
2026-08-21T20:33:39+00:00,393,578153,Khusanov,15,2,55,0,0,0,0,,False,0,0,0,0,0,0,313,244,313,244,1.7,a,,,,0.0,0,0,0
2026-08-21T20:33:39+00:00,394,494307,Alleyne,15,2,50,0,0,0,0,,False,0,0,0,0,0,0,0,25,0,25,0.0,u,0,Has joined Burnley on loan for the rest of the season,2026-08-18T14:11:56.324656Z,0.0,0,0,0
2026-08-21T20:33:39+00:00,395,477064,Lewis,15,2,45,0,0,0,0,,False,0,0,0,0,0,0,137,30,137,30,0.2,a,,,,0.0,0,0,0
2026-08-21T20:33:39+00:00,396,616222,Vitor Reis,15,2,45,0,0,0,0,,False,0,0,0,0,0,0,10,4,10,4,0.0,a,,,,0.0,0,0,0
2026-08-21T20:33:39+00:00,397,437730,Semenyo,15,3,85,0,0,0,0,,False,0,0,0,0,0,0,915,1094,915,1094,26.3,a,,,,0.0,0,0,0
2026-08-21T20:33:39+00:00,398,209244,Foden,15,3,70,0,0,0,0,,False,0,0,0,0,0,0,439,440,439,440,4.4,a,,,,0.0,0,0,0
2026-08-21T20:33:39+00:00,399,466052,Cherki,15,3,75,0,0,0,0,,False,0,0,0,0,0,0,906,906,906,906,7.7,a,,,,0.0,0,0,0
2026-08-21T20:33:39+00:00,400,248875,Doku,15,3,75,0,0,0,0,,False,0,0,0,0,0,0,18,3565,18,3565,2.1,i,0,Calf injury - Expected back 5 Sep,2026-08-18T17:00:08.385597Z,0.0,0,0,0
2026-08-21T20:33:39+00:00,401,438234,Marmoush,15,4,70,0,0,0,0,,False,0,0,0,0,0,0,315,263,315,263,0.9,a,,,,0.0,0,0,0
2026-08-21T20:33:39+00:00,402,220566,Rodrigo,15,3,65,0,0,0,0,,False,0,0,0,0,0,0,0,53,0,53,0.0,u,0,Has joined Barcelona permanently,2026-07-23T12:01:23.675537Z,0.0,0,0,0
2026-08-21T20:33:39+00:00,403,510281,Savinho,15,3,65,0,0,0,0,,False,0,0,0,0,0,0,167,74,167,74,0.3,a,,,,0.0,0,0,0
2026-08-21T20:33:39+00:00,404,433036,Reijnders,15,3,60,0,0,0,0,,False,0,0,0,0,0,0,0,489,0,489,0.1,u,0,Has joined Al Qadsiah permanently,2026-08-20T14:02:58.154273Z,0.0,0,0,0
2026-08-21T20:33:39+00:00,405,465694,N.Gonzalez,15,3,55,0,0,0,0,,False,0,0,0,0,0,0,9,28,9,28,0.1,a,,,,0.0,0,0,0
2026-08-21T20:33:39+00:00,406,91651,Kovačić,15,3,55,0,0,0,0,,False,0,0,0,0,0,0,24,26,24,26,0.1,a,,,,0.0,0,0,0
2026-08-21T20:33:39+00:00,407,575204,Echeverri,15,3,50,0,0,0,0,,False,0,0,0,0,0,0,4,3,4,3,0.0,a,,,,0.0,0,0,0
2026-08-21T20:33:39+00:00,408,155405,Phillips,15,3,50,0,0,0,0,,False,0,0,0,0,0,0,0,19,0,19,0.0,u,0,Has joined Sheffield United on loan for the rest of the season,2026-08-18T14:11:56.348781Z,0.0,0,0,0
2026-08-21T20:33:39+00:00,409,590039,Mukasa,15,3,45,0,0,0,0,,False,0,0,0,0,0,0,76,46,76,46,0.2,a,,,,0.0,0,0,0
2026-08-21T20:33:39+00:00,410,649208,Monga,15,3,50,0,0,0,0,,False,0,0,0,0,0,0,3,5,3,5,0.0,a,,,,0.0,0,0,0
2026-08-21T20:33:39+00:00,411,223094,Haaland,15,4,155,0,0,0,0,,False,0,0,0,0,0,0,1124,602,1124,602,69.5,a,,,,0.0,0,0,0
2026-08-21T20:33:39+00:00,481,215379,Anderson,15,3,65,0,0,0,0,,False,0,0,0,0,0,0,592,1156,592,1156,7.9,a,,,,0.0,0,0,0
2026-08-21T20:33:39+00:00,587,106921,Rulli,15,1,50,0,0,0,0,,False,0,0,0,0,0,0,4,5,4,5,0.0,a,,,,0.0,0,0,0
2026-08-21T20:33:39+00:00,43,166989,Tielemans,16,3,60,0,0,0,0,,False,0,0,0,0,0,0,622,288,622,288,2.6,a,100,,2026-07-23T12:01:23.321726Z,0.0,0,0,0
2026-08-21T20:33:39+00:00,162,532605,Andrey Santos,16,3,50,0,0,0,0,,False,0,0,0,0,0,0,325,203,325,203,1.1,a,,,,0.0,0,0,0
2026-08-21T20:33:39+00:00,325,59735,Darlow,16,1,45,0,0,0,0,,False,0,0,0,0,0,0,5,5,5,5,0.0,d,75,Unspecified injury - 75% chance of playing,2026-07-23T12:01:23.549136Z,0.0,0,0,0
2026-08-21T20:33:39+00:00,412,465247,Lammens,16,1,50,0,0,0,0,,False,0,0,0,0,0,0,919,587,919,587,16.8,a,,,,0.0,0,0,0
2026-08-21T20:33:39+00:00,413,451302,Bayindir,16,1,45,0,0,0,0,,False,0,0,0,0,0,0,0,34,0,34,0.0,u,0,Has joined Celta Vigo on loan for the rest of the season,2026-08-10T14:02:28.608415Z,0.0,0,0,0
2026-08-21T20:33:39+00:00,414,21205,Heaton,16,1,40,0,0,0,0,,False,0,0,0,0,0,0,13,52,13,52,0.1,i,0,Hamstring injury - Unknown return date,2026-08-15T16:00:07.854151Z,0.0,0,0,0
2026-08-21T20:33:39+00:00,415,596777,Dorgu,16,3,60,0,0,0,0,,False,0,0,0,0,0,0,173,187,173,187,1.4,a,,,,0.0,0,0,0
2026-08-21T20:33:39+00:00,416,209365,De Ligt,16,2,50,0,0,0,0,,False,0,0,0,0,0,0,14,29,14,29,0.0,i,0,Back injury - Unknown return date,2026-07-23T12:01:23.690880Z,0.0,0,0,0
2026-08-21T20:33:39+00:00,417,216051,Dalot,16,2,50,0,0,0,0,,False,0,0,0,0,0,0,635,210,635,210,2.8,a,,,,0.0,0,0,0
2026-08-21T20:33:39+00:00,418,95658,Maguire,16,2,50,0,0,0,0,,False,0,0,0,0,0,0,2528,540,2528,540,18.5,a,,,,0.0,0,0,0
2026-08-21T20:33:39+00:00,419,221820,Martinez,16,2,50,0,0,0,0,,False,0,0,0,0,0,0,698,149,698,149,1.3,a,100,,2026-07-24T20:00:10.337107Z,0.0,0,0,0
2026-08-21T20:33:39+00:00,420,550864,Yoro,16,2,50,0,0,0,0,,False,0,0,0,0,0,0,171,109,171,109,0.7,a,,,,0.0,0,0,0
2026-08-21T20:33:39+00:00,421,606745,Heaven,16,2,45,0,0,0,0,,False,0,0,0,0,0,0,120,59,120,59,0.4,a,,,,0.0,0,0,0
2026-08-21T20:33:39+00:00,422,230001,Mazraoui,16,2,45,0,0,0,0,,False,0,0,0,0,0,0,204,72,204,72,0.6,a,,,,0.0,0,0,0
2026-08-21T20:33:39+00:00,423,106760,Shaw,16,2,45,0,0,0,0,,False,0,0,0,0,0,0,2556,556,2556,556,21.7,a,,,,0.0,0,0,0
2026-08-21T20:33:39+00:00,424,577974,Amass,16,2,40,0,0,0,0,,False,0,0,0,0,0,0,44,32,44,32,0.2,a,,,,0.0,0,0,0
2026-08-21T20:33:39+00:00,425,547676,Fredricson,16,2,40,0,0,0,0,,False,0,0,0,0,0,0,0,45,0,45,0.0,u,0,Has joined Lausanne-Sport permanently,2026-08-18T14:12:31.904433Z,0.0,0,0,0
2026-08-21T20:33:39+00:00,426,141746,B.Fernandes,16,3,120,0,0,0,0,,False,0,0,0,0,0,0,978,708,978,708,52.0,a,,,,0.0,0,0,0
2026-08-21T20:33:39+00:00,427,446008,Mbeumo,16,3,80,0,0,0,0,,False,0,0,0,0,0,0,1665,831,1665,831,39.0,a,,,,0.0,0,0,0
2026-08-21T20:33:39+00:00,428,430871,Cunha,16,3,80,0,0,0,0,,False,0,0,0,0,0,0,608,768,608,768,10.1,a,,,,0.0,0,0,0
2026-08-21T20:33:39+00:00,429,176297,Rashford,16,3,70,0,0,0,0,,False,0,0,0,0,0,0,434,277,434,277,1.5,a,,,,0.0,0,0,0
2026-08-21T20:33:39+00:00,430,184341,Mount,16,3,55,0,0,0,0,,False,0,0,0,0,0,0,1,37,1,37,0.0,d,50,Foot injury - 50% chance of playing,2026-08-15T16:00:07.879135Z,0.0,0,0,0
2026-08-21T20:33:39+00:00,431,493250,Amad,16,3,60,0,0,0,0,,False,0,0,0,0,0,0,297,229,297,229,1.6,a,,,,0.0,0,0,0
2026-08-21T20:33:39+00:00,432,516895,Mainoo,16,3,55,0,0,0,0,,False,0,0,0,0,0,0,148,205,148,205,1.0,a,,,,0.0,0,0,0
2026-08-21T20:33:39+00:00,433,232112,Ugarte,16,3,50,0,0,0,0,,False,0,0,0,0,0,0,1,10,1,10,0.0,i,0,Knee injury - Unknown return date,2026-07-23T12:01:23.706702Z,0.0,0,0,0
2026-08-21T20:33:39+00:00,434,547037,J.Fletcher,16,3,50,0,0,0,0,,False,0,0,0,0,0,0,3,2,3,2,0.0,a,,,,0.0,0,0,0
2026-08-21T20:33:39+00:00,435,576628,Lacey,16,3,50,0,0,0,0,,False,0,0,0,0,0,0,6,15,6,15,0.0,a,,,,0.0,0,0,0
2026-08-21T20:33:39+00:00,436,490881,Collyer,16,3,50,0,0,0,0,,False,0,0,0,0,0,0,3,6,3,6,0.0,a,,,,0.0,0,0,0
2026-08-21T20:33:39+00:00,437,576620,Bendito Mantato,16,3,45,0,0,0,0,,False,0,0,0,0,0,0,78,37,78,37,0.2,a,,,,0.0,0,0,0
2026-08-21T20:33:39+00:00,438,519913,Fletcher,16,3,45,0,0,0,0,,False,0,0,0,0,0,0,106,82,106,82,0.4,a,,,,0.0,0,0,0
2026-08-21T20:33:39+00:00,439,485711,Šeško,16,4,70,0,0,0,0,,False,0,0,0,0,0,0,215,355,215,355,1.3,d,75,Shin injury - 75% chance of playing,2026-07-23T12:01:23.722029Z,0.0,0,0,0
2026-08-21T20:33:39+00:00,440,458249,Zirkzee,16,4,55,0,0,0,0,,False,0,0,0,0,0,0,109,147,109,147,0.6,a,,,,0.0,0,0,0
2026-08-21T20:33:39+00:00,441,596047,Obi,16,4,45,0,0,0,0,,False,0,0,0,0,0,0,200,253,200,253,1.1,a,,,,0.0,0,0,0
2026-08-21T20:33:39+00:00,442,98747,Pope,17,1,50,0,0,0,0,,False,0,0,0,0,0,0,68,100,68,100,1.3,a,,,,0.0,0,0,0
2026-08-21T20:33:39+00:00,443,81441,Gillespie,17,1,45,0,0,0,0,,False,0,0,0,0,0,0,7,6,7,6,0.0,a,,,,0.0,0,0,0
2026-08-21T20:33:39+00:00,444,554578,Jaouen,17,1,45,0,0,0,0,,False,0,0,0,0,0,0,6,7,6,7,0.0,a,,,,0.0,0,0,0
2026-08-21T20:33:39+00:00,445,465642,Thiaw,17,2,50,0,0,0,0,,False,0,0,0,0,0,0,235,117,235,117,1.6,a,,,,0.0,0,0,0
2026-08-21T20:33:39+00:00,446,119471,Schär,17,2,50,0,0,0,0,,False,0,0,0,0,0,0,78,17,78,17,0.2,a,100,,2026-08-15T16:30:07.209742Z,0.0,0,0,0
2026-08-21T20:33:39+00:00,447,220237,Botman,17,2,50,0,0,0,0,,False,0,0,0,0,0,0,196,60,196,60,0.4,a,,,,0.0,0,0,0
2026-08-21T20:33:39+00:00,448,78916,Burn,17,2,50,0,0,0,0,,False,0,0,0,0,0,0,953,280,953,280,2.4,a,,,,0.0,0,0,0
2026-08-21T20:33:39+00:00,449,487838,Hall,17,2,50,0,0,0,0,,False,0,0,0,0,0,0,1029,258,1029,258,3.5,a,,,,0.0,0,0,0
2026-08-21T20:33:39+00:00,450,441191,Livramento,17,2,50,0,0,0,0,,False,0,0,0,0,0,0,4,58,4,58,0.0,i,0,Calf injury - Unknown return date,2026-07-23T12:01:23.753221Z,0.0,0,0,0
2026-08-21T20:33:39+00:00,451,545477,A.Murphy,17,2,40,0,0,0,0,,False,0,0,0,0,0,0,0,203,0,203,0.1,u,0,Has joined FC Kaiserslautern on loan for the rest of the season,2026-08-12T14:05:29.224600Z,0.0,0,0,0
2026-08-21T20:33:39+00:00,453,201666,Barnes,17,3,60,0,0,0,0,,False,0,0,0,0,0,0,152,96,152,96,1.1,a,,,,0.0,0,0,0
2026-08-21T20:33:39+00:00,454,449434,Elanga,17,3,60,0,0,0,0,,False,0,0,0,0,0,0,143,131,143,131,0.7,a,,,,0.0,0,0,0
2026-08-21T20:33:39+00:00,456,232653,J.Ramsey,17,3,50,0,0,0,0,,False,0,0,0,0,0,0,62,59,62,59,0.4,a,,,,0.0,0,0,0
2026-08-21T20:33:39+00:00,457,114243,J.Murphy,17,3,60,0,0,0,0,,False,0,0,0,0,0,0,16,28,16,28,0.2,a,,,,0.0,0,0,0
2026-08-21T20:33:39+00:00,458,180974,Joelinton,17,3,55,0,0,0,0,,False,0,0,0,0,0,0,0,49,0,49,0.0,i,0,Unspecified injury - Unknown return date,2026-08-16T08:00:08.074045Z,0.0,0,0,0
2026-08-21T20:33:39+00:00,459,547719,L.Miley,17,3,55,0,0,0,0,,False,0,0,0,0,0,0,12,6,12,6,0.0,a,100,,2026-07-23T12:01:23.785456Z,0.0,0,0,0
2026-08-21T20:33:39+00:00,460,200089,Willock,17,3,50,0,0,0,0,,False,0,0,0,0,0,0,29,15,29,15,0.1,a,,,,0.0,0,0,0
2026-08-21T20:33:39+00:00,461,611665,Touré,17,3,60,0,0,0,0,,False,0,0,0,0,0,0,26,25,26,25,0.3,a,,,,0.0,0,0,0
2026-08-21T20:33:39+00:00,462,636852,Steur,17,3,50,0,0,0,0,,False,0,0,0,0,0,0,20,13,20,13,0.1,a,,,,0.0,0,0,0
2026-08-21T20:33:39+00:00,463,470313,Woltemade,17,4,60,0,0,0,0,,False,0,0,0,0,0,0,275,272,275,272,1.7,a,,,,0.0,0,0,0
2026-08-21T20:33:39+00:00,464,216646,Wissa,17,4,60,0,0,0,0,,False,0,0,0,0,0,0,181,182,181,182,1.6,a,,,,0.0,0,0,0
2026-08-21T20:33:39+00:00,465,538207,Osula,17,4,60,0,0,0,0,,False,0,0,0,0,0,0,85,150,85,150,0.9,a,,,,0.0,0,0,0
2026-08-21T20:33:39+00:00,466,599303,Neave,17,4,45,0,0,0,0,,False,0,0,0,0,0,0,164,143,164,143,0.8,a,,,,0.0,0,0,0
2026-08-21T20:33:39+00:00,559,632794,Bamba,17,3,50,0,0,0,0,,False,0,0,0,0,0,0,31,30,31,30,0.1,a,,,,0.0,0,0,0
2026-08-21T20:33:39+00:00,567,470551,Horníček,17,1,50,0,0,0,0,,False,0,0,0,0,0,0,24,86,24,86,0.6,a,,,,0.0,0,0,0
2026-08-21T20:33:39+00:00,593,463726,Dedić,17,2,45,0,0,0,0,,False,0,0,0,0,0,0,104,26,104,26,0.2,a,,,,0.0,0,0,0
2026-08-21T20:33:39+00:00,467,85633,Sels,18,1,50,0,0,0,0,,False,0,0,0,0,0,0,59,135,59,135,1.6,a,,,,0.0,0,0,0
2026-08-21T20:33:39+00:00,468,221389,John,18,1,45,0,0,0,0,,False,0,0,0,0,0,0,7,5,7,5,0.1,a,,,,0.0,0,0,0
2026-08-21T20:33:39+00:00,469,215136,N.Williams,18,2,50,0,0,0,0,,False,0,0,0,0,0,0,836,552,836,552,10.3,a,,,,0.0,0,0,0
2026-08-21T20:33:39+00:00,470,485047,Morato,18,2,50,0,0,0,0,,False,0,0,0,0,0,0,19,6,19,6,0.0,a,,,,0.0,0,0,0
2026-08-21T20:33:39+00:00,471,227444,Milenković,18,2,55,0,0,0,0,,False,0,0,0,0,0,0,121,202,121,202,2.0,a,,,,0.0,0,0,0
2026-08-21T20:33:39+00:00,472,575476,Murillo,18,2,55,0,0,0,0,,False,0,0,0,0,0,0,290,169,290,169,1.5,a,100,,2026-07-23T12:01:23.801183Z,0.0,0,0,0
2026-08-21T20:33:39+00:00,473,159506,Aina,18,2,45,0,0,0,0,,False,0,0,0,0,0,0,461,287,461,287,3.7,a,,,,0.0,0,0,0
2026-08-21T20:33:39+00:00,474,575458,Jair Cunha,18,2,45,0,0,0,0,,False,0,0,0,0,0,0,8,18,8,18,0.2,a,,,,0.0,0,0,0
2026-08-21T20:33:39+00:00,475,500151,Savona,18,2,45,0,0,0,0,,False,0,0,0,0,0,0,3,1,3,1,0.0,i,0,Knee injury - Unknown return date,2026-07-23T12:01:23.816304Z,0.0,0,0,0
2026-08-21T20:33:39+00:00,476,204822,O.Richards,18,2,40,0,0,0,0,,False,0,0,0,0,0,0,29,17,29,17,0.3,a,,,,0.0,0,0,0
2026-08-21T20:33:39+00:00,477,549067,Abbott,18,2,40,0,0,0,0,,False,0,0,0,0,0,0,41,34,41,34,0.3,a,,,,0.0,0,0,0
2026-08-21T20:33:39+00:00,478,470315,Netz,18,2,45,0,0,0,0,,False,0,0,0,0,0,0,7,3,7,3,0.0,a,,,,0.0,0,0,0
2026-08-21T20:33:39+00:00,479,538638,Bindon,18,2,40,0,0,0,0,,False,0,0,0,0,0,0,20,8,20,8,0.2,a,,,,0.0,0,0,0
2026-08-21T20:33:39+00:00,480,222531,Gibbs-White,18,3,80,0,0,0,0,,False,0,0,0,0,0,0,359,1150,359,1150,11.7,a,,,,0.0,0,0,0
2026-08-21T20:33:39+00:00,482,209046,Hudson-Odoi,18,3,60,0,0,0,0,,False,0,0,0,0,0,0,28,22,28,22,0.3,a,100,,2026-07-23T12:01:23.832709Z,0.0,0,0,0
2026-08-21T20:33:39+00:00,483,456512,Ndoye,18,3,55,0,0,0,0,,False,0,0,0,0,0,0,14,55,14,55,0.4,a,,,,0.0,0,0,0
2026-08-21T20:33:39+00:00,484,503301,Hutchinson,18,3,55,0,0,0,0,,False,0,0,0,0,0,0,11,25,11,25,0.2,a,,,,0.0,0,0,0
2026-08-21T20:33:39+00:00,485,476887,Bakwa,18,3,55,0,0,0,0,,False,0,0,0,0,0,0,3,4,3,4,0.0,a,,,,0.0,0,0,0
2026-08-21T20:33:39+00:00,486,432714,McAtee,18,3,55,0,0,0,0,,False,0,0,0,0,0,0,2,5,2,5,0.0,a,,,,0.0,0,0,0
2026-08-21T20:33:39+00:00,487,250199,Dominguez,18,3,50,0,0,0,0,,False,0,0,0,0,0,0,12,12,12,12,0.1,a,,,,0.0,0,0,0
2026-08-21T20:33:39+00:00,488,210462,I.Sangaré,18,3,50,0,0,0,0,,False,0,0,0,0,0,0,65,60,65,60,1.1,a,,,,0.0,0,0,0
2026-08-21T20:33:39+00:00,489,204968,Yates,18,3,45,0,0,0,0,,False,0,0,0,0,0,0,43,1830,43,1830,1.9,i,0,Unspecified injury - Unknown return date,2026-08-17T20:30:08.195072Z,0.0,0,0,0
2026-08-21T20:33:39+00:00,490,60689,Wood,18,4,60,0,0,0,0,,False,0,0,0,0,0,0,189,260,189,260,1.8,a,,,,0.0,0,0,0
2026-08-21T20:33:39+00:00,491,482973,Igor Jesus,18,4,60,0,0,0,0,,False,0,0,0,0,0,0,245,410,245,410,4.4,a,,,,0.0,0,0,0
2026-08-21T20:33:39+00:00,493,465680,Kalimuendo,18,4,55,0,0,0,0,,False,0,0,0,0,0,0,16,11,16,11,0.0,a,,,,0.0,0,0,0
2026-08-21T20:33:39+00:00,558,204561,Schlager,18,3,50,0,0,0,0,,False,0,0,0,0,0,0,10,8,10,8,0.1,a,,,,0.0,0,0,0
2026-08-21T20:33:39+00:00,581,568420,Diomande,18,2,55,0,0,0,0,,False,0,0,0,0,0,0,268,94,268,94,0.8,a,,,,0.0,0,0,0
2026-08-21T20:33:39+00:00,590,428971,Benda,18,1,45,0,0,0,0,,False,0,0,0,0,0,0,37,8,37,8,0.1,a,,,,0.0,0,0,0
2026-08-21T20:33:39+00:00,112,469142,Van Hecke,19,2,50,0,0,0,0,,False,0,0,0,0,0,0,4124,507,4124,507,10.8,a,,,,0.0,0,0,0
2026-08-21T20:33:39+00:00,455,432422,Tonali,19,3,55,0,0,0,0,,False,0,0,0,0,0,0,533,286,533,286,4.2,a,,,,0.0,0,0,0
2026-08-21T20:33:39+00:00,494,184254,Vicario,19,1,45,0,0,0,0,,False,0,0,0,0,0,0,0,879,0,879,0.4,u,0,Has joined Juventus on loan for the rest of the season,2026-08-19T13:55:33.193962Z,0.0,0,0,0
2026-08-21T20:33:39+00:00,495,214572,Austin,19,1,40,0,0,0,0,,False,0,0,0,0,0,0,89,44,89,44,0.9,a,,,,0.0,0,0,0
2026-08-21T20:33:39+00:00,496,485055,Kinsky,19,1,45,0,0,0,0,,False,0,0,0,0,0,0,1041,390,1041,390,24.6,a,,,,0.0,0,0,0
2026-08-21T20:33:39+00:00,497,67089,Dubravka,19,1,40,0,0,0,0,,False,0,0,0,0,0,0,763,347,763,347,19.8,a,,,,0.0,0,0,0
2026-08-21T20:33:39+00:00,498,221466,Senesi,19,2,60,0,0,0,0,,False,0,0,0,0,0,0,894,619,894,619,8.2,a,,,,0.0,0,0,0
2026-08-21T20:33:39+00:00,499,441164,Pedro Porro,19,2,55,0,0,0,0,,False,0,0,0,0,0,0,330,24648,330,24648,17.4,i,0,Lack of match fitness - Expected back 29 Aug,2026-08-21T15:22:48.149081Z,0.0,0,0,0
2026-08-21T20:33:39+00:00,500,221632,Romero,19,2,50,0,0,0,0,,False,0,0,0,0,0,0,0,787,0,787,0.3,u,0,Has joined Atletico Madrid permanently,2026-08-17T13:49:05.465401Z,0.0,0,0,0
2026-08-21T20:33:39+00:00,501,135720,Danso,19,2,50,0,0,0,0,,False,0,0,0,0,0,0,95,28,95,28,0.2,a,,,,0.0,0,0,0
2026-08-21T20:33:39+00:00,502,122798,Robertson,19,2,45,0,0,0,0,,False,0,0,0,0,0,0,982,144,982,144,3.9,a,,,,0.0,0,0,0
2026-08-21T20:33:39+00:00,503,491279,Van de Ven,19,2,50,0,0,0,0,,False,0,0,0,0,0,0,172,10394,172,10394,5.7,i,0,Unspecified injury - Expected back 29 Aug,2026-08-21T15:00:07.610517Z,0.0,0,0,0
2026-08-21T20:33:39+00:00,505,232859,Spence,19,2,45,0,0,0,0,,False,0,0,0,0,0,0,0,4592,0,4592,1.0,u,0,Has joined Internazionale permanently,2026-08-18T14:13:08.454214Z,0.0,0,0,0
2026-08-21T20:33:39+00:00,506,487053,Udogie,19,2,45,0,0,0,0,,False,0,0,0,0,0,0,165,52,165,52,0.5,a,,,,0.0,0,0,0
2026-08-21T20:33:39+00:00,507,548308,Phillips,19,2,45,0,0,0,0,,False,0,0,0,0,0,0,0,26,0,26,0.0,u,0,Has joined Middlesbrough permanently,2026-08-18T14:13:08.474144Z,0.0,0,0,0
2026-08-21T20:33:39+00:00,508,115556,Davies,19,2,40,0,0,0,0,,False,0,0,0,0,0,0,329,73,329,73,1.1,a,,,,0.0,0,0,0
2026-08-21T20:33:39+00:00,509,640419,Byfield,19,2,40,0,0,0,0,,False,0,0,0,0,0,0,22,8,22,8,0.1,a,,,,0.0,0,0,0
2026-08-21T20:33:39+00:00,510,499716,Rowswell,19,2,40,0,0,0,0,,False,0,0,0,0,0,0,17,11,17,11,0.1,a,,,,0.0,0,0,0
2026-08-21T20:33:39+00:00,511,616221,Souza,19,2,40,0,0,0,0,,False,0,0,0,0,0,0,75,32,75,32,0.3,a,,,,0.0,0,0,0
2026-08-21T20:33:39+00:00,512,460842,Kudus,19,3,65,0,0,0,0,,False,0,0,0,0,0,0,5,84,5,84,0.1,d,25,Thigh injury - 25% chance of playing,2026-07-23T12:01:23.848657Z,0.0,0,0,0
2026-08-21T20:33:39+00:00,513,493362,Xavi,19,3,60,0,0,0,0,,False,0,0,0,0,0,0,5,15,5,15,0.0,i,0,Knee injury - Unknown return date,2026-07-23T12:01:23.864304Z,0.0,0,0,0
2026-08-21T20:33:39+00:00,514,511499,Tel,19,3,60,0,0,0,0,,False,0,0,0,0,0,0,51,51,51,51,0.6,a,,,,0.0,0,0,0
2026-08-21T20:33:39+00:00,515,172780,Maddison,19,3,65,0,0,0,0,,False,0,0,0,0,0,0,162,185,162,185,1.4,a,,,,0.0,0,0,0
2026-08-21T20:33:39+00:00,516,202993,Bentancur,19,3,55,0,0,0,0,,False,0,0,0,0,0,0,19,28,19,28,0.2,a,,,,0.0,0,0,0
2026-08-21T20:33:39+00:00,517,550839,Odobert,19,3,55,0,0,0,0,,False,0,0,0,0,0,0,0,1,0,1,0.0,i,0,Knee injury - Unknown return date,2026-07-23T12:01:23.879434Z,0.0,0,0,0
2026-08-21T20:33:39+00:00,518,482442,P.M.Sarr,19,3,50,0,0,0,0,,False,0,0,0,0,0,0,1,582,1,582,0.3,i,0,Hamstring injury - Unknown return date,2026-08-21T14:30:08.419690Z,0.0,0,0,0
2026-08-21T20:33:39+00:00,519,232787,Gallagher,19,3,55,0,0,0,0,,False,0,0,0,0,0,0,24,40,24,40,0.3,a,,,,0.0,0,0,0
2026-08-21T20:33:39+00:00,520,570526,Bergvall,19,3,55,0,0,0,0,,False,0,0,0,0,0,0,30,34,30,34,0.2,a,,,,0.0,0,0,0
2026-08-21T20:33:39+00:00,521,445044,Kulusevski,19,3,65,0,0,0,0,,False,0,0,0,0,0,0,2,5,2,5,0.0,i,0,Knee injury - Unknown return date,2026-07-23T12:01:23.895175Z,0.0,0,0,0
2026-08-21T20:33:39+00:00,522,547701,Gray,19,3,50,0,0,0,0,,False,0,0,0,0,0,0,63,49,63,49,0.2,a,,,,0.0,0,0,0
2026-08-21T20:33:39+00:00,523,499721,Moore,19,3,50,0,0,0,0,,False,0,0,0,0,0,0,21,24,21,24,0.2,a,,,,0.0,0,0,0
2026-08-21T20:33:39+00:00,524,499726,Olusesi,19,3,45,0,0,0,0,,False,0,0,0,0,0,0,252,180,252,180,0.9,a,,,,0.0,0,0,0
2026-08-21T20:33:39+00:00,525,551226,Fernandes,19,3,60,0,0,0,0,,False,0,0,0,0,0,0,196,214,196,214,2.0,a,,,,0.0,0,0,0
2026-08-21T20:33:39+00:00,526,154566,Solanke,19,4,60,0,0,0,0,,False,0,0,0,0,0,0,164,197,164,197,1.4,a,,,,0.0,0,0,0
2026-08-21T20:33:39+00:00,527,212319,Richarlison,19,4,60,0,0,0,0,,False,0,0,0,0,0,0,322,313,322,313,3.2,a,,,,0.0,0,0,0
2026-08-21T20:33:39+00:00,528,490145,Scarlett,19,4,45,0,0,0,0,,False,0,0,0,0,0,0,664,259,664,259,1.7,a,,,,0.0,0,0,0
2026-08-21T20:33:39+00:00,529,498016,Roefs,20,1,50,0,0,0,0,,False,0,0,0,0,0,0,105,255,105,255,4.4,a,,,,0.0,0,0,0
2026-08-21T20:33:39+00:00,530,232571,Patterson,20,1,40,0,0,0,0,,False,0,0,0,0,0,0,0,146,0,146,0.2,u,0,Has joined Wrexham permanently,2026-08-12T14:08:03.064533Z,0.0,0,0,0
2026-08-21T20:33:39+00:00,531,515046,Ellborg,20,1,45,0,0,0,0,,False,0,0,0,0,0,0,8,3,8,3,0.1,a,,,,0.0,0,0,0
2026-08-21T20:33:39+00:00,532,223827,Ballard,20,2,50,0,0,0,0,,False,0,0,0,0,0,0,619,235,619,235,5.8,a,,,,0.0,0,0,0
2026-08-21T20:33:39+00:00,533,200834,Mukiele,20,2,55,0,0,0,0,,False,0,0,0,0,0,0,302,191,302,191,2.9,a,100,,2026-08-09T08:30:05.954750Z,0.0,0,0,0
2026-08-21T20:33:39+00:00,534,487676,Hume,20,2,45,0,0,0,0,,False,0,0,0,0,0,0,598,336,598,336,7.1,a,,,,0.0,0,0,0
2026-08-21T20:33:39+00:00,535,201895,Alderete,20,2,50,0,0,0,0,,False,0,0,0,0,0,0,145,52,145,52,0.5,a,100,,2026-08-09T08:30:05.962393Z,0.0,0,0,0
2026-08-21T20:33:39+00:00,536,434399,Reinildo,20,2,45,0,0,0,0,,False,0,0,0,0,0,0,24,30,24,30,0.5,a,,,,0.0,0,0,0
2026-08-21T20:33:39+00:00,537,519634,Seelt,20,2,45,0,0,0,0,,False,0,0,0,0,0,0,2,1,2,1,0.0,a,,,,0.0,0,0,0
2026-08-21T20:33:39+00:00,538,477547,Hjelde,20,2,40,0,0,0,0,,False,0,0,0,0,0,0,0,50,0,50,0.1,u,0,Has joined KV Mechelen on loan for the rest of the season,2026-08-12T14:08:03.081789Z,0.0,0,0,0
2026-08-21T20:33:39+00:00,539,167512,O'Nien,20,2,40,0,0,0,0,,False,0,0,0,0,0,0,231,159,231,159,3.7,a,,,,0.0,0,0,0
2026-08-21T20:33:39+00:00,540,105717,Masuaku,20,2,40,0,0,0,0,,False,0,0,0,0,0,0,0,268,0,268,0.3,u,0,Has joined Konyaspor permanently,2026-08-12T14:08:03.097784Z,0.0,0,0,0
2026-08-21T20:33:39+00:00,541,93605,Meunier,20,2,45,0,0,0,0,,False,0,0,0,0,0,0,20,25,20,25,0.3,a,100,,2026-08-16T08:30:07.830062Z,0.0,0,0,0
2026-08-21T20:33:39+00:00,542,484420,E.Le Fée,20,3,60,0,0,0,0,,False,0,0,0,0,0,0,380,594,380,594,10.5,a,,,,0.0,0,0,0
2026-08-21T20:33:39+00:00,543,547027,Diarra,20,3,55,0,0,0,0,,False,0,0,0,0,0,0,9,8,9,8,0.1,a,,,,0.0,0,0,0
2026-08-21T20:33:39+00:00,544,84450,Xhaka,20,3,55,0,0,0,0,,False,0,0,0,0,0,0,228,341,228,341,4.4,a,,,,0.0,0,0,0
2026-08-21T20:33:39+00:00,545,577669,Sadiki,20,3,50,0,0,0,0,,False,0,0,0,0,0,0,39,40,39,40,0.4,a,,,,0.0,0,0,0
2026-08-21T20:33:39+00:00,546,535818,Adingra,20,3,50,0,0,0,0,,False,0,0,0,0,0,0,1,156,1,156,0.1,i,0,Ankle injury - Unknown return date,2026-08-20T14:00:08.416985Z,0.0,0,0,0
2026-08-21T20:33:39+00:00,547,461199,Mundle,20,3,50,0,0,0,0,,False,0,0,0,0,0,0,1,1,1,1,0.0,a,,,,0.0,0,0,0
2026-08-21T20:33:39+00:00,548,554197,Rigg,20,3,50,0,0,0,0,,False,0,0,0,0,0,0,4,2,4,2,0.1,a,,,,0.0,0,0,0
2026-08-21T20:33:39+00:00,549,549912,Talbi,20,3,55,0,0,0,0,,False,0,0,0,0,0,0,11,41,11,41,0.2,a,,,,0.0,0,0,0
2026-08-21T20:33:39+00:00,550,699989,Jocelin.T,20,3,50,0,0,0,0,,False,0,0,0,0,0,0,1,3,1,3,0.0,a,,,,0.0,0,0,0
2026-08-21T20:33:39+00:00,551,536661,Angulo,20,3,50,0,0,0,0,,False,0,0,0,0,0,0,7,9,7,9,0.1,a,,,,0.0,0,0,0
2026-08-21T20:33:39+00:00,552,441264,Brobbey,20,4,60,0,0,0,0,,False,0,0,0,0,0,0,899,840,899,840,14.3,a,,,,0.0,0,0,0
2026-08-21T20:33:39+00:00,553,437505,Isidor,20,4,55,0,0,0,0,,False,0,0,0,0,0,0,90,112,90,112,1.0,a,,,,0.0,0,0,0
2026-08-21T20:59:28+00:00,1,154561,Raya,1,1,60,0,0,0,0,,False,0,0,0,0,0,0,1915,1672,1915,1672,37.6,a,,,,6.0,6,6,90
2026-08-21T20:59:28+00:00,2,109745,Arrizabalaga,1,1,50,0,0,0,0,,False,0,0,0,0,0,0,19,74,19,74,0.1,a,,,,0.0,0,0,0
2026-08-21T20:59:28+00:00,3,437495,Meslier,1,1,50,0,0,0,0,,False,0,0,0,0,0,0,8,28,8,28,0.0,a,,,,0.0,0,0,0
2026-08-21T20:59:28+00:00,4,226597,Gabriel,1,2,80,0,0,0,0,,False,0,0,0,0,0,0,1748,3774,1748,3774,29.7,a,,,,5.0,5,5,90
2026-08-21T20:59:28+00:00,5,445122,J.Timber,1,2,65,0,0,0,0,,False,0,0,0,0,0,0,27,188,27,188,0.1,i,0,Groin injury - Unknown return date,2026-07-23T12:01:23.272929Z,0.0,0,0,0
2026-08-21T20:59:28+00:00,6,462424,Saliba,1,2,60,0,0,0,0,,False,0,0,0,0,0,0,68,476,68,476,0.3,i,0,Back injury - Unknown return date,2026-07-23T12:01:23.289376Z,0.0,0,0,0
2026-08-21T20:59:28+00:00,7,499169,Lewis-Skelly,1,3,55,0,0,0,0,,False,0,0,0,0,0,0,910,251,910,251,0.7,a,,,,3.0,3,3,90
2026-08-21T20:59:28+00:00,8,466075,Calafiori,1,2,55,0,0,0,0,,False,0,0,0,0,0,0,18028,1344,18028,1344,39.8,a,,,,9.0,9,9,80
2026-08-21T20:59:28+00:00,9,448104,Hincapie,1,2,55,0,0,0,0,,False,0,0,0,0,0,0,404,3151,404,3151,1.8,a,,,,1.0,1,1,9
2026-08-21T20:59:28+00:00,10,198869,White,1,2,55,0,0,0,0,,False,0,0,0,0,0,0,1824,639,1824,639,4.5,a,100,,2026-07-23T12:01:23.305229Z,11.0,11,11,90
2026-08-21T20:59:28+00:00,11,500040,Mosquera,1,2,55,0,0,0,0,,False,0,0,0,0,0,0,1603,1753,1603,1753,6.4,a,,,,6.0,6,6,90
2026-08-21T20:59:28+00:00,12,223340,Saka,1,3,95,0,0,0,0,,False,0,0,0,0,0,0,2569,565,2569,565,9.3,a,,,,9.0,9,9,67
2026-08-21T20:59:28+00:00,13,204480,Rice,1,3,75,0,0,0,0,,False,0,0,0,0,0,0,2603,4164,2603,4164,18.1,a,,,,3.0,3,3,67
2026-08-21T20:59:28+00:00,14,232413,Eze,1,3,65,0,0,0,0,,False,0,0,0,0,0,0,398,2321,398,2321,2.1,a,,,,1.0,1,1,14
2026-08-21T20:59:28+00:00,15,184029,Ødegaard,1,3,65,0,0,0,0,,False,0,0,0,0,0,0,5726,1364,5726,1364,8.1,a,,,,11.0,11,11,75
2026-08-21T20:59:28+00:00,16,248857,Madueke,1,3,65,0,0,0,0,,False,0,0,0,0,0,0,64,416,64,416,0.3,a,,,,1.0,1,1,22
2026-08-21T20:59:28+00:00,17,195384,Merino,1,3,60,0,0,0,0,,False,0,0,0,0,0,0,183,822,183,822,0.7,a,,,,1.0,1,1,14
2026-08-21T20:59:28+00:00,18,444145,Martinelli,1,3,65,0,0,0,0,,False,0,0,0,0,0,0,87,448,87,448,0.2,a,,,,0.0,0,0,0
2026-08-21T20:59:28+00:00,19,481655,Zubimendi,1,3,55,0,0,0,0,,False,0,0,0,0,0,0,107,914,107,914,1.2,a,,,,1.0,1,1,22
2026-08-21T20:59:28+00:00,20,616077,Dowman,1,3,55,0,0,0,0,,False,0,0,0,0,0,0,35,135,35,135,0.1,a,,,,0.0,0,0,0
2026-08-21T20:59:28+00:00,22,499175,Nwaneri,1,3,55,0,0,0,0,,False,0,0,0,0,0,0,6,20,6,20,0.0,a,,,,0.0,0,0,0
2026-08-21T20:59:28+00:00,23,438098,Fábio Vieira,1,3,55,0,0,0,0,,False,0,0,0,0,0,0,4,6,4,6,0.0,a,,,,0.0,0,0,0
2026-08-21T20:59:28+00:00,24,200641,Nelson,1,3,55,0,0,0,0,,False,0,0,0,0,0,0,3,5,3,5,0.0,a,,,,0.0,0,0,0
2026-08-21T20:59:28+00:00,25,224117,Gyökeres,1,4,75,0,0,0,0,,False,0,0,0,0,0,0,511,10342,511,10342,9.1,a,,,,0.0,0,0,0
2026-08-21T20:59:28+00:00,26,219847,Havertz,1,4,75,0,0,0,0,,False,0,0,0,0,0,0,9515,773,9515,773,5.4,a,,,,6.0,6,6,90
2026-08-21T20:59:28+00:00,27,205651,G.Jesus,1,4,60,0,0,0,0,,False,0,0,0,0,0,0,135,444,135,444,0.4,a,,,,0.0,0,0,0
2026-08-21T20:59:28+00:00,31,199798,Konsa,1,2,45,0,0,0,0,,False,0,0,0,0,0,0,3765,11977,3765,11977,13.3,a,,,,0.0,0,0,0
2026-08-21T20:59:28+00:00,452,208706,Bruno G.,1,3,70,0,0,0,0,,False,0,0,0,0,0,0,74,6716,74,6716,4.3,d,75,Thigh injury - 75% chance of playing,2026-08-20T17:00:08.846118Z,0.0,0,0,0
2026-08-21T20:59:28+00:00,557,439509,Tzolis,1,3,65,0,0,0,0,,False,0,0,0,0,0,0,12774,883,12774,883,25.2,a,,,,6.0,6,6,75
2026-08-21T20:59:28+00:00,28,98980,Martinez,2,1,50,0,0,0,0,,False,0,0,0,0,0,0,569,718,569,718,4.4,a,,,,0.0,0,0,0
2026-08-21T20:59:28+00:00,29,72147,M.Bizot,2,1,45,0,0,0,0,,False,0,0,0,0,0,0,26,13,26,13,0.1,a,,,,0.0,0,0,0
2026-08-21T20:59:28+00:00,30,101188,Digne,2,2,45,0,0,0,0,,False,0,0,0,0,0,0,0,427,0,427,0.1,u,0,Has joined Paris Saint-Germain permanently,2026-08-10T14:03:30.089007Z,0.0,0,0,0
2026-08-21T20:59:28+00:00,32,199796,Cash,2,2,45,0,0,0,0,,False,0,0,0,0,0,0,4558,652,4558,652,8.9,a,,,,0.0,0,0,0
2026-08-21T20:59:28+00:00,33,149484,Mings,2,2,45,0,0,0,0,,False,0,0,0,0,0,0,443,41,443,41,0.3,a,,,,0.0,0,0,0
2026-08-21T20:59:28+00:00,34,244954,Pau,2,2,45,0,0,0,0,,False,0,0,0,0,0,0,277,48,277,48,0.4,a,,,,0.0,0,0,0
2026-08-21T20:59:28+00:00,35,515597,Bogarde,2,3,50,0,0,0,0,,False,0,0,0,0,0,0,85,23,85,23,0.1,a,,,,0.0,0,0,0
2026-08-21T20:59:28+00:00,36,441302,Maatsen,2,2,45,0,0,0,0,,False,0,0,0,0,0,0,341,68,341,68,0.8,a,,,,0.0,0,0,0
2026-08-21T20:59:28+00:00,37,184667,Lindelöf,2,2,45,0,0,0,0,,False,0,0,0,0,0,0,221,42,221,42,0.3,a,,,,0.0,0,0,0
2026-08-21T20:59:28+00:00,38,606798,A.García,2,2,40,0,0,0,0,,False,0,0,0,0,0,0,547,199,547,199,1.8,a,,,,0.0,0,0,0
2026-08-21T20:59:28+00:00,39,578545,Nedeljkovic,2,2,40,0,0,0,0,,False,0,0,0,0,0,0,0,434,0,434,0.3,u,0,Has joined Rangers on loan for the rest of the season,2026-08-19T13:56:46.385411Z,0.0,0,0,0
2026-08-21T20:59:28+00:00,41,195546,Buendía,2,3,60,0,0,0,0,,False,0,0,0,0,0,0,273,200,273,200,1.4,a,,,,0.0,0,0,0
2026-08-21T20:59:28+00:00,44,215711,Bailey,2,3,55,0,0,0,0,,False,0,0,0,0,0,0,68,41,68,41,0.2,a,,,,0.0,0,0,0
2026-08-21T20:59:28+00:00,45,122806,McGinn,2,3,55,0,0,0,0,,False,0,0,0,0,0,0,479,368,479,368,3.3,a,,,,0.0,0,0,0
2026-08-21T20:59:28+00:00,46,88894,Barkley,2,3,50,0,0,0,0,,False,0,0,0,0,0,0,133,49,133,49,0.2,a,,,,0.0,0,0,0
2026-08-21T20:59:28+00:00,47,226944,Kamara,2,3,50,0,0,0,0,,False,0,0,0,0,0,0,211,94,211,94,0.4,a,100,,2026-07-23T12:01:23.337269Z,0.0,0,0,0
2026-08-21T20:59:28+00:00,48,449871,Onana,2,3,50,0,0,0,0,,False,0,0,0,0,0,0,9,20,9,20,0.0,i,0,Knee injury - Unknown return date,2026-07-23T12:01:23.352497Z,0.0,0,0,0
2026-08-21T20:59:28+00:00,49,469247,Iling Jr,2,3,50,0,0,0,0,,False,0,0,0,0,0,0,0,12,0,12,0.0,u,0,Has joined Bolton Wanderers on loan for the rest of the season,2026-08-17T13:52:28.532616Z,0.0,0,0,0
2026-08-21T20:59:28+00:00,50,645618,Burrowes,2,3,45,0,0,0,0,,False,0,0,0,0,0,0,217,96,217,96,0.7,a,,,,0.0,0,0,0
2026-08-21T20:59:28+00:00,51,577285,George Hemmings,2,3,45,0,0,0,0,,False,0,0,0,0,0,0,151,64,151,64,0.7,a,,,,0.0,0,0,0
2026-08-21T20:59:28+00:00,52,653481,Alysson,2,3,50,0,0,0,0,,False,0,0,0,0,0,0,20,7,20,7,0.0,a,,,,0.0,0,0,0
2026-08-21T20:59:28+00:00,53,614071,Manzambi,2,3,60,0,0,0,0,,False,0,0,0,0,0,0,17,548,17,548,0.3,i,0,Knee injury - Unknown return date,2026-08-15T15:30:06.388335Z,0.0,0,0,0
2026-08-21T20:59:28+00:00,54,448089,Gomes,2,3,55,0,0,0,0,,False,0,0,0,0,0,0,4,95,4,95,0.1,i,0,Calf injury - Unknown return date,2026-08-15T16:00:07.546807Z,0.0,0,0,0
2026-08-21T20:59:28+00:00,55,178301,Watkins,2,4,80,0,0,0,0,,False,0,0,0,0,0,0,556,1901,556,1901,10.2,a,,,,0.0,0,0,0
2026-08-21T20:59:28+00:00,56,173879,Abraham,2,4,55,0,0,0,0,,False,0,0,0,0,0,0,35,78,35,78,0.1,d,75,Knock - 75% chance of playing,2026-08-15T16:00:07.558543Z,0.0,0,0,0
2026-08-21T20:59:28+00:00,160,493105,Garnacho,2,3,60,0,0,0,0,,False,0,0,0,0,0,0,130,152,130,152,0.6,a,,,,0.0,0,0,0
2026-08-21T20:59:28+00:00,582,690838,Madjo,2,4,55,0,0,0,0,,False,0,0,0,0,0,0,73,254,73,254,0.5,i,0,Unspecified injury - Unknown return date,2026-08-15T16:00:07.974271Z,0.0,0,0,0
2026-08-21T20:59:28+00:00,596,487992,Ruggeri,2,2,45,0,0,0,0,,False,0,0,0,0,0,0,103,25,103,25,0.1,a,,,,0.0,0,0,0
2026-08-21T20:59:28+00:00,597,433969,Suzuki,2,1,50,0,0,0,0,,False,0,0,0,0,0,0,248,89,248,89,0.7,a,,,,0.0,0,0,0
2026-08-21T20:59:28+00:00,57,457569,Petrović,3,1,45,0,0,0,0,,False,0,0,0,0,0,0,278,153,278,153,3.2,a,,,,0.0,0,0,0
2026-08-21T20:59:28+00:00,58,40383,Forster,3,1,40,0,0,0,0,,False,0,0,0,0,0,0,209,121,209,121,3.2,a,,,,0.0,0,0,0
2026-08-21T20:59:28+00:00,59,444172,Dennis,3,1,40,0,0,0,0,,False,0,0,0,0,0,0,41,10,41,10,0.2,a,,,,0.0,0,0,0
2026-08-21T20:59:28+00:00,60,463981,Hill,3,2,55,0,0,0,0,,False,0,0,0,0,0,0,328,140,328,140,0.8,a,,,,0.0,0,0,0
2026-08-21T20:59:28+00:00,61,494521,Truffert,3,2,55,0,0,0,0,,False,0,0,0,0,0,0,571,410,571,410,4.4,a,,,,0.0,0,0,0
2026-08-21T20:59:28+00:00,62,242882,Diakité,3,2,50,0,0,0,0,,False,0,0,0,0,0,0,179,25,179,25,0.2,a,,,,0.0,0,0,0
2026-08-21T20:59:28+00:00,63,620487,Milosavljević,3,2,50,0,0,0,0,,False,0,0,0,0,0,0,4,14,4,14,0.0,i,0,Unspecified injury - Unknown return date,2026-08-06T10:00:10.456051Z,0.0,0,0,0
2026-08-21T20:59:28+00:00,64,54469,Smith,3,2,45,0,0,0,0,,False,0,0,0,0,0,0,80,9,80,9,0.1,a,,,,0.0,0,0,0
2026-08-21T20:59:28+00:00,65,436893,J.Araujo,3,2,45,0,0,0,0,,False,0,0,0,0,0,0,4,32,4,32,0.0,i,0,Thigh injury - Unknown return date,2026-08-09T08:00:05.645826Z,0.0,0,0,0
2026-08-21T20:59:28+00:00,66,575901,Soler,3,2,40,0,0,0,0,,False,0,0,0,0,0,0,33,59,33,59,0.2,d,75,Hamstring injury - 75% chance of playing,2026-08-15T16:30:07.021055Z,0.0,0,0,0
2026-08-21T20:59:28+00:00,67,499604,Rayan,3,3,65,0,0,0,0,,False,0,0,0,0,0,0,495,438,495,438,2.7,a,,,,0.0,0,0,0
2026-08-21T20:59:28+00:00,68,201658,Tavernier,3,3,60,0,0,0,0,,False,0,0,0,0,0,0,131,139,131,139,1.6,a,,,,0.0,0,0,0
2026-08-21T20:59:28+00:00,69,503139,Scott,3,3,60,0,0,0,0,,False,0,0,0,0,0,0,214,210,214,210,1.5,a,,,,0.0,0,0,0
2026-08-21T20:59:28+00:00,70,222683,Kluivert,3,3,60,0,0,0,0,,False,0,0,0,0,0,0,266,151,266,151,1.1,a,,,,0.0,0,0,0
2026-08-21T20:59:28+00:00,71,155408,Cook,3,3,50,0,0,0,0,,False,0,0,0,0,0,0,101,28,101,28,0.2,a,,,,0.0,0,0,0
2026-08-21T20:59:28+00:00,72,496208,Gannon-Doak,3,3,50,0,0,0,0,,False,0,0,0,0,0,0,29,17,29,17,0.1,a,,,,0.0,0,0,0
2026-08-21T20:59:28+00:00,73,200785,Adams,3,3,50,0,0,0,0,,False,0,0,0,0,0,0,18,159,18,159,0.2,d,75,Unspecified injury - 75% chance of playing,2026-08-15T16:30:07.029928Z,0.0,0,0,0
2026-08-21T20:59:28+00:00,74,111317,Brooks,3,3,50,0,0,0,0,,False,0,0,0,0,0,0,8,35,8,35,0.1,d,75,Unspecified injury - 75% chance of playing,2026-08-15T16:30:07.037929Z,0.0,0,0,0
2026-08-21T20:59:28+00:00,75,158499,Christie,3,3,50,0,0,0,0,,False,0,0,0,0,0,0,6,4,6,4,0.0,s,0,Suspended until 29 Aug,2026-07-24T17:30:10.035483Z,0.0,0,0,0
2026-08-21T20:59:28+00:00,76,614574,Tóth.A,3,3,50,0,0,0,0,,False,0,0,0,0,0,0,3,2,3,2,0.0,a,,,,0.0,0,0,0
2026-08-21T20:59:28+00:00,77,489888,Adli,3,3,50,0,0,0,0,,False,0,0,0,0,0,0,1,56,1,56,0.0,i,0,Unspecified injury - Unknown return date,2026-08-15T16:00:07.590566Z,0.0,0,0,0
2026-08-21T20:59:28+00:00,78,560262,Kroupi.Jr,3,3,75,0,0,0,0,,False,0,0,0,0,0,0,23,886,23,886,0.5,i,0,Foot injury - Unknown return date,2026-07-29T17:30:09.796802Z,0.0,0,0,0
2026-08-21T20:59:28+00:00,79,444102,Evanilson,3,4,60,0,0,0,0,,False,0,0,0,0,0,0,458,287,458,287,2.3,a,,,,0.0,0,0,0
2026-08-21T20:59:28+00:00,80,168636,Enes Ünal,3,4,55,0,0,0,0,,False,0,0,0,0,0,0,0,70,0,70,0.0,u,0,Has joined Getafe permanently,2026-08-14T14:14:21.881112Z,0.0,0,0,0
2026-08-21T20:59:28+00:00,81,561245,Rodríguez,3,4,60,0,0,0,0,,False,0,0,0,0,0,0,9,55,9,55,0.1,d,75,Unspecified injury - 75% chance of playing,2026-08-15T16:30:07.054142Z,0.0,0,0,0
2026-08-21T20:59:28+00:00,566,483067,Silva,3,2,50,0,0,0,0,,False,0,0,0,0,0,0,99,29,99,29,0.3,a,,,,0.0,0,0,0
2026-08-21T20:59:28+00:00,573,494928,Sanchez,3,2,45,0,0,0,0,,False,0,0,0,0,0,0,43,25,43,25,0.2,a,,,,0.0,0,0,0
2026-08-21T20:59:28+00:00,82,200720,Kelleher,4,1,50,0,0,0,0,,False,0,0,0,0,0,0,329,295,329,295,5.8,a,,,,0.0,0,0,0
2026-08-21T20:59:28+00:00,83,507433,Valdimarsson,4,1,45,0,0,0,0,,False,0,0,0,0,0,0,14,10,14,10,0.1,a,,,,0.0,0,0,0
2026-08-21T20:59:28+00:00,84,432830,Collins,4,2,55,0,0,0,0,,False,0,0,0,0,0,0,319,195,319,195,1.8,a,,,,0.0,0,0,0
2026-08-21T20:59:28+00:00,85,444765,Van den Berg,4,2,50,0,0,0,0,,False,0,0,0,0,0,0,15,225,15,225,0.2,i,0,Groin injury - Unknown return date,2026-08-15T15:30:06.416627Z,0.0,0,0,0
2026-08-21T20:59:28+00:00,86,249231,Lewis-Potter,4,3,55,0,0,0,0,,False,0,0,0,0,0,0,35,48,35,48,0.4,a,,,,0.0,0,0,0
2026-08-21T20:59:28+00:00,87,191866,Ajer,4,2,45,0,0,0,0,,False,0,0,0,0,0,0,595,135,595,135,3.6,a,,,,0.0,0,0,0
2026-08-21T20:59:28+00:00,88,607464,Kayode,4,2,45,0,0,0,0,,False,0,0,0,0,0,0,803,139,803,139,3.2,a,,,,0.0,0,0,0
2026-08-21T20:59:28+00:00,89,194010,Henry,4,2,45,0,0,0,0,,False,0,0,0,0,0,0,49,26,49,26,0.3,a,,,,0.0,0,0,0
2026-08-21T20:59:28+00:00,90,472713,Hickey,4,2,45,0,0,0,0,,False,0,0,0,0,0,0,39,9,39,9,0.1,a,,,,0.0,0,0,0
2026-08-21T20:59:28+00:00,91,231065,Pinnock,4,2,45,0,0,0,0,,False,0,0,0,0,0,0,25,8,25,8,0.1,a,,,,0.0,0,0,0
2026-08-21T20:59:28+00:00,92,570241,Ji-soo,4,2,45,0,0,0,0,,False,0,0,0,0,0,0,4,1,4,1,0.0,a,,,,0.0,0,0,0
2026-08-21T20:59:28+00:00,93,513086,Schuster,4,2,45,0,0,0,0,,False,0,0,0,0,0,0,6,18,6,18,0.2,a,,,,0.0,0,0,0
2026-08-21T20:59:28+00:00,94,513418,Schade,4,3,60,0,0,0,0,,False,0,0,0,0,0,0,272,218,272,218,3.7,a,,,,0.0,0,0,0
2026-08-21T20:59:28+00:00,95,533463,O.Dango,4,3,65,0,0,0,0,,False,0,0,0,0,0,0,84,150,84,150,1.2,a,,,,0.0,0,0,0
2026-08-21T20:59:28+00:00,96,440089,Damsgaard,4,3,55,0,0,0,0,,False,0,0,0,0,0,0,74,61,74,61,0.6,a,,,,0.0,0,0,0
2026-08-21T20:59:28+00:00,97,207283,Jensen,4,3,55,0,0,0,0,,False,0,0,0,0,0,0,9,16,9,16,0.2,a,,,,0.0,0,0,0
2026-08-21T20:59:28+00:00,98,204580,Janelt,4,3,50,0,0,0,0,,False,0,0,0,0,0,0,16,11,16,11,0.1,a,,,,0.0,0,0,0
2026-08-21T20:59:28+00:00,99,543295,Milambo,4,3,50,0,0,0,0,,False,0,0,0,0,0,0,0,5,0,5,0.0,i,0,Knee injury - Unknown return date,2026-07-23T12:01:23.384798Z,0.0,0,0,0
2026-08-21T20:59:28+00:00,100,244858,Carvalho,4,3,50,0,0,0,0,,False,0,0,0,0,0,0,3,10,3,10,0.0,d,75,Lack of match fitness - 75% chance of playing,2026-08-18T13:58:17.442072Z,0.0,0,0,0
2026-08-21T20:59:28+00:00,102,508395,Yarmoliuk,4,3,50,0,0,0,0,,False,0,0,0,0,0,0,46,97,46,97,1.4,a,,,,0.0,0,0,0
2026-08-21T20:59:28+00:00,103,183656,Dasilva,4,3,50,0,0,0,0,,False,0,0,0,0,0,0,5,5,5,5,0.0,a,,,,0.0,0,0,0
2026-08-21T20:59:28+00:00,105,444180,Anthony,4,3,60,0,0,0,0,,False,0,0,0,0,0,0,28,25,28,25,0.2,a,,,,0.0,0,0,0
2026-08-21T20:59:28+00:00,106,502500,Thiago,4,4,80,0,0,0,0,,False,0,0,0,0,0,0,1238,1691,1238,1691,17.0,a,,,,0.0,0,0,0
2026-08-21T20:59:28+00:00,107,593174,Furo,4,4,45,0,0,0,0,,False,0,0,0,0,0,0,283,137,283,137,0.9,a,,,,0.0,0,0,0
2026-08-21T20:59:28+00:00,108,75115,Wilson,4,4,55,0,0,0,0,,False,0,0,0,0,0,0,144,68,144,68,0.3,a,,,,0.0,0,0,0
2026-08-21T20:59:28+00:00,565,513545,M.Sangaré,4,3,55,0,0,0,0,,False,0,0,0,0,0,0,185,123,185,123,3.3,a,,,,0.0,0,0,0
2026-08-21T20:59:28+00:00,109,489639,Verbruggen,5,1,45,0,0,0,0,,False,0,0,0,0,0,0,944,607,944,607,22.1,a,,,,0.0,0,0,0
2026-08-21T20:59:28+00:00,111,49262,Steele,5,1,40,0,0,0,0,,False,0,0,0,0,0,0,213,140,213,140,4.2,a,,,,0.0,0,0,0
2026-08-21T20:59:28+00:00,113,231416,F.Kadıoğlu,5,2,45,0,0,0,0,,False,0,0,0,0,0,0,412,201,412,201,3.0,a,,,,0.0,0,0,0
2026-08-21T20:59:28+00:00,114,204120,Boscagli,5,2,45,0,0,0,0,,False,0,0,0,0,0,0,34,22,34,22,0.2,a,,,,0.0,0,0,0
2026-08-21T20:59:28+00:00,115,465730,De Cuyper,5,2,45,0,0,0,0,,False,0,0,0,0,0,0,224,122,224,122,1.7,a,,,,0.0,0,0,0
2026-08-21T20:59:28+00:00,116,83299,Dunk,5,2,45,0,0,0,0,,False,0,0,0,0,0,0,352,79,352,79,1.0,a,,,,0.0,0,0,0
2026-08-21T20:59:28+00:00,117,550090,Coppola,5,2,45,0,0,0,0,,False,0,0,0,0,0,0,5,1,5,1,0.0,a,,,,0.0,0,0,0
2026-08-21T20:59:28+00:00,118,223434,Igor,5,2,45,0,0,0,0,,False,0,0,0,0,0,0,40,12,40,12,0.1,a,,,,0.0,0,0,0
2026-08-21T20:59:28+00:00,119,451490,Costinha,5,2,45,0,0,0,0,,False,0,0,0,0,0,0,12,1,12,1,0.0,a,,,,0.0,0,0,0
2026-08-21T20:59:28+00:00,120,454490,Svoboda,5,2,50,0,0,0,0,,False,0,0,0,0,0,0,22,6,22,6,0.0,a,,,,0.0,0,0,0
2026-08-21T20:59:28+00:00,121,451340,Mitoma,5,3,60,0,0,0,0,,False,0,0,0,0,0,0,12,60,12,60,0.0,i,0,Hamstring injury - Unknown return date,2026-07-24T18:30:10.661894Z,0.0,0,0,0
2026-08-21T20:59:28+00:00,122,592031,Minteh,5,3,60,0,0,0,0,,False,0,0,0,0,0,0,11,195,11,195,0.1,i,0,Leg injury - Expected back 28 Nov,2026-08-14T18:00:06.418033Z,0.0,0,0,0
2026-08-21T20:59:28+00:00,123,532529,Hinshelwood,5,3,60,0,0,0,0,,False,0,0,0,0,0,0,20,47,20,47,0.4,a,,,,0.0,0,0,0
2026-08-21T20:59:28+00:00,124,60307,Groß,5,3,55,0,0,0,0,,False,0,0,0,0,0,0,950,632,950,632,14.6,a,,,,0.0,0,0,0
2026-08-21T20:59:28+00:00,125,463067,Georginio,5,4,55,0,0,0,0,,False,0,0,0,0,0,0,105,84,105,84,0.9,a,,,,0.0,0,0,0
2026-08-21T20:59:28+00:00,126,219249,O'Riley,5,3,55,0,0,0,0,,False,0,0,0,0,0,0,27,20,27,20,0.1,a,,,,0.0,0,0,0
2026-08-21T20:59:28+00:00,127,514254,Gomez,5,3,50,0,0,0,0,,False,0,0,0,0,0,0,446,232,446,232,4.0,a,,,,0.0,0,0,0
2026-08-21T20:59:28+00:00,128,536916,Buonanotte,5,3,50,0,0,0,0,,False,0,0,0,0,0,0,0,17,0,17,0.0,u,0,Has joined Elche on loan for the rest of the season,2026-08-10T14:03:07.561436Z,0.0,0,0,0
2026-08-21T20:59:28+00:00,129,509416,Ayari,5,3,55,0,0,0,0,,False,0,0,0,0,0,0,73,90,73,90,0.7,a,,,,0.0,0,0,0
2026-08-21T20:59:28+00:00,130,467779,Wieffer,5,2,50,0,0,0,0,,False,0,0,0,0,0,0,30,34,30,34,0.3,a,,,,0.0,0,0,0
2026-08-21T20:59:28+00:00,131,535301,Baleba,5,3,50,0,0,0,0,,False,0,0,0,0,0,0,190,131,190,131,0.2,i,0,Ankle injury - Expected back 23 Aug,2026-08-06T16:00:10.997714Z,0.0,0,0,0
2026-08-21T20:59:28+00:00,132,597320,Howell,5,3,45,0,0,0,0,,False,0,0,0,0,0,0,0,84,0,84,0.1,u,0,Has joined Leicester City on loan for the rest of the season,2026-08-17T13:53:19.019938Z,0.0,0,0,0
2026-08-21T20:59:28+00:00,133,549074,Watson,5,3,50,0,0,0,0,,False,0,0,0,0,0,0,0,2,0,2,0.0,u,0,Has joined Leicester City on loan for the rest of the season,2026-08-03T14:05:44.459483Z,0.0,0,0,0
2026-08-21T20:59:28+00:00,134,556637,Oriola,5,3,45,0,0,0,0,,False,0,0,0,0,0,0,88,36,88,36,0.3,a,,,,0.0,0,0,0
2026-08-21T20:59:28+00:00,135,700308,Yohanna,5,3,50,0,0,0,0,,False,0,0,0,0,0,0,20,10,20,10,0.1,a,,,,0.0,0,0,0
2026-08-21T20:59:28+00:00,137,608181,Tzimas,5,4,55,0,0,0,0,,False,0,0,0,0,0,0,3,11,3,11,0.0,i,0,Knee injury - Unknown return date,2026-07-23T12:01:23.432796Z,0.0,0,0,0
2026-08-21T20:59:28+00:00,138,647850,Kostoulas,5,4,55,0,0,0,0,,False,0,0,0,0,0,0,18,35,18,35,0.2,a,,,,0.0,0,0,0
2026-08-21T20:59:28+00:00,139,487117,Ferguson,5,4,50,0,0,0,0,,False,0,0,0,0,0,0,25,33,25,33,0.0,i,0,Ankle injury - Expected back 10 Oct,2026-07-23T12:01:23.448357Z,0.0,0,0,0
2026-08-21T20:59:28+00:00,328,222694,Struijk,5,2,50,0,0,0,0,,False,0,0,0,0,0,0,64,24,64,24,0.2,a,100,,2026-08-15T20:30:07.523574Z,0.0,0,0,0
2026-08-21T20:59:28+00:00,504,610799,Vuskovic,5,2,50,0,0,0,0,,False,0,0,0,0,0,0,361,139,361,139,2.5,a,,,,0.0,0,0,0
2026-08-21T20:59:28+00:00,594,538007,David,5,4,60,0,0,0,0,,False,0,0,0,0,0,0,83,48,83,48,0.2,a,,,,0.0,0,0,0
2026-08-21T20:59:28+00:00,600,612855,Osman,5,3,50,0,0,0,0,,False,0,0,0,0,0,0,5,3,5,3,0.0,a,,,,0.0,0,0,0
2026-08-21T20:59:28+00:00,40,244850,Rogers,6,3,75,0,0,0,0,,False,0,0,0,0,0,0,1743,1580,1743,1580,24.4,a,,,,0.0,0,0,0
2026-08-21T20:59:28+00:00,101,56979,Henderson,6,3,50,0,0,0,0,,False,0,0,0,0,0,0,15,27,15,27,0.0,d,75,Wrist injury - 75% chance of playing,2026-08-09T09:30:07.136250Z,0.0,0,0,0
2026-08-21T20:59:28+00:00,136,50175,Welbeck,6,4,60,0,0,0,0,,False,0,0,0,0,0,0,38,885,38,885,1.2,d,75,Unspecified injury - 75% chance of playing,2026-08-20T14:00:07.949090Z,0.0,0,0,0
2026-08-21T20:59:28+00:00,140,215059,Sánchez,6,1,50,0,0,0,0,,False,0,0,0,0,0,0,222,223,222,223,2.4,a,,,,0.0,0,0,0
2026-08-21T20:59:28+00:00,141,508479,Jörgensen,6,1,50,0,0,0,0,,False,0,0,0,0,0,0,0,41,0,41,0.0,u,0,Has joined RC Strasbourg on loan for the rest of the season,2026-08-12T14:07:02.607115Z,0.0,0,0,0
2026-08-21T20:59:28+00:00,142,225796,James,6,2,55,0,0,0,0,,False,0,0,0,0,0,0,3771,805,3771,805,10.0,a,,,,0.0,0,0,0
2026-08-21T20:59:28+00:00,143,180736,Chalobah,6,2,55,0,0,0,0,,False,0,0,0,0,0,0,0,606,0,606,0.2,u,0,Has joined Como permanently,2026-08-10T14:03:50.769483Z,0.0,0,0,0
2026-08-21T20:59:28+00:00,144,482609,Gusto,6,2,50,0,0,0,0,,False,0,0,0,0,0,0,723,171,723,171,1.1,a,,,,0.0,0,0,0
2026-08-21T20:59:28+00:00,145,444463,Fofana,6,2,50,0,0,0,0,,False,0,0,0,0,0,0,4,9,4,9,0.0,s,0,Suspended until 6 Sep,2026-07-23T12:01:23.464591Z,0.0,0,0,0
2026-08-21T20:59:28+00:00,146,242880,B.Badiashile,6,2,45,0,0,0,0,,False,0,0,0,0,0,0,25,8,25,8,0.0,a,,,,0.0,0,0,0
2026-08-21T20:59:28+00:00,147,109646,Tosin,6,2,45,0,0,0,0,,False,0,0,0,0,0,0,30,39,30,39,0.2,a,,,,0.0,0,0,0
2026-08-21T20:59:28+00:00,148,551210,Hato,6,2,45,0,0,0,0,,False,0,0,0,0,0,0,116,62,116,62,0.5,a,,,,0.0,0,0,0
2026-08-21T20:59:28+00:00,149,460028,Colwill,6,2,50,0,0,0,0,,False,0,0,0,0,0,0,582,169,582,169,1.6,a,,,,0.0,0,0,0
2026-08-21T20:59:28+00:00,150,574458,M.Sarr,6,2,45,0,0,0,0,,False,0,0,0,0,0,0,46,17,46,17,0.1,a,,,,0.0,0,0,0
2026-08-21T20:59:28+00:00,151,577016,Acheampong,6,2,45,0,0,0,0,,False,0,0,0,0,0,0,92,64,92,64,0.3,a,,,,0.0,0,0,0
2026-08-21T20:59:28+00:00,152,620109,Palestra,6,2,55,0,0,0,0,,False,0,0,0,0,0,0,502,229,502,229,3.0,a,,,,0.0,0,0,0
2026-08-21T20:59:28+00:00,153,220362,Disasi,6,2,45,0,0,0,0,,False,0,0,0,0,0,0,47,11,47,11,0.1,a,,,,0.0,0,0,0
2026-08-21T20:59:28+00:00,154,244851,Palmer,6,3,95,0,0,0,0,,False,0,0,0,0,0,0,514,814,514,814,10.4,a,,,,0.0,0,0,0
2026-08-21T20:59:28+00:00,155,448047,Enzo,6,3,70,0,0,0,0,,False,0,0,0,0,0,0,1048,825,1048,825,5.0,a,,,,0.0,0,0,0
2026-08-21T20:59:28+00:00,156,247632,Neto,6,3,65,0,0,0,0,,False,0,0,0,0,0,0,274,229,274,229,1.3,a,,,,0.0,0,0,0
2026-08-21T20:59:28+00:00,157,624773,Estêvão,6,3,65,0,0,0,0,,False,0,0,0,0,0,0,318,388,318,388,1.3,a,,,,0.0,0,0,0
2026-08-21T20:59:28+00:00,158,463936,Gittens,6,3,60,0,0,0,0,,False,0,0,0,0,0,0,11,16,11,16,0.0,a,,,,0.0,0,0,0
2026-08-21T20:59:28+00:00,159,486672,Caicedo,6,3,55,0,0,0,0,,False,0,0,0,0,0,0,845,516,845,516,3.9,a,,,,0.0,0,0,0
2026-08-21T20:59:28+00:00,161,514356,Lavia,6,3,50,0,0,0,0,,False,0,0,0,0,0,0,24,14,24,14,0.1,a,,,,0.0,0,0,0
2026-08-21T20:59:28+00:00,163,491007,D.Essugo,6,3,45,0,0,0,0,,False,0,0,0,0,0,0,88,55,88,55,0.2,a,,,,0.0,0,0,0
2026-08-21T20:59:28+00:00,164,593117,Quenda,6,3,55,0,0,0,0,,False,0,0,0,0,0,0,10,10,10,10,0.0,a,100,,2026-07-24T20:30:10.609931Z,0.0,0,0,0
2026-08-21T20:59:28+00:00,165,475168,João Pedro,6,4,75,0,0,0,0,,False,0,0,0,0,0,0,3942,1463,3942,1463,64.4,a,,,,0.0,0,0,0
2026-08-21T20:59:28+00:00,166,517052,N.Jackson,6,4,65,0,0,0,0,,False,0,0,0,0,0,0,106,138,106,138,0.3,a,,,,0.0,0,0,0
2026-08-21T20:59:28+00:00,167,463034,Delap,6,4,55,0,0,0,0,,False,0,0,0,0,0,0,104,142,104,142,0.5,a,,,,0.0,0,0,0
2026-08-21T20:59:28+00:00,168,499309,Marc Guiu,6,4,50,0,0,0,0,,False,0,0,0,0,0,0,155,121,155,121,0.5,a,,,,0.0,0,0,0
2026-08-21T20:59:28+00:00,169,567119,Mheuka,6,4,45,0,0,0,0,,False,0,0,0,0,0,0,133,93,133,93,0.3,a,,,,0.0,0,0,0
2026-08-21T20:59:28+00:00,170,503037,Emegha,6,4,50,0,0,0,0,,False,0,0,0,0,0,0,119,49,119,49,0.1,a,100,,2026-07-24T20:30:10.622380Z,0.0,0,0,0
2026-08-21T20:59:28+00:00,200,437499,Lacroix,6,2,60,0,0,0,0,,False,0,0,0,0,0,0,1152,1062,1152,1062,8.9,a,,,,0.0,0,0,0
2026-08-21T20:59:28+00:00,560,549939,Penders,6,1,45,0,0,0,0,,False,0,0,0,0,0,0,13,13,13,13,0.1,a,,,,0.0,0,0,0
2026-08-21T20:59:28+00:00,561,622758,Anselmino,6,2,45,0,0,0,0,,False,0,0,0,0,0,0,15,3,15,3,0.0,a,,,,0.0,0,0,0
2026-08-21T20:59:28+00:00,568,543158,Barco,6,3,55,0,0,0,0,,False,0,0,0,0,0,0,17,23,17,23,0.1,a,,,,0.0,0,0,0
2026-08-21T20:59:28+00:00,578,465920,Mudryk,6,3,55,0,0,0,0,,False,0,0,0,0,0,0,10,15,10,15,0.0,a,,,,0.0,0,0,0
2026-08-21T20:59:28+00:00,583,498444,Chavarria,6,2,50,0,0,0,0,,False,0,0,0,0,0,0,59,41,59,41,0.2,a,,,,0.0,0,0,0
2026-08-21T20:59:28+00:00,104,428580,Onyeka,7,3,50,0,0,0,0,,False,0,0,0,0,0,0,85,39,85,39,0.2,a,,,,2.0,2,2,90
2026-08-21T20:59:28+00:00,110,472739,Rushworth,7,1,45,0,0,0,0,,False,0,0,0,0,0,0,237,83,237,83,1.1,a,,,,1.0,1,1,90
2026-08-21T20:59:28+00:00,171,484389,Dovin,7,1,40,0,0,0,0,,False,0,0,0,0,0,0,51,139,51,139,1.6,a,,,,0.0,0,0,0
2026-08-21T20:59:28+00:00,172,110690,Wilson,7,1,45,0,0,0,0,,False,0,0,0,0,0,0,14,96,14,96,0.5,a,,,,0.0,0,0,0
2026-08-21T20:59:28+00:00,173,461102,Thomas,7,2,40,0,0,0,0,,False,0,0,0,0,0,0,905,291,905,291,8.1,a,,,,1.0,1,1,90
2026-08-21T20:59:28+00:00,174,436761,Kitching,7,2,40,0,0,0,0,,False,0,0,0,0,0,0,33,91,33,91,0.7,a,,,,0.0,0,0,0
2026-08-21T20:59:28+00:00,175,451284,van Ewijk,7,2,40,0,0,0,0,,False,0,0,0,0,0,0,1798,563,1798,563,14.0,a,,,,1.0,1,1,90
2026-08-21T20:59:28+00:00,176,173878,Dasilva,7,2,40,0,0,0,0,,False,0,0,0,0,0,0,167,74,167,74,0.8,a,,,,1.0,1,1,90
2026-08-21T20:59:28+00:00,177,465390,Kesler-Hayden,7,2,40,0,0,0,0,,False,0,0,0,0,0,0,13,12,13,12,0.1,a,,,,0.0,0,0,0
2026-08-21T20:59:28+00:00,178,80178,Bidwell,7,2,40,0,0,0,0,,False,0,0,0,0,0,0,199,25,199,25,0.1,a,,,,0.0,0,0,0
2026-08-21T20:59:28+00:00,179,204813,Latibeaudiere,7,2,40,0,0,0,0,,False,0,0,0,0,0,0,10,12,10,12,0.0,a,,,,0.0,0,0,0
2026-08-21T20:59:28+00:00,180,220583,Woolfenden,7,2,40,0,0,0,0,,False,0,0,0,0,0,0,39,38,39,38,0.2,a,,,,0.0,0,0,0
2026-08-21T20:59:28+00:00,181,577411,Brau,7,2,40,0,0,0,0,,False,0,0,0,0,0,0,7,12,7,12,0.0,a,,,,0.0,0,0,0
2026-08-21T20:59:28+00:00,182,539142,Amenda,7,2,40,0,0,0,0,,False,0,0,0,0,0,0,178,81,178,81,0.9,a,,,,1.0,1,1,90
2026-08-21T20:59:28+00:00,183,480457,Rudoni,7,3,50,0,0,0,0,,False,0,0,0,0,0,0,39,40,39,40,0.1,a,100,,2026-07-23T12:01:23.481435Z,1.0,1,1,20
2026-08-21T20:59:28+00:00,184,168144,Grimes,7,3,50,0,0,0,0,,False,0,0,0,0,0,0,206,34,206,34,0.2,a,,,,2.0,2,2,90
2026-08-21T20:59:28+00:00,185,501459,Sakamoto,7,3,50,0,0,0,0,,False,0,0,0,0,0,0,15,38,15,38,0.1,a,,,,0.0,0,0,0
2026-08-21T20:59:28+00:00,186,241293,Mason-Clark,7,3,55,0,0,0,0,,False,0,0,0,0,0,0,19,60,19,60,0.1,a,100,,2026-08-19T18:00:08.310507Z,0.0,0,0,0
2026-08-21T20:59:28+00:00,187,439668,Eccles,7,3,50,0,0,0,0,,False,0,0,0,0,0,0,5,6,5,6,0.0,a,,,,0.0,0,0,0
2026-08-21T20:59:28+00:00,188,226965,Torp,7,3,55,0,0,0,0,,False,0,0,0,0,0,0,9,53,9,53,0.2,a,,,,1.0,1,1,28
2026-08-21T20:59:28+00:00,189,684268,Shepherd,7,3,45,0,0,0,0,,False,0,0,0,0,0,0,82,72,82,72,0.3,a,,,,0.0,0,0,0
2026-08-21T20:59:28+00:00,190,469272,Tchaouna,7,3,55,0,0,0,0,,False,0,0,0,0,0,0,90,20,90,20,0.1,a,,,,2.0,2,2,81
2026-08-21T20:59:28+00:00,191,492498,Borges Rodrigues,7,3,45,0,0,0,0,,False,0,0,0,0,0,0,34,28,34,28,0.2,a,,,,0.0,0,0,0
2026-08-21T20:59:28+00:00,192,629397,Andrews,7,3,45,0,0,0,0,,False,0,0,0,0,0,0,165,143,165,143,0.7,a,,,,0.0,0,0,0
2026-08-21T20:59:28+00:00,193,176412,Wright,7,4,55,0,0,0,0,,False,0,0,0,0,0,0,9,323,9,323,0.2,i,0,Thigh injury - Unknown return date,2026-08-14T22:00:07.214508Z,0.0,0,0,0
2026-08-21T20:59:28+00:00,194,230730,Thomas-Asante,7,4,50,0,0,0,0,,False,0,0,0,0,0,0,671,125,671,125,0.8,a,,,,2.0,2,2,69
2026-08-21T20:59:28+00:00,195,218997,Simms,7,4,50,0,0,0,0,,False,0,0,0,0,0,0,708,142,708,142,0.9,a,,,,2.0,2,2,69
2026-08-21T20:59:28+00:00,196,551262,Markelo,7,4,50,0,0,0,0,,False,0,0,0,0,0,0,0,40,0,40,0.0,u,0,Has joined Shabab Al-Ahli Dubai permanently,2026-08-17T13:53:55.791223Z,0.0,0,0,0
2026-08-21T20:59:28+00:00,197,549653,Bassette,7,4,45,0,0,0,0,,False,0,0,0,0,0,0,0,47,0,47,0.1,u,0,Has joined KVC Westerlo on loan for the rest of the season,2026-07-28T12:58:50.001768Z,0.0,0,0,0
2026-08-21T20:59:28+00:00,492,210156,Awoniyi,7,4,55,0,0,0,0,,False,0,0,0,0,0,0,168,215,168,215,0.9,a,,,,1.0,1,1,20
2026-08-21T20:59:28+00:00,575,661888,Yirenkyi,7,3,50,0,0,0,0,,False,0,0,0,0,0,0,85,57,85,57,0.3,a,,,,1.0,1,1,61
2026-08-21T20:59:28+00:00,584,196100,Hamer,7,3,55,0,0,0,0,,False,0,0,0,0,0,0,21,48,21,48,0.1,a,,,,1.0,1,1,8
2026-08-21T20:59:28+00:00,599,627221,Cherif,7,4,50,0,0,0,0,,False,0,0,0,0,0,0,78,56,78,56,0.1,a,,,,0.0,0,0,0
2026-08-21T20:59:28+00:00,42,485337,Guessand,8,3,55,0,0,0,0,,False,0,0,0,0,0,0,19,12,19,12,0.0,a,,,,0.0,0,0,0
2026-08-21T20:59:28+00:00,198,172649,Henderson,8,1,50,0,0,0,0,,False,0,0,0,0,0,0,38,942,38,942,1.9,d,75,Ankle injury - 75% chance of playing,2026-08-20T14:00:08.018379Z,0.0,0,0,0
2026-08-21T20:59:28+00:00,199,121709,Benitez,8,1,45,0,0,0,0,,False,0,0,0,0,0,0,34,16,34,16,0.1,a,,,,0.0,0,0,0
2026-08-21T20:59:28+00:00,201,247348,Muñoz,8,2,55,0,0,0,0,,False,0,0,0,0,0,0,1809,948,1809,948,9.8,a,,,,0.0,0,0,0
2026-08-21T20:59:28+00:00,202,427623,Richards,8,2,50,0,0,0,0,,False,0,0,0,0,0,0,164,80,164,80,0.7,a,,,,0.0,0,0,0
2026-08-21T20:59:28+00:00,203,651426,Canvot,8,2,50,0,0,0,0,,False,0,0,0,0,0,0,35,47,35,47,0.3,a,,,,0.0,0,0,0
2026-08-21T20:59:28+00:00,204,244723,Mitchell,8,2,45,0,0,0,0,,False,0,0,0,0,0,0,576,352,576,352,6.5,a,,,,0.0,0,0,0
2026-08-21T20:59:28+00:00,205,218364,Sosa,8,2,45,0,0,0,0,,False,0,0,0,0,0,0,9,4,9,4,0.0,a,,,,0.0,0,0,0
2026-08-21T20:59:28+00:00,206,515621,Chadi Riad,8,2,45,0,0,0,0,,False,0,0,0,0,0,0,48,14,48,14,0.1,a,,,,0.0,0,0,0
2026-08-21T20:59:28+00:00,207,242313,Mingueza,8,2,45,0,0,0,0,,False,0,0,0,0,0,0,12,13,12,13,0.1,a,,,,0.0,0,0,0
2026-08-21T20:59:28+00:00,208,232185,Sarr,8,3,65,0,0,0,0,,False,0,0,0,0,0,0,379,921,379,921,4.7,a,,,,0.0,0,0,0
2026-08-21T20:59:28+00:00,210,496221,Wharton,8,3,55,0,0,0,0,,False,0,0,0,0,0,0,155,127,155,127,0.9,a,100,,2026-07-23T12:01:23.498963Z,0.0,0,0,0
2026-08-21T20:59:28+00:00,211,488024,Yeremy,8,3,55,0,0,0,0,,False,0,0,0,0,0,0,15,19,15,19,0.2,a,,,,0.0,0,0,0
2026-08-21T20:59:28+00:00,212,108413,Hughes,8,3,45,0,0,0,0,,False,0,0,0,0,0,0,1554,596,1554,596,12.2,a,,,,0.0,0,0,0
2026-08-21T20:59:28+00:00,213,152551,Lerma,8,3,50,0,0,0,0,,False,0,0,0,0,0,0,18,20,18,20,0.1,a,,,,0.0,0,0,0
2026-08-21T20:59:28+00:00,214,209400,Kamada,8,3,50,0,0,0,0,,False,0,0,0,0,0,0,55,44,55,44,0.3,a,,,,0.0,0,0,0
2026-08-21T20:59:28+00:00,215,489706,Devenny,8,3,50,0,0,0,0,,False,0,0,0,0,0,0,4,4,4,4,0.0,a,,,,0.0,0,0,0
2026-08-21T20:59:28+00:00,216,606921,Esse,8,3,50,0,0,0,0,,False,0,0,0,0,0,0,12,10,12,10,0.0,a,,,,0.0,0,0,0
2026-08-21T20:59:28+00:00,217,536694,M.França,8,3,50,0,0,0,0,,False,0,0,0,0,0,0,1,4,1,4,0.0,a,,,,0.0,0,0,0
2026-08-21T20:59:28+00:00,218,438464,Doucouré,8,3,50,0,0,0,0,,False,0,0,0,0,0,0,20,15,20,15,0.1,a,,,,0.0,0,0,0
2026-08-21T20:59:28+00:00,219,450542,J.Rak-Sakyi,8,3,50,0,0,0,0,,False,0,0,0,0,0,0,1,2,1,2,0.0,a,,,,0.0,0,0,0
2026-08-21T20:59:28+00:00,220,590014,Cardines,8,2,45,0,0,0,0,,False,0,0,0,0,0,0,0,4,0,4,0.0,u,0,Has joined Bristol City on loan for the rest of the season,2026-08-12T14:08:46.501813Z,0.0,0,0,0
2026-08-21T20:59:28+00:00,221,672492,Drakes-Thomas,8,3,45,0,0,0,0,,False,0,0,0,0,0,0,31,15,31,15,0.1,a,,,,0.0,0,0,0
2026-08-21T20:59:28+00:00,222,247412,Strand Larsen,8,4,60,0,0,0,0,,False,0,0,0,0,0,0,56,88,56,88,0.6,a,,,,0.0,0,0,0
2026-08-21T20:59:28+00:00,223,231747,Mateta,8,4,65,0,0,0,0,,False,0,0,0,0,0,0,757,818,757,818,5.7,a,,,,0.0,0,0,0
2026-08-21T20:59:28+00:00,224,205533,Nketiah,8,4,55,0,0,0,0,,False,0,0,0,0,0,0,87,78,87,78,0.5,a,,,,0.0,0,0,0
2026-08-21T20:59:28+00:00,225,660392,Uche,8,4,50,0,0,0,0,,False,0,0,0,0,0,0,0,0,0,0,0.0,u,0,has returned to Getafe CF,2026-07-23T12:18:56.275922Z,0.0,0,0,0
2026-08-21T20:59:28+00:00,241,433154,McNeil,8,3,55,0,0,0,0,,False,0,0,0,0,0,0,12,26,12,26,0.2,a,,,,0.0,0,0,0
2026-08-21T20:59:28+00:00,555,169593,Matthews,8,1,40,0,0,0,0,,False,0,0,0,0,0,0,207,89,207,89,1.8,a,,,,0.0,0,0,0
2026-08-21T20:59:28+00:00,577,223723,Tomiyasu,8,2,45,0,0,0,0,,False,0,0,0,0,0,0,67,34,67,34,0.4,a,,,,0.0,0,0,0
2026-08-21T20:59:28+00:00,588,570794,Khalaili,8,2,50,0,0,0,0,,False,0,0,0,0,0,0,21,14,21,14,0.1,a,,,,0.0,0,0,0
2026-08-21T20:59:28+00:00,595,559152,Gozo,8,3,50,0,0,0,0,,False,0,0,0,0,0,0,8,3,8,3,0.0,a,,,,0.0,0,0,0
2026-08-21T20:59:28+00:00,21,128295,Nørgaard,9,3,50,0,0,0,0,,False,0,0,0,0,0,0,5,133,5,133,0.1,i,0,Unspecified injury - Unknown return date,2026-08-15T20:00:06.779594Z,0.0,0,0,0
2026-08-21T20:59:28+00:00,209,242898,Johnson,9,3,60,0,0,0,0,,False,0,0,0,0,0,0,20,33,20,33,0.2,a,,,,0.0,0,0,0
2026-08-21T20:59:28+00:00,226,111234,Pickford,9,1,55,0,0,0,0,,False,0,0,0,0,0,0,662,636,662,636,7.9,a,,,,0.0,0,0,0
2026-08-21T20:59:28+00:00,227,229600,Travers,9,1,50,0,0,0,0,,False,0,0,0,0,0,0,2,4,2,4,0.0,a,,,,0.0,0,0,0
2026-08-21T20:59:28+00:00,228,138001,King,9,1,45,0,0,0,0,,False,0,0,0,0,0,0,18,5,18,5,0.0,a,,,,0.0,0,0,0
2026-08-21T20:59:28+00:00,229,17761,Tarkowski,9,2,60,0,0,0,0,,False,0,0,0,0,0,0,644,769,644,769,8.6,a,,,,0.0,0,0,0
2026-08-21T20:59:28+00:00,230,480455,Branthwaite,9,2,55,0,0,0,0,,False,0,0,0,0,0,0,335,220,335,220,1.6,a,,,,0.0,0,0,0
2026-08-21T20:59:28+00:00,231,106611,Keane,9,2,50,0,0,0,0,,False,0,0,0,0,0,0,208,121,208,121,1.7,a,,,,0.0,0,0,0
2026-08-21T20:59:28+00:00,232,512462,O'Brien,9,2,50,0,0,0,0,,False,0,0,0,0,0,0,72,49,72,49,0.5,a,,,,0.0,0,0,0
2026-08-21T20:59:28+00:00,233,224967,Mykolenko,9,2,45,0,0,0,0,,False,0,0,0,0,0,0,182,146,182,146,1.5,a,,,,0.0,0,0,0
2026-08-21T20:59:28+00:00,234,243571,Patterson,9,2,45,0,0,0,0,,False,0,0,0,0,0,0,12,6,12,6,0.0,a,,,,0.0,0,0,0
2026-08-21T20:59:28+00:00,235,499300,Aznou,9,2,40,0,0,0,0,,False,0,0,0,0,0,0,54,19,54,19,0.2,a,,,,0.0,0,0,0
2026-08-21T20:59:28+00:00,236,215413,Dewsbury-Hall,9,3,65,0,0,0,0,,False,0,0,0,0,0,0,204,446,204,446,3.2,a,,,,0.0,0,0,0
2026-08-21T20:59:28+00:00,237,440993,Ndiaye,9,3,60,0,0,0,0,,False,0,0,0,0,0,0,1133,1135,1133,1135,16.0,a,,,,0.0,0,0,0
2026-08-21T20:59:28+00:00,239,232928,Garner,9,3,60,0,0,0,0,,False,0,0,0,0,0,0,10,93,10,93,0.1,d,25,Groin injury - 25% chance of playing,2026-07-25T14:30:10.455878Z,0.0,0,0,0
2026-08-21T20:59:28+00:00,240,490094,Iroegbunam,9,3,50,0,0,0,0,,False,0,0,0,0,0,0,0,15,0,15,0.0,i,0,Thigh injury - Unknown return date,2026-08-15T20:00:06.878792Z,0.0,0,0,0
2026-08-21T20:59:28+00:00,242,550615,George,9,3,55,0,0,0,0,,False,0,0,0,0,0,0,28,33,28,33,0.3,a,,,,0.0,0,0,0
2026-08-21T20:59:28+00:00,243,502697,Alcaraz,9,3,50,0,0,0,0,,False,0,0,0,0,0,0,57,23,57,23,0.1,a,,,,0.0,0,0,0
2026-08-21T20:59:28+00:00,244,609873,Armstrong,9,3,50,0,0,0,0,,False,0,0,0,0,0,0,32,13,32,13,0.1,a,,,,0.0,0,0,0
2026-08-21T20:59:28+00:00,245,496661,Dibling,9,3,55,0,0,0,0,,False,0,0,0,0,0,0,5,15,5,15,0.0,a,,,,0.0,0,0,0
2026-08-21T20:59:28+00:00,246,513466,Röhl,9,3,50,0,0,0,0,,False,0,0,0,0,0,0,9,5,9,5,0.1,a,,,,0.0,0,0,0
2026-08-21T20:59:28+00:00,247,244860,Hackney,9,3,55,0,0,0,0,,False,0,0,0,0,0,0,21,39,21,39,0.3,a,,,,0.0,0,0,0
2026-08-21T20:59:28+00:00,248,486385,Beto,9,4,55,0,0,0,0,,False,0,0,0,0,0,0,360,371,360,371,2.8,a,,,,0.0,0,0,0
2026-08-21T20:59:28+00:00,249,586309,Barry,9,4,55,0,0,0,0,,False,0,0,0,0,0,0,251,186,251,186,1.3,a,,,,0.0,0,0,0
2026-08-21T20:59:28+00:00,250,80201,Leno,10,1,45,0,0,0,0,,False,0,0,0,0,0,0,276,149,276,149,3.1,a,,,,0.0,0,0,0
2026-08-21T20:59:28+00:00,251,86873,Lecomte,10,1,40,0,0,0,0,,False,0,0,0,0,0,0,45,70,45,70,1.2,a,,,,0.0,0,0,0
2026-08-21T20:59:28+00:00,252,505079,McNally,10,1,40,0,0,0,0,,False,0,0,0,0,0,0,23,11,23,11,0.2,a,,,,0.0,0,0,0
2026-08-21T20:59:28+00:00,253,174874,Andersen,10,2,50,0,0,0,0,,False,0,0,0,0,0,0,6,15,6,15,0.0,s,0,Suspended until 30 Aug,2026-07-23T12:01:23.516350Z,0.0,0,0,0
2026-08-21T20:59:28+00:00,254,169528,Robinson,10,2,45,0,0,0,0,,False,0,0,0,0,0,0,493,118,493,118,1.7,a,,,,0.0,0,0,0
2026-08-21T20:59:28+00:00,255,246301,J.Cuenca,10,2,45,0,0,0,0,,False,0,0,0,0,0,0,11,3,11,3,0.0,a,,,,0.0,0,0,0
2026-08-21T20:59:28+00:00,256,167074,Tete,10,2,45,0,0,0,0,,False,0,0,0,0,0,0,25,30,25,30,0.3,a,,,,0.0,0,0,0
2026-08-21T20:59:28+00:00,257,232892,Bassey,10,2,45,0,0,0,0,,False,0,0,0,0,0,0,296,72,296,72,0.7,a,,,,0.0,0,0,0
2026-08-21T20:59:28+00:00,258,166477,Castagne,10,2,45,0,0,0,0,,False,0,0,0,0,0,0,43,30,43,30,0.3,a,,,,0.0,0,0,0
2026-08-21T20:59:28+00:00,261,153133,Iwobi,10,3,55,0,0,0,0,,False,0,0,0,0,0,0,98,118,98,118,1.0,a,,,,0.0,0,0,0
2026-08-21T20:59:28+00:00,262,209289,Smith Rowe,10,3,55,0,0,0,0,,False,0,0,0,0,0,0,42,49,42,49,0.4,a,,,,0.0,0,0,0
2026-08-21T20:59:28+00:00,263,560552,Kevin,10,3,55,0,0,0,0,,False,0,0,0,0,0,0,11,14,11,14,0.1,a,,,,0.0,0,0,0
2026-08-21T20:59:28+00:00,264,477555,Bobb,10,3,55,0,0,0,0,,False,0,0,0,0,0,0,49,54,49,54,0.3,a,,,,0.0,0,0,0
2026-08-21T20:59:28+00:00,265,207189,Berge,10,3,50,0,0,0,0,,False,0,0,0,0,0,0,73,52,73,52,0.4,a,,,,0.0,0,0,0
2026-08-21T20:59:28+00:00,266,76357,Cairney,10,3,50,0,0,0,0,,False,0,0,0,0,0,0,1,3,1,3,0.0,i,0,Knee injury - Expected back 10 Oct,2026-08-14T18:00:06.460944Z,0.0,0,0,0
2026-08-21T20:59:28+00:00,268,577725,King,10,3,55,0,0,0,0,,False,0,0,0,0,0,0,4,20,4,20,0.2,a,,,,0.0,0,0,0
2026-08-21T20:59:28+00:00,269,184349,Sessegnon,10,2,45,0,0,0,0,,False,0,0,0,0,0,0,57,21,57,21,0.5,a,,,,0.0,0,0,0
2026-08-21T20:59:28+00:00,270,153366,Reed,10,3,45,0,0,0,0,,False,0,0,0,0,0,0,569,186,569,186,1.6,a,,,,0.0,0,0,0
2026-08-21T20:59:28+00:00,271,244042,Muniz,10,4,55,0,0,0,0,,False,0,0,0,0,0,0,92,106,92,106,0.6,a,,,,0.0,0,0,0
2026-08-21T20:59:28+00:00,272,631786,Kusi-Asare,10,4,45,0,0,0,0,,False,0,0,0,0,0,0,887,413,887,413,7.5,a,,,,0.0,0,0,0
2026-08-21T20:59:28+00:00,569,551466,Gonzalo,10,4,60,0,0,0,0,,False,0,0,0,0,0,0,383,229,383,229,2.0,a,,,,0.0,0,0,0
2026-08-21T20:59:28+00:00,570,571779,Palacios,10,3,55,0,0,0,0,,False,0,0,0,0,0,0,16,23,16,23,0.2,a,,,,0.0,0,0,0
2026-08-21T20:59:28+00:00,580,463210,Charles,10,3,50,0,0,0,0,,False,0,0,0,0,0,0,14,21,14,21,0.1,a,,,,0.0,0,0,0
2026-08-21T20:59:28+00:00,273,167825,Phillips,11,1,40,0,0,0,0,,False,0,0,0,0,0,0,98,99,98,99,1.6,a,,,,0.0,0,0,0
2026-08-21T20:59:28+00:00,274,105666,Butland,11,1,45,0,0,0,0,,False,0,0,0,0,0,0,7,85,7,85,0.1,i,0,Arm injury - Unknown return date,2026-08-08T19:00:05.601633Z,0.0,0,0,0
2026-08-21T20:59:28+00:00,275,494950,Cartwright,11,1,40,0,0,0,0,,False,0,0,0,0,0,0,0,7,0,7,0.0,u,0,Has joined Grimsby Town on loan for the rest of the season,2026-07-29T13:00:27.959925Z,0.0,0,0,0
2026-08-21T20:59:28+00:00,276,444307,Lo-Tutala,11,1,40,0,0,0,0,,False,0,0,0,0,0,0,0,28,0,28,0.0,u,0,Has joined Colchester United on loan for the rest of the season,2026-08-17T13:50:27.125537Z,0.0,0,0,0
2026-08-21T20:59:28+00:00,277,108416,Egan,11,2,40,0,0,0,0,,False,0,0,0,0,0,0,104,101,104,101,1.5,a,,,,0.0,0,0,0
2026-08-21T20:59:28+00:00,278,501902,Hughes,11,2,40,0,0,0,0,,False,0,0,0,0,0,0,6,88,6,88,0.1,i,0,Groin injury - Unknown return date,2026-08-02T09:00:11.030017Z,0.0,0,0,0
2026-08-21T20:59:28+00:00,279,146426,Ajayi,11,2,40,0,0,0,0,,False,0,0,0,0,0,0,136,87,136,87,1.0,a,,,,0.0,0,0,0
2026-08-21T20:59:28+00:00,280,193278,Coyle,11,2,40,0,0,0,0,,False,0,0,0,0,0,0,31,66,31,66,0.7,a,,,,0.0,0,0,0
2026-08-21T20:59:28+00:00,281,433590,Drameh,11,2,40,0,0,0,0,,False,0,0,0,0,0,0,6,6,6,6,0.0,a,100,,2026-08-08T19:00:05.613036Z,0.0,0,0,0
2026-08-21T20:59:28+00:00,282,232351,Giles,11,2,40,0,0,0,0,,False,0,0,0,0,0,0,32,52,32,52,0.8,a,,,,0.0,0,0,0
2026-08-21T20:59:28+00:00,283,449428,Jacob,11,2,40,0,0,0,0,,False,0,0,0,0,0,0,3,14,3,14,0.0,i,0,Hip injury - Expected back 29 Aug,2026-08-02T09:00:11.038361Z,0.0,0,0,0
2026-08-21T20:59:28+00:00,284,661800,McCarthy,11,2,40,0,0,0,0,,False,0,0,0,0,0,0,11,14,11,14,0.1,a,,,,0.0,0,0,0
2026-08-21T20:59:28+00:00,285,160817,McNair,11,2,40,0,0,0,0,,False,0,0,0,0,0,0,12,3,12,3,0.1,a,,,,0.0,0,0,0
2026-08-21T20:59:28+00:00,286,540324,Belloumi,11,3,50,0,0,0,0,,False,0,0,0,0,0,0,86,46,86,46,0.5,a,,,,0.0,0,0,0
2026-08-21T20:59:28+00:00,287,232905,Millar,11,3,50,0,0,0,0,,False,0,0,0,0,0,0,4,16,4,16,0.1,a,,,,0.0,0,0,0
2026-08-21T20:59:28+00:00,288,171270,Dowell,11,3,45,0,0,0,0,,False,0,0,0,0,0,0,84,50,84,50,0.4,a,,,,0.0,0,0,0
2026-08-21T20:59:28+00:00,289,101282,Crooks,11,3,45,0,0,0,0,,False,0,0,0,0,0,0,159,76,159,76,0.7,a,,,,0.0,0,0,0
2026-08-21T20:59:28+00:00,290,243413,Slater,11,3,45,0,0,0,0,,False,0,0,0,0,0,0,551,188,551,188,3.1,a,,,,0.0,0,0,0
2026-08-21T20:59:28+00:00,291,465525,Matazo,11,3,45,0,0,0,0,,False,0,0,0,0,0,0,1,2,1,2,0.0,i,0,Knee injury - Unknown return date,2026-07-23T12:01:23.532635Z,0.0,0,0,0
2026-08-21T20:59:28+00:00,292,208481,Ömür,11,3,50,0,0,0,0,,False,0,0,0,0,0,0,5,7,5,7,0.0,a,,,,0.0,0,0,0
2026-08-21T20:59:28+00:00,293,490161,Kamara,11,3,50,0,0,0,0,,False,0,0,0,0,0,0,0,12,0,12,0.0,u,0,Has joined Portsmouth permanently,2026-08-12T14:08:23.542043Z,0.0,0,0,0
2026-08-21T20:59:28+00:00,294,553783,Zambrano,11,3,45,0,0,0,0,,False,0,0,0,0,0,0,19,91,19,91,0.1,i,0,Thigh injury - Unknown return date,2026-08-04T18:30:11.016909Z,0.0,0,0,0
2026-08-21T20:59:28+00:00,295,169432,McBurnie,11,4,55,0,0,0,0,,False,0,0,0,0,0,0,167,134,167,134,1.3,a,,,,0.0,0,0,0
2026-08-21T20:59:28+00:00,296,213292,Akintola,11,3,50,0,0,0,0,,False,0,0,0,0,0,0,39,12,39,12,0.0,a,,,,0.0,0,0,0
2026-08-21T20:59:28+00:00,297,470294,Gyabi,11,3,45,0,0,0,0,,False,0,0,0,0,0,0,2,22,2,22,0.0,i,0,Thigh injury - Unknown return date,2026-08-04T18:30:11.027155Z,0.0,0,0,0
2026-08-21T20:59:28+00:00,298,500957,Destan,11,4,45,0,0,0,0,,False,0,0,0,0,0,0,0,543,0,543,0.4,u,0,Has joined Konyaspor permanently,2026-08-17T13:50:27.145733Z,0.0,0,0,0
2026-08-21T20:59:28+00:00,299,534392,Burstow,11,4,45,0,0,0,0,,False,0,0,0,0,0,0,0,67,0,67,0.1,u,0,Has joined Sheffield Wednesday on loan for the rest of the season,2026-08-03T14:05:20.234842Z,0.0,0,0,0
2026-08-21T20:59:28+00:00,340,462635,Gelhardt,11,3,50,0,0,0,0,,False,0,0,0,0,0,0,2,9,2,9,0.0,i,0,Ankle injury - Expected back 5 Sep,2026-08-17T21:30:07.799839Z,0.0,0,0,0
2026-08-21T20:59:28+00:00,556,169359,Targett,11,2,40,0,0,0,0,,False,0,0,0,0,0,0,198,214,198,214,2.5,a,,,,0.0,0,0,0
2026-08-21T20:59:28+00:00,563,445028,Morita,11,3,50,0,0,0,0,,False,0,0,0,0,0,0,3,16,3,16,0.0,d,50,Calf injury - 50% chance of playing,2026-08-15T16:00:07.961518Z,0.0,0,0,0
2026-08-21T20:59:28+00:00,572,473284,Tzolakis,11,1,45,0,0,0,0,,False,0,0,0,0,0,0,27,68,27,68,0.6,a,,,,0.0,0,0,0
2026-08-21T20:59:28+00:00,574,552946,Hjertø-Dahl,11,3,50,0,0,0,0,,False,0,0,0,0,0,0,21,7,21,7,0.1,a,,,,0.0,0,0,0
2026-08-21T20:59:28+00:00,576,608227,Stroud,11,3,50,0,0,0,0,,False,0,0,0,0,0,0,10,9,10,9,0.1,a,,,,0.0,0,0,0
2026-08-21T20:59:28+00:00,585,597462,Herrington,11,2,40,0,0,0,0,,False,0,0,0,0,0,0,63,63,63,63,0.6,a,,,,0.0,0,0,0
2026-08-21T20:59:28+00:00,586,606930,Mendy,11,2,40,0,0,0,0,,False,0,0,0,0,0,0,169,105,169,105,1.1,a,,,,0.0,0,0,0
2026-08-21T20:59:28+00:00,589,469266,Gourna-Douath,11,3,50,0,0,0,0,,False,0,0,0,0,0,0,1,6,1,6,0.0,a,,,,0.0,0,0,0
2026-08-21T20:59:28+00:00,259,219924,Diop,12,2,40,0,0,0,0,,False,0,0,0,0,0,0,1517,556,1517,556,18.6,a,,,,0.0,0,0,0
2026-08-21T20:59:28+00:00,267,212314,Lukić,12,3,50,0,0,0,0,,False,0,0,0,0,0,0,8,10,8,10,0.1,a,,,,0.0,0,0,0
2026-08-21T20:59:28+00:00,300,108813,Walton,12,1,45,0,0,0,0,,False,0,0,0,0,0,0,16,69,16,69,0.5,a,,,,0.0,0,0,0
2026-08-21T20:59:28+00:00,301,112520,Palmer,12,1,40,0,0,0,0,,False,0,0,0,0,0,0,248,142,248,142,4.8,a,,,,0.0,0,0,0
2026-08-21T20:59:28+00:00,302,50093,Button,12,1,40,0,0,0,0,,False,0,0,0,0,0,0,68,15,68,15,0.5,a,,,,0.0,0,0,0
2026-08-21T20:59:28+00:00,303,183015,Kipré,12,2,40,0,0,0,0,,False,0,0,0,0,0,0,20,55,20,55,0.7,a,,,,0.0,0,0,0
2026-08-21T20:59:28+00:00,304,216616,O'Shea,12,2,40,0,0,0,0,,False,0,0,0,0,0,0,145,158,145,158,3.5,a,,,,0.0,0,0,0
2026-08-21T20:59:28+00:00,305,455084,Davis,12,2,40,0,0,0,0,,False,0,0,0,0,0,0,289,214,289,214,5.3,a,,,,0.0,0,0,0
2026-08-21T20:59:28+00:00,306,449429,Greaves,12,2,40,0,0,0,0,,False,0,0,0,0,0,0,65,70,65,70,1.5,a,,,,0.0,0,0,0
2026-08-21T20:59:28+00:00,307,222018,Johnson,12,2,40,0,0,0,0,,False,0,0,0,0,0,0,27,9,27,9,0.1,a,,,,0.0,0,0,0
2026-08-21T20:59:28+00:00,308,176420,Furlong,12,2,40,0,0,0,0,,False,0,0,0,0,0,0,18,57,18,57,0.6,a,,,,0.0,0,0,0
2026-08-21T20:59:28+00:00,309,501390,Núñez,12,3,50,0,0,0,0,,False,0,0,0,0,0,0,13,17,13,17,0.1,a,,,,0.0,0,0,0
2026-08-21T20:59:28+00:00,310,241117,Matusiwa,12,3,50,0,0,0,0,,False,0,0,0,0,0,0,0,6,0,6,0.0,i,0,Muscular injury - Unknown return date,2026-07-29T18:00:10.305484Z,0.0,0,0,0
2026-08-21T20:59:28+00:00,311,149929,Burns,12,3,50,0,0,0,0,,False,0,0,0,0,0,0,0,11,0,11,0.0,u,0,Has joined Leicester City permanently,2026-08-10T14:02:47.597478Z,0.0,0,0,0
2026-08-21T20:59:28+00:00,312,231899,Taylor,12,3,45,0,0,0,0,,False,0,0,0,0,0,0,7,46,7,46,0.0,i,0,Knee injury - Unknown return date,2026-07-29T18:00:10.319370Z,0.0,0,0,0
2026-08-21T20:59:28+00:00,313,443261,Clarke,12,3,55,0,0,0,0,,False,0,0,0,0,0,0,11,27,11,27,0.3,a,,,,0.0,0,0,0
2026-08-21T20:59:28+00:00,314,229164,Ogbene,12,3,50,0,0,0,0,,False,0,0,0,0,0,0,3,4,3,4,0.0,a,,,,0.0,0,0,0
2026-08-21T20:59:28+00:00,315,531442,Fatawu,12,3,55,0,0,0,0,,False,0,0,0,0,0,0,13,45,13,45,0.2,a,,,,0.0,0,0,0
2026-08-21T20:59:28+00:00,316,543968,Emersonn,12,4,55,0,0,0,0,,False,0,0,0,0,0,0,25,37,25,37,0.4,a,,,,0.0,0,0,0
2026-08-21T20:59:28+00:00,317,222625,Hirst,12,4,50,0,0,0,0,,False,0,0,0,0,0,0,0,741,0,741,0.3,u,0,Has joined Stoke City permanently,2026-08-21T13:06:08.606019Z,0.0,0,0,0
2026-08-21T20:59:28+00:00,318,481624,Philogene,12,3,55,0,0,0,0,,False,0,0,0,0,0,0,11,32,11,32,0.2,a,,,,0.0,0,0,0
2026-08-21T20:59:28+00:00,319,172453,Szmodics,12,3,50,0,0,0,0,,False,0,0,0,0,0,0,0,36,0,36,0.0,u,0,Has joined Derby County on loan for the rest of the season,2026-08-17T13:51:41.713979Z,0.0,0,0,0
2026-08-21T20:59:28+00:00,320,147675,Akpom,12,4,50,0,0,0,0,,False,0,0,0,0,0,0,190,112,190,112,0.5,a,,,,0.0,0,0,0
2026-08-21T20:59:28+00:00,321,557012,Walle Egeli,12,4,45,0,0,0,0,,False,0,0,0,0,0,0,364,216,364,216,2.2,a,,,,0.0,0,0,0
2026-08-21T20:59:28+00:00,322,462387,Al-Hamadi,12,4,50,0,0,0,0,,False,0,0,0,0,0,0,52,44,52,44,0.2,a,,,,0.0,0,0,0
2026-08-21T20:59:28+00:00,323,461587,McAteer,12,3,45,0,0,0,0,,False,0,0,0,0,0,0,269,153,269,153,1.5,a,,,,0.0,0,0,0
2026-08-21T20:59:28+00:00,324,232457,Mehmeti,12,3,50,0,0,0,0,,False,0,0,0,0,0,0,2,8,2,8,0.1,a,,,,0.0,0,0,0
2026-08-21T20:59:28+00:00,554,546600,Van Oevelen,12,1,45,0,0,0,0,,False,0,0,0,0,0,0,4,7,4,7,0.0,a,,,,0.0,0,0,0
2026-08-21T20:59:28+00:00,562,442967,Maeda,12,3,55,0,0,0,0,,False,0,0,0,0,0,0,30,37,30,37,0.4,a,,,,0.0,0,0,0
2026-08-21T20:59:28+00:00,564,240514,Scherpen,12,1,45,0,0,0,0,,False,0,0,0,0,0,0,14,65,14,65,0.6,a,,,,0.0,0,0,0
2026-08-21T20:59:28+00:00,571,216055,Florentino,12,3,50,0,0,0,0,,False,0,0,0,0,0,0,19,20,19,20,0.1,a,,,,0.0,0,0,0
2026-08-21T20:59:28+00:00,591,474120,Enciso,12,3,55,0,0,0,0,,False,0,0,0,0,0,0,34,34,34,34,0.3,a,,,,0.0,0,0,0
2026-08-21T20:59:28+00:00,592,572584,Ouattara,12,2,40,0,0,0,0,,False,0,0,0,0,0,0,320,113,320,113,1.0,a,,,,0.0,0,0,0
2026-08-21T20:59:28+00:00,260,153682,Wilson,13,3,65,0,0,0,0,,False,0,0,0,0,0,0,378,834,378,834,6.4,a,,,,0.0,0,0,0
2026-08-21T20:59:28+00:00,326,201595,Perri,13,1,45,0,0,0,0,,False,0,0,0,0,0,0,12,67,12,67,0.6,a,,,,0.0,0,0,0
2026-08-21T20:59:28+00:00,327,434752,Bijol,13,2,50,0,0,0,0,,False,0,0,0,0,0,0,82,47,82,47,0.3,a,,,,0.0,0,0,0
2026-08-21T20:59:28+00:00,329,214225,Rodon,13,2,45,0,0,0,0,,False,0,0,0,0,0,0,283,140,283,140,3.7,a,,,,0.0,0,0,0
2026-08-21T20:59:28+00:00,330,226182,Bogle,13,2,45,0,0,0,0,,False,0,0,0,0,0,0,89,41,89,41,0.5,a,,,,0.0,0,0,0
2026-08-21T20:59:28+00:00,331,243526,Gudmundsson,13,2,45,0,0,0,0,,False,0,0,0,0,0,0,1,44,1,44,0.1,i,0,Hamstring injury - Unknown return date,2026-08-08T20:00:07.546568Z,0.0,0,0,0
2026-08-21T20:59:28+00:00,332,220627,Justin,13,2,45,0,0,0,0,,False,0,0,0,0,0,0,41,35,41,35,0.6,a,,,,0.0,0,0,0
2026-08-21T20:59:28+00:00,333,437738,Bornauw,13,2,45,0,0,0,0,,False,0,0,0,0,0,0,0,10,0,10,0.0,u,0,Has joined Hamburg SV on loan for the rest of the season,2026-08-19T13:56:14.645970Z,0.0,0,0,0
2026-08-21T20:59:28+00:00,334,522047,Muharemović,13,2,50,0,0,0,0,,False,0,0,0,0,0,0,379,122,379,122,3.4,a,,,,0.0,0,0,0
2026-08-21T20:59:28+00:00,335,466525,Stach,13,3,60,0,0,0,0,,False,0,0,0,0,0,0,56,98,56,98,0.9,a,,,,0.0,0,0,0
2026-08-21T20:59:28+00:00,336,435997,Okafor,13,3,60,0,0,0,0,,False,0,0,0,0,0,0,54,77,54,77,0.5,a,,,,0.0,0,0,0
2026-08-21T20:59:28+00:00,337,427637,Aaronson,13,3,55,0,0,0,0,,False,0,0,0,0,0,0,67,93,67,93,1.0,a,,,,0.0,0,0,0
2026-08-21T20:59:28+00:00,338,199598,Ampadu,13,3,55,0,0,0,0,,False,0,0,0,0,0,0,65,154,65,154,1.5,a,,,,0.0,0,0,0
2026-08-21T20:59:28+00:00,339,180135,Longstaff,13,3,50,0,0,0,0,,False,0,0,0,0,0,0,29,21,29,21,0.1,a,,,,0.0,0,0,0
2026-08-21T20:59:28+00:00,341,492859,Gnonto,13,3,50,0,0,0,0,,False,0,0,0,0,0,0,2,46,2,46,0.0,i,0,Hamstring injury - Unknown return date,2026-08-17T20:30:08.092366Z,0.0,0,0,0
2026-08-21T20:59:28+00:00,342,221399,Harrison,13,3,50,0,0,0,0,,False,0,0,0,0,0,0,0,3,0,3,0.0,u,0,Has joined New England Revolution permanently,2026-07-28T12:59:09.492431Z,0.0,0,0,0
2026-08-21T20:59:28+00:00,343,200617,James,13,3,50,0,0,0,0,,False,0,0,0,0,0,0,46,21,46,21,0.1,a,,,,0.0,0,0,0
2026-08-21T20:59:28+00:00,344,486520,Gruev,13,3,50,0,0,0,0,,False,0,0,0,0,0,0,1,4,1,4,0.0,i,0,Knee injury - Unknown return date,2026-08-14T23:00:06.272027Z,0.0,0,0,0
2026-08-21T20:59:28+00:00,345,248056,Tanaka,13,3,50,0,0,0,0,,False,0,0,0,0,0,0,59,48,59,48,0.3,a,,,,0.0,0,0,0
2026-08-21T20:59:28+00:00,346,177815,Calvert-Lewin,13,4,60,0,0,0,0,,False,0,0,0,0,0,0,2270,1158,2270,1158,31.4,a,,,,0.0,0,0,0
2026-08-21T20:59:28+00:00,347,174594,Nmecha,13,4,55,0,0,0,0,,False,0,0,0,0,0,0,68,78,68,78,0.6,a,,,,0.0,0,0,0
2026-08-21T20:59:28+00:00,348,235826,Piroe,13,4,50,0,0,0,0,,False,0,0,0,0,0,0,0,402,0,402,0.2,u,0,Has joined West Ham United on loan for the rest of the season,2026-08-19T13:56:14.666726Z,0.0,0,0,0
2026-08-21T20:59:28+00:00,349,565297,Mateo Joseph,13,4,45,0,0,0,0,,False,0,0,0,0,0,0,11,46,11,46,0.1,i,0,Knee injury - Unknown return date,2026-07-29T18:00:10.338170Z,0.0,0,0,0
2026-08-21T20:59:28+00:00,385,432720,Trafford,13,1,50,0,0,0,0,,False,0,0,0,0,0,0,304,170,304,170,3.0,a,,,,0.0,0,0,0
2026-08-21T20:59:28+00:00,598,173774,Elvedi,13,2,45,0,0,0,0,,False,0,0,0,0,0,0,21,3,21,3,0.0,a,,,,0.0,0,0,0
2026-08-21T20:59:28+00:00,350,116535,A.Becker,14,1,55,0,0,0,0,,False,0,0,0,0,0,0,382,374,382,374,3.5,a,,,,0.0,0,0,0
2026-08-21T20:59:28+00:00,351,449027,Mamardashvili,14,1,50,0,0,0,0,,False,0,0,0,0,0,0,32,48,32,48,0.2,a,,,,0.0,0,0,0
2026-08-21T20:59:28+00:00,352,155503,Woodman,14,1,40,0,0,0,0,,False,0,0,0,0,0,0,100,109,100,109,1.1,a,,,,0.0,0,0,0
2026-08-21T20:59:28+00:00,353,586268,Pecsi,14,1,40,0,0,0,0,,False,0,0,0,0,0,0,0,34,0,34,0.0,u,0,Has joined TSV Hartberg on loan for the rest of the season,2026-08-18T14:11:18.638344Z,0.0,0,0,0
2026-08-21T20:59:28+00:00,354,432987,Jaros,14,1,40,0,0,0,0,,False,0,0,0,0,0,0,7,14,7,14,0.0,i,0,Knee injury - Unknown return date,2026-07-29T18:00:10.351066Z,0.0,0,0,0
2026-08-21T20:59:28+00:00,355,464353,Davies,14,1,40,0,0,0,0,,False,0,0,0,0,0,0,24,11,24,11,0.1,a,,,,0.0,0,0,0
2026-08-21T20:59:28+00:00,356,97032,Virgil,14,2,65,0,0,0,0,,False,0,0,0,0,0,0,2385,902,2385,902,18.9,a,,,,0.0,0,0,0
2026-08-21T20:59:28+00:00,357,216094,Frimpong,14,2,55,0,0,0,0,,False,0,0,0,0,0,0,1320,355,1320,355,3.4,a,,,,0.0,0,0,0
2026-08-21T20:59:28+00:00,358,544877,Kerkez,14,2,55,0,0,0,0,,False,0,0,0,0,0,0,761,379,761,379,3.8,a,,,,0.0,0,0,0
2026-08-21T20:59:28+00:00,359,171287,Gomez,14,2,50,0,0,0,0,,False,0,0,0,0,0,0,9,24,9,24,0.0,i,0,Muscular injury - Unknown return date,2026-07-26T08:30:10.078473Z,0.0,0,0,0
2026-08-21T20:59:28+00:00,360,492777,Bradley,14,2,50,0,0,0,0,,False,0,0,0,0,0,0,1,10,1,10,0.0,i,0,Knee injury - Unknown return date,2026-07-23T12:01:23.565711Z,0.0,0,0,0
2026-08-21T20:59:28+00:00,361,519440,Lucky,14,2,40,0,0,0,0,,False,0,0,0,0,0,0,53,29,53,29,0.1,a,,,,0.0,0,0,0
2026-08-21T20:59:28+00:00,362,606702,Jacquet,14,2,50,0,0,0,0,,False,0,0,0,0,0,0,675,172,675,172,2.3,a,100,,2026-07-23T12:01:23.581126Z,0.0,0,0,0
2026-08-21T20:59:28+00:00,363,647681,Leoni,14,2,40,0,0,0,0,,False,0,0,0,0,0,0,13,19,13,19,0.0,i,0,Knee injury - Unknown return date,2026-07-23T12:01:23.596909Z,0.0,0,0,0
2026-08-21T20:59:28+00:00,364,214285,Tsimikas,14,2,50,0,0,0,0,,False,0,0,0,0,0,0,29,16,29,16,0.1,a,,,,0.0,0,0,0
2026-08-21T20:59:28+00:00,365,489580,Ramsay,14,2,40,0,0,0,0,,False,0,0,0,0,0,0,69,38,69,38,0.2,a,,,,0.0,0,0,0
2026-08-21T20:59:28+00:00,366,494595,Wirtz,14,3,75,0,0,0,0,,False,0,0,0,0,0,0,910,978,910,978,12.6,a,,,,0.0,0,0,0
2026-08-21T20:59:28+00:00,367,243298,Gakpo,14,3,70,0,0,0,0,,False,0,0,0,0,0,0,402,390,402,390,3.5,a,,,,0.0,0,0,0
2026-08-21T20:59:28+00:00,368,424876,Szoboszlai,14,3,70,0,0,0,0,,False,0,0,0,0,0,0,3132,1639,3132,1639,41.8,a,,,,0.0,0,0,0
2026-08-21T20:59:28+00:00,369,611922,Ngumoha,14,3,60,0,0,0,0,,False,0,0,0,0,0,0,161,224,161,224,1.2,a,,,,0.0,0,0,0
2026-08-21T20:59:28+00:00,370,223541,Chiesa,14,3,55,0,0,0,0,,False,0,0,0,0,0,0,49,44,49,44,0.1,a,,,,0.0,0,0,0
2026-08-21T20:59:28+00:00,371,441266,Gravenberch,14,3,60,0,0,0,0,,False,0,0,0,0,0,0,305,355,305,355,1.9,a,,,,0.0,0,0,0
2026-08-21T20:59:28+00:00,372,243016,Mac Allister,14,3,55,0,0,0,0,,False,0,0,0,0,0,0,321,284,321,284,1.7,a,,,,0.0,0,0,0
2026-08-21T20:59:28+00:00,373,206915,C.Jones,14,3,55,0,0,0,0,,False,0,0,0,0,0,0,4,65,4,65,0.1,d,75,Hip injury - 75% chance of playing,2026-08-16T18:30:07.426408Z,0.0,0,0,0
2026-08-21T20:59:28+00:00,374,158983,Endo,14,3,50,0,0,0,0,,False,0,0,0,0,0,0,41,26,41,26,0.1,a,100,,2026-07-23T12:01:23.612529Z,0.0,0,0,0
2026-08-21T20:59:28+00:00,375,591386,Nyoni,14,3,50,0,0,0,0,,False,0,0,0,0,0,0,9,8,9,8,0.0,a,,,,0.0,0,0,0
2026-08-21T20:59:28+00:00,376,535928,Bajcetic,14,3,50,0,0,0,0,,False,0,0,0,0,0,0,1,3,1,3,0.0,i,0,Hamstring injury - Expected back 23 Aug,2026-07-23T12:01:23.628373Z,0.0,0,0,0
2026-08-21T20:59:28+00:00,377,551499,Munoz,14,3,65,0,0,0,0,,False,0,0,0,0,0,0,77,151,77,151,0.5,a,,,,0.0,0,0,0
2026-08-21T20:59:28+00:00,378,491501,McConnell,14,3,45,0,0,0,0,,False,0,0,0,0,0,0,82,70,82,70,0.3,a,,,,0.0,0,0,0
2026-08-21T20:59:28+00:00,379,219168,Isak,14,4,90,0,0,0,0,,False,0,0,0,0,0,0,996,1004,996,1004,16.8,a,,,,0.0,0,0,0
2026-08-21T20:59:28+00:00,380,510663,Ekitiké,14,4,75,0,0,0,0,,False,0,0,0,0,0,0,35,207,35,207,0.2,i,0,Achilles injury - Unknown return date,2026-07-23T12:01:23.643771Z,0.0,0,0,0
2026-08-21T20:59:28+00:00,381,514514,Koumas,14,3,50,0,0,0,0,,False,0,0,0,0,0,0,2,3,2,3,0.0,a,,,,0.0,0,0,0
2026-08-21T20:59:28+00:00,382,500058,Danns,14,4,45,0,0,0,0,,False,0,0,0,0,0,0,15,33,15,33,0.0,i,0,Unspecified injury - Unknown return date,2026-07-23T12:01:23.659279Z,0.0,0,0,0
2026-08-21T20:59:28+00:00,383,444884,Elliott,14,3,55,0,0,0,0,,False,0,0,0,0,0,0,21,22,21,22,0.1,a,,,,0.0,0,0,0
2026-08-21T20:59:28+00:00,579,445087,Araujo,14,2,55,0,0,0,0,,False,0,0,0,0,0,0,2369,492,2369,492,2.5,a,,,,0.0,0,0,0
2026-08-21T20:59:28+00:00,238,114283,Grealish,15,3,65,0,0,0,0,,False,0,0,0,0,0,0,55,63,55,63,0.2,a,100,,2026-07-29T10:00:10.492904Z,0.0,0,0,0
2026-08-21T20:59:28+00:00,384,204936,Donnarumma,15,1,55,0,0,0,0,,False,0,0,0,0,0,0,694,869,694,869,8.1,a,,,,0.0,0,0,0
2026-08-21T20:59:28+00:00,386,122074,Bettinelli,15,1,45,0,0,0,0,,False,0,0,0,0,0,0,10,7,10,7,0.0,a,,,,0.0,0,0,0
2026-08-21T20:59:28+00:00,387,472769,O'Reilly,15,2,65,0,0,0,0,,False,0,0,0,0,0,0,2048,1147,2048,1147,21.2,a,,,,0.0,0,0,0
2026-08-21T20:59:28+00:00,388,209036,Guéhi,15,2,60,0,0,0,0,,False,0,0,0,0,0,0,1838,1254,1838,1254,17.1,a,,,,0.0,0,0,0
2026-08-21T20:59:28+00:00,389,465351,Matheus N.,15,2,60,0,0,0,0,,False,0,0,0,0,0,0,169,224,169,224,1.5,a,100,,2026-08-16T18:30:07.457097Z,0.0,0,0,0
2026-08-21T20:59:28+00:00,390,171314,Rúben,15,2,55,0,0,0,0,,False,0,0,0,0,0,0,745,238,745,238,1.7,a,,,,0.0,0,0,0
2026-08-21T20:59:28+00:00,391,477424,Gvardiol,15,2,55,0,0,0,0,,False,0,0,0,0,0,0,3184,736,3184,736,11.0,a,,,,0.0,0,0,0
2026-08-21T20:59:28+00:00,392,448514,Aït-Nouri,15,2,55,0,0,0,0,,False,0,0,0,0,0,0,307,167,307,167,0.9,a,,,,0.0,0,0,0
2026-08-21T20:59:28+00:00,393,578153,Khusanov,15,2,55,0,0,0,0,,False,0,0,0,0,0,0,365,293,365,293,1.7,a,,,,0.0,0,0,0
2026-08-21T20:59:28+00:00,394,494307,Alleyne,15,2,50,0,0,0,0,,False,0,0,0,0,0,0,0,27,0,27,0.0,u,0,Has joined Burnley on loan for the rest of the season,2026-08-18T14:11:56.324656Z,0.0,0,0,0
2026-08-21T20:59:28+00:00,395,477064,Lewis,15,2,45,0,0,0,0,,False,0,0,0,0,0,0,154,36,154,36,0.2,a,,,,0.0,0,0,0
2026-08-21T20:59:28+00:00,396,616222,Vitor Reis,15,2,45,0,0,0,0,,False,0,0,0,0,0,0,11,5,11,5,0.0,a,,,,0.0,0,0,0
2026-08-21T20:59:28+00:00,397,437730,Semenyo,15,3,85,0,0,0,0,,False,0,0,0,0,0,0,1073,1294,1073,1294,26.3,a,,,,0.0,0,0,0
2026-08-21T20:59:28+00:00,398,209244,Foden,15,3,70,0,0,0,0,,False,0,0,0,0,0,0,512,521,512,521,4.4,a,,,,0.0,0,0,0
2026-08-21T20:59:28+00:00,399,466052,Cherki,15,3,75,0,0,0,0,,False,0,0,0,0,0,0,1073,1092,1073,1092,7.7,a,,,,0.0,0,0,0
2026-08-21T20:59:28+00:00,400,248875,Doku,15,3,75,0,0,0,0,,False,0,0,0,0,0,0,25,4141,25,4141,2.1,i,0,Calf injury - Expected back 5 Sep,2026-08-18T17:00:08.385597Z,0.0,0,0,0
2026-08-21T20:59:28+00:00,401,438234,Marmoush,15,4,70,0,0,0,0,,False,0,0,0,0,0,0,384,296,384,296,0.9,a,,,,0.0,0,0,0
2026-08-21T20:59:28+00:00,402,220566,Rodrigo,15,3,65,0,0,0,0,,False,0,0,0,0,0,0,0,64,0,64,0.0,u,0,Has joined Barcelona permanently,2026-07-23T12:01:23.675537Z,0.0,0,0,0
2026-08-21T20:59:28+00:00,403,510281,Savinho,15,3,65,0,0,0,0,,False,0,0,0,0,0,0,189,86,189,86,0.3,a,,,,0.0,0,0,0
2026-08-21T20:59:28+00:00,404,433036,Reijnders,15,3,60,0,0,0,0,,False,0,0,0,0,0,0,0,582,0,582,0.1,u,0,Has joined Al Qadsiah permanently,2026-08-20T14:02:58.154273Z,0.0,0,0,0
2026-08-21T20:59:28+00:00,405,465694,N.Gonzalez,15,3,55,0,0,0,0,,False,0,0,0,0,0,0,13,32,13,32,0.1,a,,,,0.0,0,0,0
2026-08-21T20:59:28+00:00,406,91651,Kovačić,15,3,55,0,0,0,0,,False,0,0,0,0,0,0,34,30,34,30,0.1,a,,,,0.0,0,0,0
2026-08-21T20:59:28+00:00,407,575204,Echeverri,15,3,50,0,0,0,0,,False,0,0,0,0,0,0,4,4,4,4,0.0,a,,,,0.0,0,0,0
2026-08-21T20:59:28+00:00,408,155405,Phillips,15,3,50,0,0,0,0,,False,0,0,0,0,0,0,0,20,0,20,0.0,u,0,Has joined Sheffield United on loan for the rest of the season,2026-08-18T14:11:56.348781Z,0.0,0,0,0
2026-08-21T20:59:28+00:00,409,590039,Mukasa,15,3,45,0,0,0,0,,False,0,0,0,0,0,0,97,53,97,53,0.2,a,,,,0.0,0,0,0
2026-08-21T20:59:28+00:00,410,649208,Monga,15,3,50,0,0,0,0,,False,0,0,0,0,0,0,4,5,4,5,0.0,a,,,,0.0,0,0,0
2026-08-21T20:59:28+00:00,411,223094,Haaland,15,4,155,0,0,0,0,,False,0,0,0,0,0,0,1322,729,1322,729,69.5,a,,,,0.0,0,0,0
2026-08-21T20:59:28+00:00,481,215379,Anderson,15,3,65,0,0,0,0,,False,0,0,0,0,0,0,708,1417,708,1417,7.9,a,,,,0.0,0,0,0
2026-08-21T20:59:28+00:00,587,106921,Rulli,15,1,50,0,0,0,0,,False,0,0,0,0,0,0,6,5,6,5,0.0,a,,,,0.0,0,0,0
2026-08-21T20:59:28+00:00,43,166989,Tielemans,16,3,60,0,0,0,0,,False,0,0,0,0,0,0,754,358,754,358,2.6,a,100,,2026-07-23T12:01:23.321726Z,0.0,0,0,0
2026-08-21T20:59:28+00:00,162,532605,Andrey Santos,16,3,50,0,0,0,0,,False,0,0,0,0,0,0,389,237,389,237,1.1,a,,,,0.0,0,0,0
2026-08-21T20:59:28+00:00,325,59735,Darlow,16,1,45,0,0,0,0,,False,0,0,0,0,0,0,5,6,5,6,0.0,d,75,Unspecified injury - 75% chance of playing,2026-07-23T12:01:23.549136Z,0.0,0,0,0
2026-08-21T20:59:28+00:00,412,465247,Lammens,16,1,50,0,0,0,0,,False,0,0,0,0,0,0,1077,705,1077,705,16.8,a,,,,0.0,0,0,0
2026-08-21T20:59:28+00:00,413,451302,Bayindir,16,1,45,0,0,0,0,,False,0,0,0,0,0,0,0,38,0,38,0.0,u,0,Has joined Celta Vigo on loan for the rest of the season,2026-08-10T14:02:28.608415Z,0.0,0,0,0
2026-08-21T20:59:28+00:00,414,21205,Heaton,16,1,40,0,0,0,0,,False,0,0,0,0,0,0,13,60,13,60,0.1,i,0,Hamstring injury - Unknown return date,2026-08-15T16:00:07.854151Z,0.0,0,0,0
2026-08-21T20:59:28+00:00,415,596777,Dorgu,16,3,60,0,0,0,0,,False,0,0,0,0,0,0,220,220,220,220,1.4,a,,,,0.0,0,0,0
2026-08-21T20:59:28+00:00,416,209365,De Ligt,16,2,50,0,0,0,0,,False,0,0,0,0,0,0,17,32,17,32,0.0,i,0,Back injury - Unknown return date,2026-07-23T12:01:23.690880Z,0.0,0,0,0
2026-08-21T20:59:28+00:00,417,216051,Dalot,16,2,50,0,0,0,0,,False,0,0,0,0,0,0,757,240,757,240,2.8,a,,,,0.0,0,0,0
2026-08-21T20:59:28+00:00,418,95658,Maguire,16,2,50,0,0,0,0,,False,0,0,0,0,0,0,2942,622,2942,622,18.5,a,,,,0.0,0,0,0
2026-08-21T20:59:28+00:00,419,221820,Martinez,16,2,50,0,0,0,0,,False,0,0,0,0,0,0,820,185,820,185,1.3,a,100,,2026-07-24T20:00:10.337107Z,0.0,0,0,0
2026-08-21T20:59:28+00:00,420,550864,Yoro,16,2,50,0,0,0,0,,False,0,0,0,0,0,0,202,132,202,132,0.7,a,,,,0.0,0,0,0
2026-08-21T20:59:28+00:00,421,606745,Heaven,16,2,45,0,0,0,0,,False,0,0,0,0,0,0,140,71,140,71,0.4,a,,,,0.0,0,0,0
2026-08-21T20:59:28+00:00,422,230001,Mazraoui,16,2,45,0,0,0,0,,False,0,0,0,0,0,0,243,86,243,86,0.6,a,,,,0.0,0,0,0
2026-08-21T20:59:28+00:00,423,106760,Shaw,16,2,45,0,0,0,0,,False,0,0,0,0,0,0,3068,677,3068,677,21.7,a,,,,0.0,0,0,0
2026-08-21T20:59:28+00:00,424,577974,Amass,16,2,40,0,0,0,0,,False,0,0,0,0,0,0,58,38,58,38,0.2,a,,,,0.0,0,0,0
2026-08-21T20:59:28+00:00,425,547676,Fredricson,16,2,40,0,0,0,0,,False,0,0,0,0,0,0,0,53,0,53,0.0,u,0,Has joined Lausanne-Sport permanently,2026-08-18T14:12:31.904433Z,0.0,0,0,0
2026-08-21T20:59:28+00:00,426,141746,B.Fernandes,16,3,120,0,0,0,0,,False,0,0,0,0,0,0,1142,856,1142,856,52.0,a,,,,0.0,0,0,0
2026-08-21T20:59:28+00:00,427,446008,Mbeumo,16,3,80,0,0,0,0,,False,0,0,0,0,0,0,2002,998,2002,998,39.0,a,,,,0.0,0,0,0
2026-08-21T20:59:28+00:00,428,430871,Cunha,16,3,80,0,0,0,0,,False,0,0,0,0,0,0,746,904,746,904,10.1,a,,,,0.0,0,0,0
2026-08-21T20:59:28+00:00,429,176297,Rashford,16,3,70,0,0,0,0,,False,0,0,0,0,0,0,512,327,512,327,1.5,a,,,,0.0,0,0,0
2026-08-21T20:59:28+00:00,430,184341,Mount,16,3,55,0,0,0,0,,False,0,0,0,0,0,0,1,37,1,37,0.0,d,50,Foot injury - 50% chance of playing,2026-08-15T16:00:07.879135Z,0.0,0,0,0
2026-08-21T20:59:28+00:00,431,493250,Amad,16,3,60,0,0,0,0,,False,0,0,0,0,0,0,351,275,351,275,1.6,a,,,,0.0,0,0,0
2026-08-21T20:59:28+00:00,432,516895,Mainoo,16,3,55,0,0,0,0,,False,0,0,0,0,0,0,181,240,181,240,1.0,a,,,,0.0,0,0,0
2026-08-21T20:59:28+00:00,433,232112,Ugarte,16,3,50,0,0,0,0,,False,0,0,0,0,0,0,2,11,2,11,0.0,i,0,Knee injury - Unknown return date,2026-07-23T12:01:23.706702Z,0.0,0,0,0
2026-08-21T20:59:28+00:00,434,547037,J.Fletcher,16,3,50,0,0,0,0,,False,0,0,0,0,0,0,4,2,4,2,0.0,a,,,,0.0,0,0,0
2026-08-21T20:59:28+00:00,435,576628,Lacey,16,3,50,0,0,0,0,,False,0,0,0,0,0,0,8,15,8,15,0.0,a,,,,0.0,0,0,0
2026-08-21T20:59:28+00:00,436,490881,Collyer,16,3,50,0,0,0,0,,False,0,0,0,0,0,0,3,8,3,8,0.0,a,,,,0.0,0,0,0
2026-08-21T20:59:28+00:00,437,576620,Bendito Mantato,16,3,45,0,0,0,0,,False,0,0,0,0,0,0,94,49,94,49,0.2,a,,,,0.0,0,0,0
2026-08-21T20:59:28+00:00,438,519913,Fletcher,16,3,45,0,0,0,0,,False,0,0,0,0,0,0,129,95,129,95,0.4,a,,,,0.0,0,0,0
2026-08-21T20:59:28+00:00,439,485711,Šeško,16,4,70,0,0,0,0,,False,0,0,0,0,0,0,270,410,270,410,1.3,d,75,Shin injury - 75% chance of playing,2026-07-23T12:01:23.722029Z,0.0,0,0,0
2026-08-21T20:59:28+00:00,440,458249,Zirkzee,16,4,55,0,0,0,0,,False,0,0,0,0,0,0,138,178,138,178,0.6,a,,,,0.0,0,0,0
2026-08-21T20:59:28+00:00,441,596047,Obi,16,4,45,0,0,0,0,,False,0,0,0,0,0,0,245,290,245,290,1.1,a,,,,0.0,0,0,0
2026-08-21T20:59:28+00:00,442,98747,Pope,17,1,50,0,0,0,0,,False,0,0,0,0,0,0,82,116,82,116,1.3,a,,,,0.0,0,0,0
2026-08-21T20:59:28+00:00,443,81441,Gillespie,17,1,45,0,0,0,0,,False,0,0,0,0,0,0,8,6,8,6,0.0,a,,,,0.0,0,0,0
2026-08-21T20:59:28+00:00,444,554578,Jaouen,17,1,45,0,0,0,0,,False,0,0,0,0,0,0,6,9,6,9,0.0,a,,,,0.0,0,0,0
2026-08-21T20:59:28+00:00,445,465642,Thiaw,17,2,50,0,0,0,0,,False,0,0,0,0,0,0,276,143,276,143,1.6,a,,,,0.0,0,0,0
2026-08-21T20:59:28+00:00,446,119471,Schär,17,2,50,0,0,0,0,,False,0,0,0,0,0,0,92,19,92,19,0.2,a,100,,2026-08-15T16:30:07.209742Z,0.0,0,0,0
2026-08-21T20:59:28+00:00,447,220237,Botman,17,2,50,0,0,0,0,,False,0,0,0,0,0,0,233,71,233,71,0.4,a,,,,0.0,0,0,0
2026-08-21T20:59:28+00:00,448,78916,Burn,17,2,50,0,0,0,0,,False,0,0,0,0,0,0,1119,336,1119,336,2.4,a,,,,0.0,0,0,0
2026-08-21T20:59:28+00:00,449,487838,Hall,17,2,50,0,0,0,0,,False,0,0,0,0,0,0,1205,321,1205,321,3.5,a,,,,0.0,0,0,0
2026-08-21T20:59:28+00:00,450,441191,Livramento,17,2,50,0,0,0,0,,False,0,0,0,0,0,0,5,69,5,69,0.0,i,0,Calf injury - Unknown return date,2026-07-23T12:01:23.753221Z,0.0,0,0,0
2026-08-21T20:59:28+00:00,451,545477,A.Murphy,17,2,40,0,0,0,0,,False,0,0,0,0,0,0,0,236,0,236,0.1,u,0,Has joined FC Kaiserslautern on loan for the rest of the season,2026-08-12T14:05:29.224600Z,0.0,0,0,0
2026-08-21T20:59:28+00:00,453,201666,Barnes,17,3,60,0,0,0,0,,False,0,0,0,0,0,0,178,108,178,108,1.1,a,,,,0.0,0,0,0
2026-08-21T20:59:28+00:00,454,449434,Elanga,17,3,60,0,0,0,0,,False,0,0,0,0,0,0,163,156,163,156,0.7,a,,,,0.0,0,0,0
2026-08-21T20:59:28+00:00,456,232653,J.Ramsey,17,3,50,0,0,0,0,,False,0,0,0,0,0,0,78,72,78,72,0.4,a,,,,0.0,0,0,0
2026-08-21T20:59:28+00:00,457,114243,J.Murphy,17,3,60,0,0,0,0,,False,0,0,0,0,0,0,19,30,19,30,0.2,a,,,,0.0,0,0,0
2026-08-21T20:59:28+00:00,458,180974,Joelinton,17,3,55,0,0,0,0,,False,0,0,0,0,0,0,0,55,0,55,0.0,i,0,Unspecified injury - Unknown return date,2026-08-16T08:00:08.074045Z,0.0,0,0,0
2026-08-21T20:59:28+00:00,459,547719,L.Miley,17,3,55,0,0,0,0,,False,0,0,0,0,0,0,12,6,12,6,0.0,a,100,,2026-07-23T12:01:23.785456Z,0.0,0,0,0
2026-08-21T20:59:28+00:00,460,200089,Willock,17,3,50,0,0,0,0,,False,0,0,0,0,0,0,31,19,31,19,0.1,a,,,,0.0,0,0,0
2026-08-21T20:59:28+00:00,461,611665,Touré,17,3,60,0,0,0,0,,False,0,0,0,0,0,0,31,28,31,28,0.3,a,,,,0.0,0,0,0
2026-08-21T20:59:28+00:00,462,636852,Steur,17,3,50,0,0,0,0,,False,0,0,0,0,0,0,25,16,25,16,0.1,a,,,,0.0,0,0,0
2026-08-21T20:59:28+00:00,463,470313,Woltemade,17,4,60,0,0,0,0,,False,0,0,0,0,0,0,325,314,325,314,1.7,a,,,,0.0,0,0,0
2026-08-21T20:59:28+00:00,464,216646,Wissa,17,4,60,0,0,0,0,,False,0,0,0,0,0,0,214,208,214,208,1.6,a,,,,0.0,0,0,0
2026-08-21T20:59:28+00:00,465,538207,Osula,17,4,60,0,0,0,0,,False,0,0,0,0,0,0,109,175,109,175,0.9,a,,,,0.0,0,0,0
2026-08-21T20:59:28+00:00,466,599303,Neave,17,4,45,0,0,0,0,,False,0,0,0,0,0,0,202,176,202,176,0.8,a,,,,0.0,0,0,0
2026-08-21T20:59:28+00:00,559,632794,Bamba,17,3,50,0,0,0,0,,False,0,0,0,0,0,0,34,33,34,33,0.1,a,,,,0.0,0,0,0
2026-08-21T20:59:28+00:00,567,470551,Horníček,17,1,50,0,0,0,0,,False,0,0,0,0,0,0,29,100,29,100,0.6,a,,,,0.0,0,0,0
2026-08-21T20:59:28+00:00,593,463726,Dedić,17,2,45,0,0,0,0,,False,0,0,0,0,0,0,122,29,122,29,0.2,a,,,,0.0,0,0,0
2026-08-21T20:59:28+00:00,467,85633,Sels,18,1,50,0,0,0,0,,False,0,0,0,0,0,0,66,158,66,158,1.6,a,,,,0.0,0,0,0
2026-08-21T20:59:28+00:00,468,221389,John,18,1,45,0,0,0,0,,False,0,0,0,0,0,0,9,5,9,5,0.1,a,,,,0.0,0,0,0
2026-08-21T20:59:28+00:00,469,215136,N.Williams,18,2,50,0,0,0,0,,False,0,0,0,0,0,0,947,680,947,680,10.3,a,,,,0.0,0,0,0
2026-08-21T20:59:28+00:00,470,485047,Morato,18,2,50,0,0,0,0,,False,0,0,0,0,0,0,19,6,19,6,0.0,a,,,,0.0,0,0,0
2026-08-21T20:59:28+00:00,471,227444,Milenković,18,2,55,0,0,0,0,,False,0,0,0,0,0,0,141,241,141,241,2.0,a,,,,0.0,0,0,0
2026-08-21T20:59:28+00:00,472,575476,Murillo,18,2,55,0,0,0,0,,False,0,0,0,0,0,0,340,204,340,204,1.5,a,100,,2026-07-23T12:01:23.801183Z,0.0,0,0,0
2026-08-21T20:59:28+00:00,473,159506,Aina,18,2,45,0,0,0,0,,False,0,0,0,0,0,0,542,340,542,340,3.7,a,,,,0.0,0,0,0
2026-08-21T20:59:28+00:00,474,575458,Jair Cunha,18,2,45,0,0,0,0,,False,0,0,0,0,0,0,8,23,8,23,0.2,a,,,,0.0,0,0,0
2026-08-21T20:59:28+00:00,475,500151,Savona,18,2,45,0,0,0,0,,False,0,0,0,0,0,0,3,2,3,2,0.0,i,0,Knee injury - Unknown return date,2026-07-23T12:01:23.816304Z,0.0,0,0,0
2026-08-21T20:59:28+00:00,476,204822,O.Richards,18,2,40,0,0,0,0,,False,0,0,0,0,0,0,38,21,38,21,0.3,a,,,,0.0,0,0,0
2026-08-21T20:59:28+00:00,477,549067,Abbott,18,2,40,0,0,0,0,,False,0,0,0,0,0,0,55,40,55,40,0.3,a,,,,0.0,0,0,0
2026-08-21T20:59:28+00:00,478,470315,Netz,18,2,45,0,0,0,0,,False,0,0,0,0,0,0,8,3,8,3,0.0,a,,,,0.0,0,0,0
2026-08-21T20:59:28+00:00,479,538638,Bindon,18,2,40,0,0,0,0,,False,0,0,0,0,0,0,26,10,26,10,0.2,a,,,,0.0,0,0,0
2026-08-21T20:59:28+00:00,480,222531,Gibbs-White,18,3,80,0,0,0,0,,False,0,0,0,0,0,0,423,1392,423,1392,11.7,a,,,,0.0,0,0,0
2026-08-21T20:59:28+00:00,482,209046,Hudson-Odoi,18,3,60,0,0,0,0,,False,0,0,0,0,0,0,37,29,37,29,0.3,a,100,,2026-07-23T12:01:23.832709Z,0.0,0,0,0
2026-08-21T20:59:28+00:00,483,456512,Ndoye,18,3,55,0,0,0,0,,False,0,0,0,0,0,0,19,66,19,66,0.4,a,,,,0.0,0,0,0
2026-08-21T20:59:28+00:00,484,503301,Hutchinson,18,3,55,0,0,0,0,,False,0,0,0,0,0,0,13,28,13,28,0.2,a,,,,0.0,0,0,0
2026-08-21T20:59:28+00:00,485,476887,Bakwa,18,3,55,0,0,0,0,,False,0,0,0,0,0,0,5,6,5,6,0.0,a,,,,0.0,0,0,0
2026-08-21T20:59:28+00:00,486,432714,McAtee,18,3,55,0,0,0,0,,False,0,0,0,0,0,0,5,6,5,6,0.0,a,,,,0.0,0,0,0
2026-08-21T20:59:28+00:00,487,250199,Dominguez,18,3,50,0,0,0,0,,False,0,0,0,0,0,0,16,14,16,14,0.1,a,,,,0.0,0,0,0
2026-08-21T20:59:28+00:00,488,210462,I.Sangaré,18,3,50,0,0,0,0,,False,0,0,0,0,0,0,89,77,89,77,1.1,a,,,,0.0,0,0,0
2026-08-21T20:59:28+00:00,489,204968,Yates,18,3,45,0,0,0,0,,False,0,0,0,0,0,0,49,2134,49,2134,1.9,i,0,Unspecified injury - Unknown return date,2026-08-17T20:30:08.195072Z,0.0,0,0,0
2026-08-21T20:59:28+00:00,490,60689,Wood,18,4,60,0,0,0,0,,False,0,0,0,0,0,0,225,308,225,308,1.8,a,,,,0.0,0,0,0
2026-08-21T20:59:28+00:00,491,482973,Igor Jesus,18,4,60,0,0,0,0,,False,0,0,0,0,0,0,306,480,306,480,4.3,a,,,,0.0,0,0,0
2026-08-21T20:59:28+00:00,493,465680,Kalimuendo,18,4,55,0,0,0,0,,False,0,0,0,0,0,0,19,13,19,13,0.0,a,,,,0.0,0,0,0
2026-08-21T20:59:28+00:00,558,204561,Schlager,18,3,50,0,0,0,0,,False,0,0,0,0,0,0,10,10,10,10,0.1,a,,,,0.0,0,0,0
2026-08-21T20:59:28+00:00,581,568420,Diomande,18,2,55,0,0,0,0,,False,0,0,0,0,0,0,312,127,312,127,0.8,a,,,,0.0,0,0,0
2026-08-21T20:59:28+00:00,590,428971,Benda,18,1,45,0,0,0,0,,False,0,0,0,0,0,0,44,10,44,10,0.1,a,,,,0.0,0,0,0
2026-08-21T20:59:28+00:00,112,469142,Van Hecke,19,2,50,0,0,0,0,,False,0,0,0,0,0,0,4816,605,4816,605,10.8,a,,,,0.0,0,0,0
2026-08-21T20:59:28+00:00,455,432422,Tonali,19,3,55,0,0,0,0,,False,0,0,0,0,0,0,639,342,639,342,4.2,a,,,,0.0,0,0,0
2026-08-21T20:59:28+00:00,494,184254,Vicario,19,1,45,0,0,0,0,,False,0,0,0,0,0,0,0,1044,0,1044,0.4,u,0,Has joined Juventus on loan for the rest of the season,2026-08-19T13:55:33.193962Z,0.0,0,0,0
2026-08-21T20:59:28+00:00,495,214572,Austin,19,1,40,0,0,0,0,,False,0,0,0,0,0,0,103,51,103,51,0.9,a,,,,0.0,0,0,0
2026-08-21T20:59:28+00:00,496,485055,Kinsky,19,1,45,0,0,0,0,,False,0,0,0,0,0,0,1197,469,1197,469,24.6,a,,,,0.0,0,0,0
2026-08-21T20:59:28+00:00,497,67089,Dubravka,19,1,40,0,0,0,0,,False,0,0,0,0,0,0,916,408,916,408,19.8,a,,,,0.0,0,0,0
2026-08-21T20:59:28+00:00,498,221466,Senesi,19,2,60,0,0,0,0,,False,0,0,0,0,0,0,1018,753,1018,753,8.2,a,,,,0.0,0,0,0
2026-08-21T20:59:28+00:00,499,441164,Pedro Porro,19,2,55,0,0,0,0,,False,0,0,0,0,0,0,387,28531,387,28531,17.3,i,0,Lack of match fitness - Expected back 29 Aug,2026-08-21T15:22:48.149081Z,0.0,0,0,0
2026-08-21T20:59:28+00:00,500,221632,Romero,19,2,50,0,0,0,0,,False,0,0,0,0,0,0,0,932,0,932,0.3,u,0,Has joined Atletico Madrid permanently,2026-08-17T13:49:05.465401Z,0.0,0,0,0
2026-08-21T20:59:28+00:00,501,135720,Danso,19,2,50,0,0,0,0,,False,0,0,0,0,0,0,109,32,109,32,0.2,a,,,,0.0,0,0,0
2026-08-21T20:59:28+00:00,502,122798,Robertson,19,2,45,0,0,0,0,,False,0,0,0,0,0,0,1176,166,1176,166,3.9,a,,,,0.0,0,0,0
2026-08-21T20:59:28+00:00,503,491279,Van de Ven,19,2,50,0,0,0,0,,False,0,0,0,0,0,0,196,11985,196,11985,5.7,i,0,Unspecified injury - Expected back 29 Aug,2026-08-21T15:00:07.610517Z,0.0,0,0,0
2026-08-21T20:59:28+00:00,505,232859,Spence,19,2,45,0,0,0,0,,False,0,0,0,0,0,0,0,5411,0,5411,1.0,u,0,Has joined Internazionale permanently,2026-08-18T14:13:08.454214Z,0.0,0,0,0
2026-08-21T20:59:28+00:00,506,487053,Udogie,19,2,45,0,0,0,0,,False,0,0,0,0,0,0,195,60,195,60,0.5,a,,,,0.0,0,0,0
2026-08-21T20:59:28+00:00,507,548308,Phillips,19,2,45,0,0,0,0,,False,0,0,0,0,0,0,0,37,0,37,0.0,u,0,Has joined Middlesbrough permanently,2026-08-18T14:13:08.474144Z,0.0,0,0,0
2026-08-21T20:59:28+00:00,508,115556,Davies,19,2,40,0,0,0,0,,False,0,0,0,0,0,0,375,90,375,90,1.1,a,,,,0.0,0,0,0
2026-08-21T20:59:28+00:00,509,640419,Byfield,19,2,40,0,0,0,0,,False,0,0,0,0,0,0,26,9,26,9,0.1,a,,,,0.0,0,0,0
2026-08-21T20:59:28+00:00,510,499716,Rowswell,19,2,40,0,0,0,0,,False,0,0,0,0,0,0,23,13,23,13,0.1,a,,,,0.0,0,0,0
2026-08-21T20:59:28+00:00,511,616221,Souza,19,2,40,0,0,0,0,,False,0,0,0,0,0,0,90,43,90,43,0.3,a,,,,0.0,0,0,0
2026-08-21T20:59:28+00:00,512,460842,Kudus,19,3,65,0,0,0,0,,False,0,0,0,0,0,0,6,108,6,108,0.1,d,25,Thigh injury - 25% chance of playing,2026-07-23T12:01:23.848657Z,0.0,0,0,0
2026-08-21T20:59:28+00:00,513,493362,Xavi,19,3,60,0,0,0,0,,False,0,0,0,0,0,0,8,18,8,18,0.0,i,0,Knee injury - Unknown return date,2026-07-23T12:01:23.864304Z,0.0,0,0,0
2026-08-21T20:59:28+00:00,514,511499,Tel,19,3,60,0,0,0,0,,False,0,0,0,0,0,0,58,61,58,61,0.6,a,,,,0.0,0,0,0
2026-08-21T20:59:28+00:00,515,172780,Maddison,19,3,65,0,0,0,0,,False,0,0,0,0,0,0,189,217,189,217,1.4,a,,,,0.0,0,0,0
2026-08-21T20:59:28+00:00,516,202993,Bentancur,19,3,55,0,0,0,0,,False,0,0,0,0,0,0,20,40,20,40,0.2,a,,,,0.0,0,0,0
2026-08-21T20:59:28+00:00,517,550839,Odobert,19,3,55,0,0,0,0,,False,0,0,0,0,0,0,0,1,0,1,0.0,i,0,Knee injury - Unknown return date,2026-07-23T12:01:23.879434Z,0.0,0,0,0
2026-08-21T20:59:28+00:00,518,482442,P.M.Sarr,19,3,50,0,0,0,0,,False,0,0,0,0,0,0,1,675,1,675,0.3,i,0,Hamstring injury - Unknown return date,2026-08-21T14:30:08.419690Z,0.0,0,0,0
2026-08-21T20:59:28+00:00,519,232787,Gallagher,19,3,55,0,0,0,0,,False,0,0,0,0,0,0,30,49,30,49,0.3,a,,,,0.0,0,0,0
2026-08-21T20:59:28+00:00,520,570526,Bergvall,19,3,55,0,0,0,0,,False,0,0,0,0,0,0,32,41,32,41,0.2,a,,,,0.0,0,0,0
2026-08-21T20:59:28+00:00,521,445044,Kulusevski,19,3,65,0,0,0,0,,False,0,0,0,0,0,0,3,6,3,6,0.0,i,0,Knee injury - Unknown return date,2026-07-23T12:01:23.895175Z,0.0,0,0,0
2026-08-21T20:59:28+00:00,522,547701,Gray,19,3,50,0,0,0,0,,False,0,0,0,0,0,0,74,57,74,57,0.2,a,,,,0.0,0,0,0
2026-08-21T20:59:28+00:00,523,499721,Moore,19,3,50,0,0,0,0,,False,0,0,0,0,0,0,22,29,22,29,0.2,a,,,,0.0,0,0,0
2026-08-21T20:59:28+00:00,524,499726,Olusesi,19,3,45,0,0,0,0,,False,0,0,0,0,0,0,293,214,293,214,0.9,a,,,,0.0,0,0,0
2026-08-21T20:59:28+00:00,525,551226,Fernandes,19,3,60,0,0,0,0,,False,0,0,0,0,0,0,235,259,235,259,2.0,a,,,,0.0,0,0,0
2026-08-21T20:59:28+00:00,526,154566,Solanke,19,4,60,0,0,0,0,,False,0,0,0,0,0,0,215,225,215,225,1.4,a,,,,0.0,0,0,0
2026-08-21T20:59:28+00:00,527,212319,Richarlison,19,4,60,0,0,0,0,,False,0,0,0,0,0,0,389,346,389,346,3.2,a,,,,0.0,0,0,0
2026-08-21T20:59:28+00:00,528,490145,Scarlett,19,4,45,0,0,0,0,,False,0,0,0,0,0,0,750,304,750,304,1.7,a,,,,0.0,0,0,0
2026-08-21T20:59:28+00:00,529,498016,Roefs,20,1,50,0,0,0,0,,False,0,0,0,0,0,0,125,300,125,300,4.4,a,,,,0.0,0,0,0
2026-08-21T20:59:28+00:00,530,232571,Patterson,20,1,40,0,0,0,0,,False,0,0,0,0,0,0,0,167,0,167,0.2,u,0,Has joined Wrexham permanently,2026-08-12T14:08:03.064533Z,0.0,0,0,0
2026-08-21T20:59:28+00:00,531,515046,Ellborg,20,1,45,0,0,0,0,,False,0,0,0,0,0,0,9,5,9,5,0.1,a,,,,0.0,0,0,0
2026-08-21T20:59:28+00:00,532,223827,Ballard,20,2,50,0,0,0,0,,False,0,0,0,0,0,0,714,286,714,286,5.8,a,,,,0.0,0,0,0
2026-08-21T20:59:28+00:00,533,200834,Mukiele,20,2,55,0,0,0,0,,False,0,0,0,0,0,0,335,233,335,233,2.9,a,100,,2026-08-09T08:30:05.954750Z,0.0,0,0,0
2026-08-21T20:59:28+00:00,534,487676,Hume,20,2,45,0,0,0,0,,False,0,0,0,0,0,0,687,385,687,385,7.1,a,,,,0.0,0,0,0
2026-08-21T20:59:28+00:00,535,201895,Alderete,20,2,50,0,0,0,0,,False,0,0,0,0,0,0,168,59,168,59,0.5,a,100,,2026-08-09T08:30:05.962393Z,0.0,0,0,0
2026-08-21T20:59:28+00:00,536,434399,Reinildo,20,2,45,0,0,0,0,,False,0,0,0,0,0,0,31,32,31,32,0.5,a,,,,0.0,0,0,0
2026-08-21T20:59:28+00:00,537,519634,Seelt,20,2,45,0,0,0,0,,False,0,0,0,0,0,0,3,2,3,2,0.0,a,,,,0.0,0,0,0
2026-08-21T20:59:28+00:00,538,477547,Hjelde,20,2,40,0,0,0,0,,False,0,0,0,0,0,0,0,61,0,61,0.1,u,0,Has joined KV Mechelen on loan for the rest of the season,2026-08-12T14:08:03.081789Z,0.0,0,0,0
2026-08-21T20:59:28+00:00,539,167512,O'Nien,20,2,40,0,0,0,0,,False,0,0,0,0,0,0,272,181,272,181,3.7,a,,,,0.0,0,0,0
2026-08-21T20:59:28+00:00,540,105717,Masuaku,20,2,40,0,0,0,0,,False,0,0,0,0,0,0,0,313,0,313,0.3,u,0,Has joined Konyaspor permanently,2026-08-12T14:08:03.097784Z,0.0,0,0,0
2026-08-21T20:59:28+00:00,541,93605,Meunier,20,2,45,0,0,0,0,,False,0,0,0,0,0,0,24,29,24,29,0.3,a,100,,2026-08-16T08:30:07.830062Z,0.0,0,0,0
2026-08-21T20:59:28+00:00,542,484420,E.Le Fée,20,3,60,0,0,0,0,,False,0,0,0,0,0,0,452,716,452,716,10.5,a,,,,0.0,0,0,0
2026-08-21T20:59:28+00:00,543,547027,Diarra,20,3,55,0,0,0,0,,False,0,0,0,0,0,0,10,10,10,10,0.1,a,,,,0.0,0,0,0
2026-08-21T20:59:28+00:00,544,84450,Xhaka,20,3,55,0,0,0,0,,False,0,0,0,0,0,0,257,411,257,411,4.4,a,,,,0.0,0,0,0
2026-08-21T20:59:28+00:00,545,577669,Sadiki,20,3,50,0,0,0,0,,False,0,0,0,0,0,0,49,49,49,49,0.4,a,,,,0.0,0,0,0
2026-08-21T20:59:28+00:00,546,535818,Adingra,20,3,50,0,0,0,0,,False,0,0,0,0,0,0,1,192,1,192,0.1,i,0,Ankle injury - Unknown return date,2026-08-20T14:00:08.416985Z,0.0,0,0,0
2026-08-21T20:59:28+00:00,547,461199,Mundle,20,3,50,0,0,0,0,,False,0,0,0,0,0,0,1,2,1,2,0.0,a,,,,0.0,0,0,0
2026-08-21T20:59:28+00:00,548,554197,Rigg,20,3,50,0,0,0,0,,False,0,0,0,0,0,0,5,3,5,3,0.1,a,,,,0.0,0,0,0
2026-08-21T20:59:28+00:00,549,549912,Talbi,20,3,55,0,0,0,0,,False,0,0,0,0,0,0,12,44,12,44,0.2,a,,,,0.0,0,0,0
2026-08-21T20:59:28+00:00,550,699989,Jocelin.T,20,3,50,0,0,0,0,,False,0,0,0,0,0,0,1,4,1,4,0.0,a,,,,0.0,0,0,0
2026-08-21T20:59:28+00:00,551,536661,Angulo,20,3,50,0,0,0,0,,False,0,0,0,0,0,0,8,12,8,12,0.1,a,,,,0.0,0,0,0
2026-08-21T20:59:28+00:00,552,441264,Brobbey,20,4,60,0,0,0,0,,False,0,0,0,0,0,0,1116,986,1116,986,14.3,a,,,,0.0,0,0,0
2026-08-21T20:59:28+00:00,553,437505,Isidor,20,4,55,0,0,0,0,,False,0,0,0,0,0,0,110,128,110,128,1.0,a,,,,0.0,0,0,0
