ts,element,code,web_name,team,element_type,now_cost,cost_change_event,cost_change_start,price_change_percent,price_change_hourly_rate,price_change_locked_until,price_change_calibrating,proj0_percent,proj1_percent,proj2_percent,proj0_likelihood,proj1_likelihood,proj2_likelihood,transfers_in_event,transfers_out_event,transfers_in,transfers_out,selected_by_percent,status,chance_of_playing_next_round,news,news_added,form,event_points,total_points,minutes
2026-09-01T00:37:01+00:00,1,154561,Raya,1,1,60,0,0,10.3,-58,,False,9.6,8.8,8.0,1,1,1,80133,88119,186867,170097,38.0,a,,,,6.0,6,12,180
2026-09-01T00:37:01+00:00,2,109745,Arrizabalaga,1,1,50,0,0,-81.0,-7,,False,-91.9,-103.5,-115.1,-3,-5,-5,288,543,610,1932,0.1,a,,,,0.0,0,0,0
2026-09-01T00:37:01+00:00,3,437495,Meslier,1,1,50,0,0,-79.9,-2,,False,-88.4,-97.5,-106.5,-3,-4,-5,67,199,168,691,0.0,a,,,,0.0,0,0,0
2026-09-01T00:37:01+00:00,4,226597,Gabriel,1,2,80,0,0,-20.3,-1009,,False,-25.2,-30.4,-35.6,-2,-2,-2,22280,140057,81045,264165,27.5,a,,,,6.5,8,13,180
2026-09-01T00:37:01+00:00,5,445122,J.Timber,1,2,65,0,0,-76.9,-10,,False,-82.1,-87.5,-92.9,-3,-3,-3,283,1317,684,4421,0.1,i,0,Groin injury - Unknown return date,2026-07-23T12:01:23.272929Z,0.0,0,0,0
2026-09-01T00:37:01+00:00,6,462424,Saliba,1,2,60,0,0,-65.8,-15,,False,-68.8,-72.0,-75.2,-3,-3,-3,744,3224,1590,10040,0.2,i,0,Back injury - Unknown return date,2026-07-23T12:01:23.289376Z,0.0,0,0,0
2026-09-01T00:37:01+00:00,7,499169,Lewis-Skelly,1,3,55,0,0,0.6,-29,,False,0.2,-2.7,-8.5,1,-1,-1,3844,5235,13537,14286,0.7,a,,,,3.0,3,6,160
2026-09-01T00:37:01+00:00,8,466075,Calafiori,1,2,56,0,1,38.5,2921,,False,76.0,115.7,155.4,3,5,5,160009,54186,470114,95819,42.1,a,,,,10.0,11,20,170
2026-09-01T00:37:01+00:00,9,448104,Hincapie,1,2,54,0,-1,-41.0,-341,,False,-74.4,-109.9,-145.4,-3,-5,-5,2963,14261,6873,55307,1.4,a,,,,0.5,0,1,9
2026-09-01T00:37:01+00:00,10,198869,White,1,2,55,0,0,53.5,452,,False,59.4,65.5,71.6,3,3,3,58408,44223,203349,69278,7.0,a,100,,2026-07-23T12:01:23.305229Z,9.0,7,18,180
2026-09-01T00:37:01+00:00,11,500040,Mosquera,1,2,55,0,0,-43.4,-339,,False,-52.0,-61.1,-70.1,-3,-3,-3,6829,35470,22239,81419,5.3,a,,,,6.0,6,12,168
2026-09-01T00:37:01+00:00,12,223340,Saka,1,3,95,0,0,13.5,394,,False,18.6,24.0,29.3,1,2,2,36449,41433,125362,76663,10.3,a,,,,10.0,11,20,157
2026-09-01T00:37:01+00:00,13,204480,Rice,1,3,75,0,0,-57.1,-1565,,False,-70.4,-84.5,-98.6,-3,-3,-4,10670,101937,46157,259659,15.7,a,,,,4.0,5,8,151
2026-09-01T00:37:01+00:00,14,232413,Eze,1,3,64,-1,-1,-18.6,-280,,False,-32.1,-46.5,-60.9,-2,-3,-3,4052,16508,9768,61000,1.6,a,,,,1.0,1,2,59
2026-09-01T00:37:01+00:00,15,184029,Ødegaard,1,3,66,0,1,6.3,-583,,False,-1.2,-9.1,-17.0,-1,-1,-1,59821,56518,349380,93378,11.7,a,,,,7.0,3,14,145
2026-09-01T00:37:01+00:00,16,248857,Madueke,1,3,64,0,-1,-42.6,-51,,False,-66.9,-92.6,-118.3,-3,-3,-5,728,3061,2140,11292,0.3,a,,,,0.5,0,1,22
2026-09-01T00:37:01+00:00,17,195384,Merino,1,3,59,-1,-1,-20.6,-60,,False,-29.1,-38.0,-46.9,-2,-2,-3,1784,6734,4206,21991,0.6,a,,,,1.0,1,2,33
2026-09-01T00:37:01+00:00,18,444145,Martinelli,1,3,64,0,-1,-68.8,-45,,False,-101.7,-136.6,-171.5,-5,-5,-5,678,2656,1996,9692,0.2,a,,,,0.0,0,0,0
2026-09-01T00:37:01+00:00,19,481655,Zubimendi,1,3,54,-1,-1,-14.4,-119,,False,-24.8,-35.9,-47.0,-2,-2,-3,2285,8217,3864,28809,0.9,a,,,,1.0,1,2,27
2026-09-01T00:37:01+00:00,20,616077,Dowman,1,3,54,0,-1,-36.4,-10,,False,-52.8,-70.1,-87.4,-3,-3,-3,389,959,862,3289,0.1,a,,,,0.0,0,0,0
2026-09-01T00:37:01+00:00,22,499175,Nwaneri,1,3,54,-1,-1,-5.3,-2,,False,-19.3,-34.1,-48.9,-1,-2,-3,112,165,188,489,0.0,a,,,,0.0,0,0,0
2026-09-01T00:37:01+00:00,23,438098,Fábio Vieira,1,3,55,0,0,-50.8,0,,False,-50.8,-50.8,-50.8,-3,-3,-3,108,111,188,326,0.0,a,,,,0.0,0,0,0
2026-09-01T00:37:01+00:00,24,200641,Nelson,1,3,55,0,0,0.0,0,,False,0.0,0.0,0.0,0,0,0,4,170,68,342,0.0,u,0,has departed the club as a free agent.,2026-08-29T00:33:08.556767Z,0.0,0,0,0
2026-09-01T00:37:01+00:00,25,224117,Gyökeres,1,4,74,0,-1,-74.0,-1747,,False,-114.0,-156.3,-198.6,-5,-5,-5,4364,70614,13140,308743,5.8,a,,,,0.0,0,0,0
2026-09-01T00:37:01+00:00,26,219847,Havertz,1,4,75,0,0,70.9,-576,,False,63.5,55.7,47.9,3,3,3,34797,48747,222405,87572,7.3,a,,,,4.0,2,8,180
2026-09-01T00:37:01+00:00,27,205651,G.Jesus,1,4,59,-1,-1,-0.9,-42,,False,-11.2,-22.1,-33.0,-1,-2,-2,1749,4045,3663,11223,0.3,a,,,,0.0,0,0,0
2026-09-01T00:37:01+00:00,31,199798,Konsa,1,2,44,-1,-1,-0.1,-189,,False,-1.5,-3.0,-4.5,-1,-1,-1,85475,87783,135296,317370,10.5,a,,,,0.5,1,1,11
2026-09-01T00:37:01+00:00,452,208706,Bruno G.,1,3,69,0,-1,-81.3,-192,,False,-92.4,-104.1,-115.8,-3,-5,-5,1438,33800,2288,160355,2.3,a,100,,2026-08-20T17:00:08.846118Z,0.5,1,1,19
2026-09-01T00:37:01+00:00,557,439509,Tzolis,1,3,65,0,0,60.1,-4043,,False,8.2,-20.0,-43.4,1,-2,-3,68531,169293,305218,224993,24.4,a,,,,3.0,0,6,120
2026-09-01T00:37:01+00:00,29,72147,M.Bizot,2,1,45,0,0,0.1,-5,,False,0.0,-4.6,-9.6,0,-1,-1,1330,1072,2175,1953,0.1,a,,,,0.5,0,1,90
2026-09-01T00:37:01+00:00,30,101188,Digne,2,2,45,0,0,0.0,-6,,False,0.0,0.0,0.0,0,0,0,0,1220,0,6197,0.1,u,0,Has joined Paris Saint-Germain permanently,2026-08-10T14:03:30.089007Z,0.0,0,0,0
2026-09-01T00:37:01+00:00,32,199796,Cash,2,2,45,0,0,-52.5,-49,,False,-53.4,-54.3,-55.3,-3,-3,-3,12912,34178,39890,140505,7.2,a,,,,0.5,2,1,167
2026-09-01T00:37:01+00:00,33,149484,Mings,2,2,45,0,0,0.0,-26,,False,-9.1,-18.8,-28.5,-1,-1,-2,1426,2006,4679,5513,0.4,a,,,,0.5,0,1,16
2026-09-01T00:37:01+00:00,34,244954,Pau,2,2,45,0,0,-35.5,17,,False,-30.0,-24.2,-18.4,-2,-2,-1,1310,1757,3141,6817,0.4,a,,,,1.0,2,2,163
2026-09-01T00:37:01+00:00,35,515597,Bogarde,2,3,50,0,0,-21.2,2,,False,-16.7,-12.1,-7.4,-1,-1,-1,460,578,1096,1563,0.1,a,,,,0.5,0,1,16
2026-09-01T00:37:01+00:00,36,441302,Maatsen,2,2,45,0,0,-38.8,16,,False,-35.8,-32.6,-29.5,-2,-2,-2,2780,3377,5326,12235,0.7,a,,,,0.5,1,1,171
2026-09-01T00:37:01+00:00,37,184667,Lindelöf,2,2,45,0,0,-35.6,0,,False,-35.6,-35.6,-35.6,-2,-2,-2,1123,1261,2898,5272,0.3,a,,,,0.0,2,0,180
2026-09-01T00:37:01+00:00,38,606798,A.García,2,2,40,0,0,-9.6,-16,,False,-10.8,-12.1,-13.4,-1,-1,-1,7060,7495,14399,21418,1.7,a,,,,0.0,0,0,0
2026-09-01T00:37:01+00:00,39,578545,Nedeljkovic,2,2,40,0,0,0.0,-20,,False,0.0,0.0,0.0,0,0,0,0,2043,0,9281,0.2,u,0,Has joined Rangers on loan for the rest of the season,2026-08-19T13:56:46.385411Z,0.0,0,0,0
2026-09-01T00:37:01+00:00,41,195546,Buendía,2,3,60,0,0,-88.9,-25,,False,-91.9,-95.1,-98.3,-3,-4,-4,4993,9728,10013,31614,1.1,a,,,,2.0,2,4,175
2026-09-01T00:37:01+00:00,44,215711,Bailey,2,3,55,0,0,-80.2,-25,,False,-104.9,-131.1,-157.3,-5,-5,-5,628,1432,1630,4089,0.1,a,,,,0.0,0,0,0
2026-09-01T00:37:01+00:00,45,122806,McGinn,2,3,55,0,0,-83.0,-145,,False,-90.4,-98.2,-106.0,-3,-4,-5,6094,18481,13700,63134,2.6,a,,,,1.0,1,2,171
2026-09-01T00:37:01+00:00,46,88894,Barkley,2,3,50,0,0,-4.1,8,,False,0.0,0.1,0.2,0,1,1,1823,1618,3698,4334,0.2,a,,,,2.0,2,4,150
2026-09-01T00:37:01+00:00,47,226944,Kamara,2,3,50,0,0,-26.8,12,,False,-22.1,-17.0,-12.0,-2,-1,-1,2150,2593,4639,7332,0.3,a,100,,2026-07-23T12:01:23.337269Z,2.0,2,4,180
2026-09-01T00:37:01+00:00,48,449871,Onana,2,3,50,0,0,-56.9,-4,,False,-66.8,-77.2,-87.6,-3,-3,-3,90,336,247,865,0.0,i,0,Knee injury - Unknown return date,2026-07-23T12:01:23.352497Z,0.0,0,0,0
2026-09-01T00:37:01+00:00,49,469247,Iling Jr,2,3,50,0,0,0.0,0,,False,0.0,0.0,0.0,0,0,0,0,37,0,157,0.0,u,0,Has joined Bolton Wanderers on loan for the rest of the season,2026-08-17T13:52:28.532616Z,0.0,0,0,0
2026-09-01T00:37:01+00:00,50,645618,Burrowes,2,3,45,0,0,-12.0,-1,,False,-12.2,-12.4,-12.6,-1,-1,-1,4224,4220,7737,10988,0.7,a,,,,0.0,0,0,0
2026-09-01T00:37:01+00:00,51,577285,George Hemmings,2,3,45,0,0,3.4,124,,False,5.0,6.7,8.4,1,1,1,11611,5059,20354,10543,0.8,a,,,,2.0,2,4,160
2026-09-01T00:37:01+00:00,52,653481,Alysson,2,3,50,0,0,-25.0,-1,,False,-27.0,-29.1,-31.3,-2,-2,-2,307,391,650,987,0.0,a,,,,0.5,0,1,27
2026-09-01T00:37:01+00:00,53,614071,Manzambi,2,3,59,-1,-1,-10.7,-18,,False,-13.9,-17.3,-20.7,-1,-1,-2,186,2919,418,11709,0.2,i,0,Knee injury - Unknown return date,2026-08-15T15:30:06.388335Z,0.0,0,0,0
2026-09-01T00:37:01+00:00,54,448089,Gomes,2,3,55,0,0,-3.2,-7,,False,-10.3,-17.7,-25.2,-1,-1,-2,35,611,189,2494,0.0,s,0,Suspended until 19 Sep,2026-08-23T17:30:08.367415Z,-1.0,0,-2,39
2026-09-01T00:37:01+00:00,55,178301,Watkins,2,4,78,-1,-2,-1.4,-1535,,False,-20.6,-41.0,-61.4,-2,-3,-3,3694,112945,14326,389405,6.2,a,,,,0.0,0,0,0
2026-09-01T00:37:01+00:00,56,173879,Abraham,2,4,55,0,0,0.1,28,,False,0.5,0.9,1.3,1,1,1,673,1332,1270,4015,0.1,a,100,,2026-08-15T16:00:07.558543Z,0.5,1,1,19
2026-09-01T00:37:01+00:00,160,493105,Garnacho,2,3,59,-1,-1,-7.4,-52,,False,-15.5,-24.2,-32.8,-1,-2,-2,1243,5218,3264,15793,0.5,a,,,,1.0,1,2,16
2026-09-01T00:37:01+00:00,166,517052,N.Jackson,2,4,65,0,0,10.2,195,,False,12.7,15.4,18.0,1,1,1,2289,728,34617,14120,0.6,a,,,,1.0,2,2,70
2026-09-01T00:37:01+00:00,582,690838,Madjo,2,4,55,0,0,-32.5,-32,,False,-36.8,-41.3,-45.8,-2,-3,-3,491,4550,1657,13473,0.4,i,0,Unspecified injury - Unknown return date,2026-08-15T16:00:07.974271Z,0.0,0,0,0
2026-09-01T00:37:01+00:00,596,487992,Ruggeri,2,2,45,0,0,0.0,0,2026-09-02T14:00:12.061795Z,False,0.0,0.0,0.0,0,0,0,447,650,1303,1749,0.1,a,,,,0.5,0,1,8
2026-09-01T00:37:01+00:00,597,433969,Suzuki,2,1,50,0,0,0.0,0,2026-09-02T14:00:48.901511Z,False,0.0,0.0,0.0,0,0,0,7906,4066,12135,10837,0.9,a,,,,1.0,2,2,90
2026-09-01T00:37:01+00:00,606,569577,Rowe,2,2,40,0,0,0.0,0,2026-09-05T18:20:01.582031Z,False,0.0,0.0,0.0,0,0,0,3073,753,4633,999,0.1,a,,,,0.0,0,0,0
2026-09-01T00:37:01+00:00,607,571380,Lynch,2,3,45,0,0,0.0,0,2026-09-05T18:20:27.235486Z,False,0.0,0.0,0.0,0,0,0,2074,1095,5677,1927,0.1,a,,,,0.0,0,0,0
2026-09-01T00:37:01+00:00,611,214590,Wan-Bissaka,2,2,45,0,0,0.0,0,2026-09-07T14:00:13.698490Z,False,0.0,0.0,0.0,0,0,0,3102,688,4651,854,0.1,a,,,,1.0,1,1,12
2026-09-01T00:37:01+00:00,618,119090,Goretzka,2,3,60,0,0,0.0,0,2026-09-10T13:59:31.002497Z,False,0.0,0.0,0.0,0,0,0,1799,339,2011,346,0.0,a,,,,0.0,0,0,0
2026-09-01T00:37:01+00:00,57,457569,Petrović,3,1,45,0,0,6.6,41,,False,7.1,7.7,8.2,1,1,1,20779,13841,46157,27894,3.4,a,,,,2.5,3,5,180
2026-09-01T00:37:01+00:00,58,40383,Forster,3,1,40,0,0,0.5,26,,False,0.8,1.2,1.5,1,1,1,14886,8401,24448,19054,3.3,a,,,,0.0,0,0,0
2026-09-01T00:37:01+00:00,59,444172,Dennis,3,1,40,0,0,0.0,-13,,False,0.0,0.0,0.0,0,0,0,0,1536,1133,3053,0.2,u,0,Has joined MK Dons permanently,2026-08-27T14:53:48.692835Z,0.0,0,0,0
2026-09-01T00:37:01+00:00,60,463981,Hill,3,2,55,0,0,1.5,-5,,False,1.5,1.4,1.3,1,1,1,3261,4671,12414,11412,0.9,a,,,,2.5,4,5,180
2026-09-01T00:37:01+00:00,61,494521,Truffert,3,2,55,0,0,-6.0,-77,,False,-8.6,-11.3,-14.0,-1,-1,-1,6292,16726,26893,42547,4.0,a,,,,2.5,4,5,180
2026-09-01T00:37:01+00:00,62,242882,Diakité,3,2,50,0,0,-1.8,-8,,False,-7.4,-13.3,-19.2,-1,-1,-1,978,2024,3700,4345,0.2,a,,,,0.0,0,0,0
2026-09-01T00:37:01+00:00,63,620487,Milosavljević,3,2,50,0,0,-56.9,-2,,False,-67.5,-78.8,-90.0,-3,-3,-3,39,120,113,416,0.0,i,0,Unspecified injury - Unknown return date,2026-08-06T10:00:10.456051Z,0.0,0,0,0
2026-09-01T00:37:01+00:00,64,54469,Smith,3,2,45,0,0,1.0,10,,False,1.1,1.2,1.4,1,1,1,790,843,3635,1861,0.1,a,,,,1.0,1,2,180
2026-09-01T00:37:01+00:00,65,436893,J.Araujo,3,2,45,0,0,-78.5,0,,False,-78.5,-78.5,-78.5,-3,-3,-3,44,216,132,722,0.0,i,0,Thigh injury - Unknown return date,2026-08-09T08:00:05.645826Z,0.0,0,0,0
2026-09-01T00:37:01+00:00,66,575901,Soler,3,2,40,0,0,-14.5,22,,False,-1.4,0.3,0.6,-1,1,1,2370,1090,2786,3517,0.2,a,100,,2026-08-15T16:30:07.021055Z,0.0,0,0,0
2026-09-01T00:37:01+00:00,67,499604,Rayan,3,3,65,0,0,-28.3,-181,,False,-37.9,-48.1,-58.2,-2,-3,-3,5296,27259,28976,49438,2.5,a,,,,2.0,2,4,178
2026-09-01T00:37:01+00:00,68,201658,Tavernier,3,3,60,0,0,31.9,-105,,False,30.6,29.2,27.7,2,2,2,13906,21366,101113,33797,2.4,a,,,,5.5,1,11,180
2026-09-01T00:37:01+00:00,69,503139,Scott,3,3,60,0,0,7.0,196,,False,9.5,12.2,14.9,1,1,1,26199,7598,34719,20484,1.8,a,,,,7.0,12,14,176
2026-09-01T00:37:01+00:00,70,222683,Kluivert,3,3,60,0,0,1.8,-64,,False,1.0,0.1,-6.8,1,1,-1,4692,10381,21013,19971,1.2,a,,,,3.0,3,6,154
2026-09-01T00:37:01+00:00,71,155408,Cook,3,3,50,0,0,1.5,11,,False,1.7,1.8,2.0,1,1,1,3218,1652,6477,3359,0.2,a,,,,3.0,3,6,143
2026-09-01T00:37:01+00:00,72,496208,Gannon-Doak,3,3,50,0,0,-52.8,1,,False,-51.0,-49.1,-47.3,-3,-3,-3,193,727,558,1560,0.1,a,,,,0.5,0,1,1
2026-09-01T00:37:01+00:00,73,200785,Adams,3,3,50,0,0,0.6,-2,,False,0.5,0.5,0.5,1,1,1,2803,2337,5835,5192,0.2,a,100,,2026-08-15T16:30:07.029928Z,1.0,1,2,36
2026-09-01T00:37:01+00:00,74,111317,Brooks,3,3,50,0,0,0.1,0,,False,0.1,0.1,0.1,1,1,1,567,426,1169,1121,0.1,a,100,,2026-08-15T16:30:07.037929Z,0.5,1,1,9
2026-09-01T00:37:01+00:00,75,158499,Christie,3,3,50,0,0,0.0,2,,False,0.0,0.1,0.1,0,1,1,511,235,1071,431,0.0,a,100,,2026-07-24T17:30:10.035483Z,0.5,1,1,3
2026-09-01T00:37:01+00:00,76,614574,Tóth.A,3,3,50,0,0,-27.4,0,,False,-27.4,-27.4,-27.4,-2,-2,-2,60,117,160,263,0.0,a,,,,0.5,0,1,15
2026-09-01T00:37:01+00:00,77,489888,Adli,3,3,49,-1,-1,-3.0,-2,,False,-5.9,-9.0,-12.0,-1,-1,-1,68,361,122,1337,0.0,i,0,Unspecified injury - Unknown return date,2026-08-15T16:00:07.590566Z,0.0,0,0,0
2026-09-01T00:37:01+00:00,78,560262,Kroupi.Jr,3,3,74,-1,-1,-4.2,-28,,False,-7.2,-10.3,-13.5,-1,-1,-1,152,4703,614,18111,0.3,i,0,Foot injury - Unknown return date,2026-07-29T17:30:09.796802Z,0.0,0,0,0
2026-09-01T00:37:01+00:00,79,444102,Evanilson,3,4,60,0,0,36.1,135,,False,37.9,39.7,41.5,2,2,3,35620,17929,108245,36955,3.2,a,,,,4.5,5,9,154
2026-09-01T00:37:01+00:00,80,168636,Enes Ünal,3,4,55,0,0,0.0,0,,False,0.0,0.0,0.0,0,0,0,0,287,0,1357,0.0,u,0,Has joined Getafe permanently,2026-08-14T14:14:21.881112Z,0.0,0,0,0
2026-09-01T00:37:01+00:00,81,561245,Rodríguez,3,4,60,0,0,-11.2,-4,,False,-15.8,-20.6,-25.5,-1,-2,-2,634,894,1634,2076,0.1,a,100,,2026-08-15T16:30:07.054142Z,0.5,1,1,9
2026-09-01T00:37:01+00:00,566,483067,Silva,3,2,50,0,0,3.1,20,,False,3.3,3.6,3.9,1,1,1,3848,2048,11213,4238,0.4,a,,,,3.0,4,6,180
2026-09-01T00:37:01+00:00,573,494928,Sanchez,3,2,45,0,0,-38.0,-10,,False,-44.7,-51.9,-59.0,-3,-3,-3,171,1032,623,2497,0.2,a,,,,0.0,0,0,0
2026-09-01T00:37:01+00:00,608,523700,Jebbison,3,4,50,0,0,0.0,0,2026-09-05T18:20:47.304197Z,False,0.0,0.0,0.0,0,0,0,2075,880,4552,1301,0.1,a,,,,0.5,0,1,15
2026-09-01T00:37:01+00:00,615,230650,Di Gregorio,3,1,45,0,0,0.0,0,2026-09-09T14:56:25.380082Z,False,0.0,0.0,0.0,0,0,0,728,213,969,240,0.0,a,,,,0.0,0,0,0
2026-09-01T00:37:01+00:00,82,200720,Kelleher,4,1,50,0,0,28.5,128,,False,30.2,31.9,33.6,2,2,2,44346,22520,118780,42444,6.9,a,,,,4.5,2,9,180
2026-09-01T00:37:01+00:00,83,507433,Valdimarsson,4,1,45,0,0,-17.8,-1,,False,-18.4,-19.1,-19.7,-1,-1,-1,405,602,1047,1492,0.1,a,,,,0.0,0,0,0
2026-09-01T00:37:01+00:00,84,432830,Collins,4,2,55,0,0,9.7,40,,False,10.2,10.7,11.3,1,1,1,11670,8325,36759,17698,2.1,a,,,,4.5,3,9,180
2026-09-01T00:37:01+00:00,85,444765,Van den Berg,4,2,49,-1,-1,-0.3,-15,,False,-4.9,-9.8,-14.7,-1,-1,-1,76,1377,221,5500,0.1,i,0,Groin injury - Unknown return date,2026-08-15T15:30:06.416627Z,0.0,0,0,0
2026-09-01T00:37:01+00:00,86,249231,Lewis-Potter,4,3,55,0,0,34.0,318,,False,38.1,42.4,46.7,2,3,3,39913,9711,92455,16427,1.6,a,,,,8.0,6,16,177
2026-09-01T00:37:01+00:00,87,191866,Ajer,4,2,45,0,0,33.4,223,,False,36.3,39.3,42.3,2,2,3,51170,20597,121148,34499,4.5,a,,,,5.5,3,11,180
2026-09-01T00:37:01+00:00,88,607464,Kayode,4,2,46,0,1,22.7,265,,False,26.1,29.7,33.3,2,2,2,87346,32205,398149,53365,8.9,a,,,,7.5,2,15,162
2026-09-01T00:37:01+00:00,89,194010,Henry,4,2,45,0,0,-38.0,-8,,False,-42.6,-47.4,-52.3,-3,-3,-3,264,903,808,3049,0.2,a,,,,0.5,1,1,2
2026-09-01T00:37:01+00:00,90,472713,Hickey,4,2,45,0,0,0.1,-2,,False,0.0,0.0,-2.5,0,0,-1,330,400,953,940,0.1,a,,,,1.0,1,2,16
2026-09-01T00:37:01+00:00,92,570241,Ji-soo,4,2,45,0,0,-26.5,-1,,False,-34.6,-43.2,-51.8,-2,-3,-3,76,134,188,332,0.0,a,,,,0.0,0,0,0
2026-09-01T00:37:01+00:00,93,513086,Schuster,4,2,45,0,0,-41.2,-6,,False,-46.0,-51.1,-56.2,-3,-3,-3,75,585,217,1791,0.2,a,,,,0.0,0,0,0
2026-09-01T00:37:01+00:00,94,513418,Schade,4,3,60,0,0,10.1,440,,False,15.8,21.7,27.7,1,2,2,39030,18344,64028,44133,3.7,a,,,,6.5,10,13,177
2026-09-01T00:37:01+00:00,95,533463,O.Dango,4,3,65,0,0,-53.8,-99,,False,-67.2,-81.4,-95.5,-3,-3,-4,1959,12231,9307,23183,1.0,a,,,,2.0,1,4,95
2026-09-01T00:37:01+00:00,96,440089,Damsgaard,4,3,55,0,0,-57.8,-9,,False,-60.2,-62.8,-65.3,-3,-3,-3,1476,3252,3794,10796,0.5,a,,,,2.0,3,4,82
2026-09-01T00:37:01+00:00,97,207283,Jensen,4,3,55,0,0,0.3,-31,,False,-2.4,-14.1,-25.8,-1,-1,-2,518,2730,4376,4067,0.2,d,75,Unspecified injury - 75% chance of playing,2026-08-30T12:30:08.176795Z,3.0,0,6,66
2026-09-01T00:37:01+00:00,98,204580,Janelt,4,3,50,0,0,18.0,52,,False,18.7,19.4,20.1,1,1,2,15266,6037,49025,10322,0.6,a,,,,5.0,1,10,180
2026-09-01T00:37:01+00:00,99,543295,Milambo,4,3,50,0,0,-18.3,0,,False,-18.3,-18.3,-18.3,-1,-1,-1,17,18,45,63,0.0,i,0,Knee injury - Unknown return date,2026-07-23T12:01:23.384798Z,0.0,0,0,0
2026-09-01T00:37:01+00:00,100,244858,Carvalho,4,3,50,0,0,0.0,1,,False,0.0,0.0,0.1,0,0,1,250,175,405,421,0.0,a,100,,2026-08-18T13:58:17.442072Z,0.0,0,0,0
2026-09-01T00:37:01+00:00,102,508395,Yarmoliuk,4,3,50,0,0,-75.3,-83,,False,-86.1,-97.5,-108.9,-3,-4,-5,452,8195,1197,21374,1.0,a,,,,1.0,1,2,44
2026-09-01T00:37:01+00:00,103,183656,Dasilva,4,3,50,0,0,-56.2,-2,,False,-67.3,-79.1,-90.8,-3,-3,-3,83,243,247,596,0.0,a,,,,0.0,0,0,0
2026-09-01T00:37:01+00:00,105,444180,Anthony,4,3,60,0,0,-23.7,-9,,False,-31.0,-38.8,-46.5,-2,-2,-3,777,1554,2735,3945,0.2,a,,,,1.5,2,3,83
2026-09-01T00:37:01+00:00,106,502500,Thiago,4,4,80,0,0,-43.0,-968,,False,-51.6,-60.7,-69.8,-3,-3,-3,24939,143685,116711,284852,15.1,a,,,,1.0,2,2,172
2026-09-01T00:37:01+00:00,107,593174,Furo,4,4,45,0,0,2.7,87,,False,3.8,5.0,6.2,1,1,1,11435,5886,19626,14329,1.0,a,,,,0.0,0,0,0
2026-09-01T00:37:01+00:00,108,75115,Wilson,4,4,55,0,0,-5.2,5,,False,-3.3,-1.4,0.0,-1,-1,0,2474,3253,6825,8061,0.4,a,,,,1.0,1,2,9
2026-09-01T00:37:01+00:00,565,513545,M.Sangaré,4,3,56,0,1,75.0,2324,,False,104.9,136.4,168.0,5,5,5,204386,51009,648148,74349,11.3,a,,,,9.0,4,18,165
2026-09-01T00:37:01+00:00,620,613804,Diouf,4,2,45,0,0,0.0,0,2026-09-10T14:57:43.968027Z,False,0.0,0.0,0.0,0,0,0,5855,1608,6455,1645,0.1,a,,,,0.0,0,0,0
2026-09-01T00:37:01+00:00,109,489639,Verbruggen,5,1,45,0,0,23.5,312,,False,27.5,31.8,36.0,2,2,2,99817,59112,184573,104592,21.5,a,,,,3.0,0,6,180
2026-09-01T00:37:01+00:00,111,49262,Steele,5,1,40,0,0,0.4,45,,False,0.9,1.5,2.1,1,1,1,20852,11688,31566,25732,4.1,a,,,,0.0,0,0,0
2026-09-01T00:37:01+00:00,113,231416,F.Kadıoğlu,5,2,44,-1,-1,-4.8,-41,,False,-6.3,-7.8,-9.4,-1,-1,-1,6197,13909,8777,65313,2.1,a,100,,2026-08-23T13:00:07.595211Z,0.0,0,0,90
2026-09-01T00:37:01+00:00,114,204120,Boscagli,5,2,45,0,0,1.6,8,,False,1.7,1.8,2.0,1,1,1,2922,1813,7025,3372,0.3,a,,,,2.5,-1,5,180
2026-09-01T00:37:01+00:00,115,465730,De Cuyper,5,2,47,1,2,0.8,2224,,False,11.3,22.5,33.7,1,2,2,365467,42867,860465,64025,12.9,a,,,,8.5,0,17,167
2026-09-01T00:37:01+00:00,116,83299,Dunk,5,2,45,0,0,5.5,9,,False,5.6,5.7,5.8,1,1,1,9070,5967,22413,11277,1.2,a,,,,2.5,-1,5,180
2026-09-01T00:37:01+00:00,117,550090,Coppola,5,2,45,0,0,-1.5,-2,,False,-15.4,-30.1,-44.8,-1,-2,-3,125,132,316,356,0.0,a,,,,0.0,0,0,0
2026-09-01T00:37:01+00:00,118,223434,Igor,5,2,45,0,0,-27.2,2,,False,-24.5,-21.6,-18.7,-2,-2,-1,281,467,752,1342,0.1,a,,,,0.0,0,0,0
2026-09-01T00:37:01+00:00,119,451490,Costinha,5,2,45,0,0,0.0,-2,,False,0.0,-4.1,-11.6,0,-1,-1,164,210,449,436,0.0,a,,,,0.5,0,1,36
2026-09-01T00:37:01+00:00,120,454490,Svoboda,5,2,50,0,0,0.1,3,,False,0.1,0.2,0.2,1,1,1,398,458,1166,1142,0.1,a,,,,0.0,0,0,0
2026-09-01T00:37:01+00:00,121,451340,Mitoma,5,3,60,0,0,-79.4,-2,,False,-82.0,-84.7,-87.5,-3,-3,-3,74,539,233,1776,0.0,i,0,Hamstring injury - Unknown return date,2026-07-24T18:30:10.661894Z,0.0,0,0,0
2026-09-01T00:37:01+00:00,122,592031,Minteh,5,3,59,-1,-1,-18.7,-13,,False,-25.8,-33.4,-41.0,-2,-2,-3,53,1089,193,4610,0.1,i,0,Leg injury - Expected back 28 Nov,2026-08-14T18:00:06.418033Z,0.0,0,0,0
2026-09-01T00:37:01+00:00,123,532529,Hinshelwood,5,3,60,0,0,22.8,-569,,False,15.5,7.8,0.0,1,1,0,4651,55608,144479,93693,1.7,d,50,Unspecified injury - 50% chance of playing,2026-08-27T19:30:07.780933Z,8.0,0,16,63
2026-09-01T00:37:01+00:00,124,60307,Groß,5,3,55,0,0,-4.6,1656,,False,15.3,37.8,60.3,1,2,3,133277,41175,157456,147048,13.6,a,,,,7.5,13,15,180
2026-09-01T00:37:01+00:00,125,463067,Georginio,5,4,55,0,0,-1.1,-110,,False,-10.3,-20.0,-29.8,-1,-2,-2,2862,12358,26749,27365,0.9,d,75,Unspecified injury - 75% chance of playing,2026-08-26T16:00:07.608056Z,2.5,0,5,90
2026-09-01T00:37:01+00:00,126,219249,O'Riley,5,3,55,0,0,-47.1,-3,,False,-51.5,-56.1,-60.8,-3,-3,-3,496,936,1152,2288,0.1,a,,,,0.0,0,0,0
2026-09-01T00:37:01+00:00,127,514254,Gomez,5,3,50,0,0,17.6,607,,False,25.4,33.6,41.9,2,2,3,56940,20545,80892,37417,4.2,a,,,,5.5,5,11,175
2026-09-01T00:37:01+00:00,128,536916,Buonanotte,5,3,50,0,0,0.0,-2,,False,0.0,0.0,0.0,0,0,0,0,55,0,228,0.0,u,0,Has joined Elche on loan for the rest of the season,2026-08-10T14:03:07.561436Z,0.0,0,0,0
2026-09-01T00:37:01+00:00,129,509416,Ayari,5,3,55,0,0,-50.2,-124,,False,-66.6,-84.0,-101.4,-3,-3,-5,1290,8704,4624,16315,0.5,d,75,Ankle injury - 75% chance of playing,2026-08-30T18:00:07.935334Z,1.0,0,2,63
2026-09-01T00:37:01+00:00,130,467779,Wieffer,5,2,50,0,0,6.2,12,,False,6.4,6.5,6.7,1,1,1,7101,3651,20529,6708,0.5,a,,,,3.5,0,7,156
2026-09-01T00:37:01+00:00,132,597320,Howell,5,3,45,0,0,0.0,-4,,False,0.0,0.0,0.0,0,0,0,0,537,0,2069,0.0,u,0,Has joined Leicester City on loan for the rest of the season,2026-08-17T13:53:19.019938Z,0.0,0,0,0
2026-09-01T00:37:01+00:00,133,549074,Watson,5,3,50,0,0,0.0,0,,False,0.0,0.0,0.0,0,0,0,0,27,0,83,0.0,u,0,Has joined Leicester City on loan for the rest of the season,2026-08-03T14:05:44.459483Z,0.0,0,0,0
2026-09-01T00:37:01+00:00,134,556637,Oriola,5,3,45,0,0,-10.6,-2,,False,-11.3,-12.0,-12.8,-1,-1,-1,1603,1684,3311,4464,0.3,a,,,,0.0,0,0,0
2026-09-01T00:37:01+00:00,135,700308,Yohanna,5,3,50,0,0,-63.8,-3,,False,-69.9,-76.5,-83.0,-3,-3,-3,246,716,619,1595,0.1,a,,,,0.5,0,1,12
2026-09-01T00:37:01+00:00,137,608181,Tzimas,5,4,55,0,0,-53.2,-1,,False,-60.3,-67.9,-75.5,-3,-3,-3,33,102,117,354,0.0,i,0,Knee injury - Unknown return date,2026-07-23T12:01:23.432796Z,0.0,0,0,0
2026-09-01T00:37:01+00:00,138,647850,Kostoulas,5,4,55,0,0,2.5,127,,False,4.1,5.8,7.6,1,1,1,8638,1982,10022,4133,0.3,a,,,,3.0,5,6,105
2026-09-01T00:37:01+00:00,139,487117,Ferguson,5,4,50,0,0,-21.4,-4,,False,-26.7,-32.3,-38.0,-2,-2,-2,289,384,607,1007,0.0,i,0,Ankle injury - Expected back 10 Oct,2026-07-23T12:01:23.448357Z,0.0,0,0,0
2026-09-01T00:37:01+00:00,328,222694,Struijk,5,2,50,0,0,-39.2,-9,,False,-44.6,-50.3,-55.9,-3,-3,-3,724,1693,2140,4247,0.2,a,100,,2026-08-15T20:30:07.523574Z,0.0,0,0,0
2026-09-01T00:37:01+00:00,504,610799,Vuskovic,5,2,50,0,0,4.5,-26,,False,4.2,3.8,3.4,1,1,1,10977,14277,32163,26624,2.5,a,,,,3.0,0,6,180
2026-09-01T00:37:01+00:00,594,538007,David,5,4,60,0,0,0.0,0,2026-09-01T14:01:16.200061Z,False,0.0,0.0,0.0,0,0,0,1842,2509,4361,6650,0.3,a,,,,0.5,1,1,10
2026-09-01T00:37:01+00:00,600,612855,Osman,5,3,50,0,0,0.0,0,2026-09-03T13:04:41.322924Z,False,0.0,0.0,0.0,0,0,0,150,120,368,263,0.0,a,,,,1.0,1,2,28
2026-09-01T00:37:01+00:00,605,611695,Yalcouyé,5,3,45,0,0,0.0,0,2026-09-05T18:19:45.373499Z,False,0.0,0.0,0.0,0,0,0,68752,8872,73091,9824,0.9,a,,,,4.5,8,9,77
2026-09-01T00:37:01+00:00,614,512123,Hadjam,5,2,45,0,0,0.0,0,2026-09-08T14:03:01.287849Z,False,0.0,0.0,0.0,0,0,0,1151,252,2157,306,0.0,a,,,,0.0,0,0,0
2026-09-01T00:37:01+00:00,624,519324,Cozier-Duberry,5,3,50,0,0,0.0,0,2026-09-12T18:33:35.104021Z,False,0.0,0.0,0.0,0,0,0,52,19,52,19,0.0,a,,,,0.0,0,0,0
2026-09-01T00:37:01+00:00,28,98980,Martinez,6,1,50,0,0,-29.6,95,,False,-26.7,-23.6,-20.5,-2,-2,-2,32956,22205,62342,87119,4.3,a,,,,1.0,2,2,90
2026-09-01T00:37:01+00:00,40,244850,Rogers,6,3,75,0,0,82.2,-422,,False,76.8,71.1,65.4,3,3,3,116735,124508,368586,196257,25.6,a,,,,6.5,5,13,171
2026-09-01T00:37:01+00:00,101,56979,Henderson,6,3,50,0,0,-55.4,-2,,False,-58.5,-61.8,-65.1,-3,-3,-3,122,409,336,1100,0.0,d,75,Wrist injury - 75% chance of playing,2026-08-09T09:30:07.136250Z,0.0,0,0,0
2026-09-01T00:37:01+00:00,136,50175,Welbeck,6,4,59,-1,-1,-9.0,-95,,False,-17.2,-25.9,-34.7,-1,-2,-2,4161,12201,7297,34626,0.9,a,100,,2026-08-20T14:00:07.949090Z,0.0,0,0,0
2026-09-01T00:37:01+00:00,140,215059,Sánchez,6,1,49,-1,-1,-1.2,-380,,False,-17.6,-34.9,-52.2,-1,-2,-3,1478,35274,10402,62465,1.8,a,,,,1.0,0,2,90
2026-09-01T00:37:01+00:00,141,508479,Jörgensen,6,1,50,0,0,0.0,0,,False,0.0,0.0,0.0,0,0,0,0,148,0,649,0.0,u,0,Has joined RC Strasbourg on loan for the rest of the season,2026-08-12T14:07:02.607115Z,0.0,0,0,0
2026-09-01T00:37:01+00:00,142,225796,James,6,2,55,0,0,-38.4,-1011,,False,-53.2,-69.0,-84.7,-3,-3,-3,16735,92586,79260,173904,9.1,a,,,,0.5,1,1,112
2026-09-01T00:37:01+00:00,143,180736,Chalobah,6,2,55,0,0,0.0,-16,,False,0.0,0.0,0.0,0,0,0,0,2133,0,10191,0.1,u,0,Has joined Como permanently,2026-08-10T14:03:50.769483Z,0.0,0,0,0
2026-09-01T00:37:01+00:00,144,482609,Gusto,6,2,50,0,0,0.9,-98,,False,-3.3,-14.8,-26.3,-1,-1,-2,5858,9428,19183,20375,1.2,a,,,,1.0,1,2,165
2026-09-01T00:37:01+00:00,145,444463,Fofana,6,2,50,0,0,0.0,0,2026-09-01T21:00:07.689883Z,False,0.0,0.0,0.0,0,0,0,1488,581,2301,842,0.1,a,100,,2026-07-23T12:01:23.464591Z,0.0,0,0,67
2026-09-01T00:37:01+00:00,146,242880,B.Badiashile,6,2,45,0,0,0.0,-4,,False,0.0,0.0,0.0,0,0,0,0,439,232,1239,0.0,u,0,Has joined Napoli on loan for the rest of the season,2026-08-25T14:03:47.079414Z,0.0,0,0,0
2026-09-01T00:37:01+00:00,147,109646,Tosin,6,2,45,0,0,-70.4,-17,,False,-82.9,-96.2,-109.5,-3,-4,-5,159,1146,422,3266,0.2,a,,,,0.0,0,0,0
2026-09-01T00:37:01+00:00,148,551210,Hato,6,2,45,0,0,2.4,38,,False,2.9,3.4,3.9,1,1,1,11655,4375,16013,8859,0.6,a,,,,2.5,4,5,154
2026-09-01T00:37:01+00:00,149,460028,Colwill,6,2,50,0,0,-45.4,-121,,False,-56.9,-69.2,-81.4,-3,-3,-3,4720,14414,15291,32193,1.4,a,,,,0.5,1,1,161
2026-09-01T00:37:01+00:00,150,574458,M.Sarr,6,2,45,0,0,0.0,-13,,False,0.0,0.0,0.0,0,0,0,24,1992,429,2941,0.1,u,0,Has joined Real Sociedad on loan for the rest of the season,2026-08-29T00:34:23.077418Z,0.0,0,0,0
2026-09-01T00:37:01+00:00,151,577016,Acheampong,6,2,45,0,0,2.1,-29,,False,1.7,1.3,0.9,1,1,1,3022,3294,11087,6428,0.4,a,,,,2.0,1,4,112
2026-09-01T00:37:01+00:00,152,620109,Palestra,6,2,54,-1,-1,-22.2,-360,,False,-31.3,-40.8,-50.4,-2,-3,-3,415,37621,5375,107558,1.7,d,75,Unspecified injury - 75% chance of playing,2026-08-24T18:30:07.421239Z,0.0,0,0,0
2026-09-01T00:37:01+00:00,154,244851,Palmer,6,3,96,1,1,8.3,178,,False,9.2,10.1,10.9,1,1,1,197207,71847,574079,103807,18.0,a,100,,2026-08-24T22:00:07.971542Z,10.0,7,20,172
2026-09-01T00:37:01+00:00,155,448047,Enzo,6,3,69,-1,-1,-42.2,-757,,False,-58.4,-75.6,-92.8,-3,-3,-3,4049,71232,19003,160397,3.6,a,,,,0.5,0,1,25
2026-09-01T00:37:01+00:00,156,247632,Neto,6,3,65,0,0,-54.1,73,,False,-46.3,-38.0,-29.7,-3,-2,-2,11537,9025,17172,32387,1.2,a,,,,4.0,7,8,81
2026-09-01T00:37:01+00:00,157,624773,Estêvão,6,3,64,-1,-1,-16.4,-222,,False,-34.2,-53.0,-71.9,-2,-3,-3,2095,18228,7659,42012,1.0,a,,,,0.5,0,1,7
2026-09-01T00:37:01+00:00,158,463936,Gittens,6,3,59,-1,-1,-10.5,-4,,False,-19.0,-28.1,-37.1,-1,-2,-2,148,511,419,1284,0.0,a,,,,0.0,0,0,0
2026-09-01T00:37:01+00:00,159,486672,Caicedo,6,3,54,-1,-1,-18.2,-462,,False,-26.4,-35.1,-43.9,-2,-2,-3,2209,46867,11690,145190,2.4,d,75,Unspecified injury - 75% chance of playing,2026-08-30T16:00:08.393562Z,0.5,1,1,13
2026-09-01T00:37:01+00:00,161,514356,Lavia,6,3,50,0,0,2.1,53,,False,2.8,3.5,4.2,1,1,1,5945,1300,7118,2219,0.1,a,,,,4.0,7,8,131
2026-09-01T00:37:01+00:00,163,491007,D.Essugo,6,3,45,0,0,-40.7,2,,False,-39.6,-38.5,-37.4,-2,-2,-2,1014,1520,2266,4407,0.2,a,,,,0.0,0,0,0
2026-09-01T00:37:01+00:00,164,593117,Quenda,6,3,54,-1,-1,-8.2,-6,,False,-19.2,-30.9,-42.6,-1,-2,-3,161,615,392,1435,0.0,a,100,,2026-07-24T20:30:10.609931Z,0.5,0,1,8
2026-09-01T00:37:01+00:00,165,475168,João Pedro,6,4,76,0,1,81.2,1503,,False,100.5,120.9,141.4,5,5,5,208137,53447,613325,81612,69.6,a,,,,10.0,9,20,180
2026-09-01T00:37:01+00:00,168,499309,Marc Guiu,6,4,50,0,0,-58.8,-23,,False,-66.1,-73.9,-81.6,-3,-3,-3,1613,3897,3791,10043,0.4,a,,,,0.0,0,0,0
2026-09-01T00:37:01+00:00,169,567119,Mheuka,6,4,45,0,0,0.0,32,,False,0.4,0.9,1.3,1,1,1,3515,2723,6444,7132,0.4,a,,,,0.0,0,0,0
2026-09-01T00:37:01+00:00,170,503037,Emegha,6,4,50,0,0,-39.0,-4,,False,-42.6,-46.6,-50.5,-3,-3,-3,1031,1667,2481,4001,0.1,a,100,,2026-07-24T20:30:10.622380Z,0.0,0,0,0
2026-09-01T00:37:01+00:00,200,437499,Lacroix,6,2,60,0,0,-5.9,-668,,False,-15.8,-26.3,-36.8,-1,-2,-2,21667,63101,85189,107908,9.0,a,,,,3.5,1,7,180
2026-09-01T00:37:01+00:00,560,549939,Penders,6,1,45,0,0,-50.3,-2,,False,-54.6,-59.3,-63.9,-3,-3,-3,194,604,589,1369,0.1,a,,,,0.0,0,0,0
2026-09-01T00:37:01+00:00,561,622758,Anselmino,6,2,45,0,0,-1.6,0,,False,-1.6,-1.6,-1.6,-1,-1,-1,114,119,236,565,0.0,a,100,,2026-08-23T19:00:08.536705Z,0.0,0,0,0
2026-09-01T00:37:01+00:00,568,543158,Barco,6,3,55,0,0,-43.8,-6,,False,-49.6,-55.8,-62.1,-3,-3,-3,610,877,1138,2538,0.1,a,,,,0.5,1,1,8
2026-09-01T00:37:01+00:00,578,465920,Mudryk,6,3,54,-1,-1,0.0,5,,False,0.1,0.1,0.2,1,1,1,226,638,460,1614,0.0,a,,,,0.0,0,0,0
2026-09-01T00:37:01+00:00,583,498444,Chavarria,6,2,50,0,0,-49.4,-32,,False,-72.3,-96.5,-120.7,-3,-4,-5,366,1814,1447,4372,0.2,a,,,,1.0,1,2,43
2026-09-01T00:37:01+00:00,91,231065,Pinnock,7,2,45,0,0,-31.7,-2,,False,-35.8,-40.2,-44.7,-2,-3,-3,293,563,867,1534,0.1,a,,,,0.5,1,1,12
2026-09-01T00:37:01+00:00,104,428580,Onyeka,7,3,50,0,0,0.0,-18,,False,-14.6,-32.1,-49.7,-1,-2,-3,204,1527,2660,3127,0.1,a,,,,1.0,0,2,90
2026-09-01T00:37:01+00:00,110,472739,Rushworth,7,1,45,0,0,2.1,-30,,False,1.7,1.3,0.9,1,1,1,1224,7435,13155,12107,1.1,a,,,,1.5,2,3,180
2026-09-01T00:37:01+00:00,171,484389,Dovin,7,1,40,0,0,-11.1,-24,,False,-13.2,-15.5,-17.7,-1,-1,-1,3607,4240,6241,10651,1.5,a,,,,0.0,0,0,0
2026-09-01T00:37:01+00:00,172,110690,Wilson,7,1,45,0,0,-50.0,-18,,False,-55.6,-61.6,-67.5,-3,-3,-3,94,1940,321,5380,0.4,a,,,,0.0,0,0,0
2026-09-01T00:37:01+00:00,173,461102,Thomas,7,2,40,0,0,11.9,171,,False,14.1,16.4,18.7,1,1,1,49932,25628,88043,49518,8.2,a,,,,5.5,8,11,167
2026-09-01T00:37:01+00:00,174,436761,Kitching,7,2,40,0,0,-43.3,-22,,False,-48.1,-53.2,-58.3,-3,-3,-3,295,2654,815,7440,0.6,a,,,,0.0,0,0,0
2026-09-01T00:37:01+00:00,175,451284,van Ewijk,7,2,40,0,0,-8.3,-184,,False,-10.3,-12.4,-14.5,-1,-1,-1,19598,55964,54049,105822,12.4,a,,,,1.5,2,3,180
2026-09-01T00:37:01+00:00,176,173878,Dasilva,7,2,40,0,0,-5.5,-14,,False,-7.7,-10.2,-12.6,-1,-1,-1,1047,2594,4271,6648,0.8,a,,,,1.5,2,3,180
2026-09-01T00:37:01+00:00,177,465390,Kesler-Hayden,7,2,40,0,0,-36.4,-2,,False,-38.6,-41.0,-43.3,-2,-3,-3,49,658,217,1408,0.1,i,0,Hamstring injury - Unknown return date,2026-08-27T14:56:28.704361Z,0.0,0,0,0
2026-09-01T00:37:01+00:00,178,80178,Bidwell,7,2,40,0,0,-20.1,-2,,False,-22.8,-25.7,-28.6,-2,-2,-2,191,479,697,1223,0.1,a,,,,0.0,0,0,0
2026-09-01T00:37:01+00:00,179,204813,Latibeaudiere,7,2,40,0,0,-30.9,-3,,False,-42.4,-54.7,-66.9,-3,-3,-3,125,211,285,631,0.0,a,,,,0.0,0,0,0
2026-09-01T00:37:01+00:00,180,220583,Woolfenden,7,2,40,0,0,-27.6,-8,,False,-30.1,-32.7,-35.4,-2,-2,-2,299,1751,1245,3979,0.2,i,0,Knee injury - Unknown return date,2026-08-27T14:56:28.718566Z,0.0,0,0,0
2026-09-01T00:37:01+00:00,181,577411,Brau,7,2,40,0,0,0.0,-2,,False,0.0,0.0,0.0,0,0,0,19,538,275,876,0.0,u,0,Has joined Academico de Viseu on loan for the rest of the season,2026-08-29T00:35:59.980316Z,0.0,0,0,0
2026-09-01T00:37:01+00:00,182,539142,Amenda,7,2,40,0,0,-12.2,-13,,False,-14.3,-16.6,-18.9,-1,-1,-1,990,3378,4318,7889,0.8,a,,,,1.0,1,2,180
2026-09-01T00:37:01+00:00,183,480457,Rudoni,7,3,50,0,0,-8.8,-4,,False,-12.8,-17.1,-21.3,-1,-1,-2,386,1057,1636,2356,0.1,a,100,,2026-07-23T12:01:23.481435Z,2.0,3,4,90
2026-09-01T00:37:01+00:00,184,168144,Grimes,7,3,50,0,0,0.1,-7,,False,0.0,-4.3,-9.6,0,-1,-1,260,1481,2550,3097,0.2,a,,,,2.0,2,4,180
2026-09-01T00:37:01+00:00,185,501459,Sakamoto,7,3,50,0,0,-95.5,-4,,False,-100.6,-106.1,-111.6,-5,-5,-5,84,723,221,2178,0.1,a,,,,0.5,1,1,31
2026-09-01T00:37:01+00:00,186,241293,Mason-Clark,7,3,55,0,0,-73.6,-8,,False,-83.1,-93.2,-103.3,-3,-3,-5,110,869,599,2447,0.1,a,100,,2026-08-19T18:00:08.310507Z,0.5,1,1,57
2026-09-01T00:37:01+00:00,187,439668,Eccles,7,3,49,-1,-1,0.1,2,,False,0.1,0.1,0.1,1,1,1,253,203,322,502,0.0,a,,,,0.0,0,0,0
2026-09-01T00:37:01+00:00,188,226965,Torp,7,3,55,0,0,-71.4,-11,,False,-81.4,-92.0,-102.6,-3,-3,-5,29,1287,578,3111,0.1,a,,,,1.0,1,2,47
2026-09-01T00:37:01+00:00,189,684268,Shepherd,7,3,45,0,0,-40.7,-8,,False,-44.6,-48.8,-52.9,-3,-3,-3,754,1703,1767,4874,0.3,a,,,,0.0,0,0,0
2026-09-01T00:37:01+00:00,190,469272,Tchaouna,7,3,55,0,0,0.3,-10,,False,0.2,0.1,-4.6,1,1,-1,67,1216,2829,2667,0.1,a,,,,1.5,1,3,139
2026-09-01T00:37:01+00:00,191,492498,Borges Rodrigues,7,3,45,0,0,-30.8,0,,False,-30.8,-30.8,-30.8,-2,-2,-2,845,1180,1525,3053,0.2,a,,,,0.0,0,0,0
2026-09-01T00:37:01+00:00,192,629397,Andrews,7,3,45,0,0,0.0,-82,,False,0.0,0.0,0.0,0,0,0,142,9594,2718,16788,0.5,u,0,Has joined Oxford United on loan for the rest of the season,2026-08-29T00:35:59.998520Z,0.0,0,0,0
2026-09-01T00:37:01+00:00,193,176412,Wright,7,4,54,-1,-1,-3.9,-12,,False,-6.7,-9.8,-12.8,-1,-1,-1,59,1887,166,7312,0.1,i,0,Thigh injury - Unknown return date,2026-08-14T22:00:07.214508Z,0.0,0,0,0
2026-09-01T00:37:01+00:00,194,230730,Thomas-Asante,7,4,50,0,0,3.9,-15,,False,3.7,3.5,3.3,1,1,1,9075,7964,23669,15852,0.8,a,,,,1.5,1,3,101
2026-09-01T00:37:01+00:00,195,218997,Simms,7,4,50,0,0,3.9,-55,,False,3.2,2.5,1.7,1,1,1,5615,9803,25551,19406,0.9,a,,,,1.0,0,2,69
2026-09-01T00:37:01+00:00,196,551262,Markelo,7,4,50,0,0,0.0,-3,,False,0.0,0.0,0.0,0,0,0,0,177,0,767,0.0,u,0,Has joined Shabab Al-Ahli Dubai permanently,2026-08-17T13:53:55.791223Z,0.0,0,0,0
2026-09-01T00:37:01+00:00,197,549653,Bassette,7,4,45,0,0,0.0,-4,,False,0.0,0.0,0.0,0,0,0,0,345,0,1133,0.0,u,0,Has joined KVC Westerlo on loan for the rest of the season,2026-07-28T12:58:50.001768Z,0.0,0,0,0
2026-09-01T00:37:01+00:00,492,210156,Awoniyi,7,4,55,0,0,-24.1,-56,,False,-33.8,-44.0,-54.3,-2,-3,-3,2301,7155,10955,16448,0.8,a,,,,1.5,2,3,110
2026-09-01T00:37:01+00:00,575,661888,Yirenkyi,7,3,50,0,0,-47.4,-16,,False,-57.1,-67.4,-77.7,-3,-3,-3,423,1848,1420,4423,0.2,a,,,,2.0,3,4,131
2026-09-01T00:37:01+00:00,584,196100,Hamer,7,3,55,0,0,-41.7,-9,,False,-50.8,-60.5,-70.2,-3,-3,-3,101,980,487,2408,0.1,a,,,,1.0,1,2,27
2026-09-01T00:37:01+00:00,599,627221,Cherif,7,4,50,0,0,0.0,0,2026-09-02T14:02:06.979982Z,False,0.0,0.0,0.0,0,0,0,1134,1080,2858,2474,0.1,a,,,,0.0,0,0,0
2026-09-01T00:37:01+00:00,623,79602,Bentley,7,1,40,0,0,0.0,0,2026-09-11T19:08:56.427340Z,False,0.0,0.0,0.0,0,0,0,5765,708,5765,708,0.1,a,,,,0.0,0,0,0
2026-09-01T00:37:01+00:00,42,485337,Guessand,8,3,55,0,0,-38.7,0,,False,-38.7,-38.7,-38.7,-2,-2,-2,247,495,730,1118,0.0,a,,,,1.0,1,2,54
2026-09-01T00:37:01+00:00,153,220362,Disasi,8,2,45,0,0,-1.9,3,,False,0.0,0.1,0.1,0,1,1,654,466,1179,1314,0.1,a,,,,0.5,1,1,16
2026-09-01T00:37:01+00:00,198,172649,Henderson,8,1,50,0,0,-22.0,-7,,False,-22.5,-23.0,-23.5,-2,-2,-2,6115,8699,12019,22473,1.8,a,100,,2026-08-20T14:00:08.018379Z,1.5,1,3,180
2026-09-01T00:37:01+00:00,199,121709,Benitez,8,1,45,0,0,-45.4,0,,False,-45.4,-45.4,-45.4,-3,-3,-3,293,605,761,1981,0.1,a,,,,0.0,0,0,0
2026-09-01T00:37:01+00:00,201,247348,Muñoz,8,2,54,-1,-1,-8.4,-895,,False,-18.1,-28.4,-38.7,-1,-2,-2,10568,101731,26213,227157,7.2,a,,,,0.0,0,0,54
2026-09-01T00:37:01+00:00,202,427623,Richards,8,2,50,0,0,-33.0,-30,,False,-38.8,-45.0,-51.2,-2,-3,-3,2101,5344,6309,11798,0.7,a,,,,1.5,0,3,180
2026-09-01T00:37:01+00:00,203,651426,Canvot,8,2,50,0,0,-81.4,-33,,False,-97.3,-114.1,-130.9,-4,-5,-5,617,2587,1438,6608,0.3,a,,,,0.5,0,1,180
2026-09-01T00:37:01+00:00,204,244723,Mitchell,8,2,45,0,0,-53.8,-259,,False,-60.6,-67.8,-75.0,-3,-3,-3,4083,34948,10048,85287,5.1,a,,,,0.5,0,1,180
2026-09-01T00:37:01+00:00,205,218364,Sosa,8,2,45,0,0,-56.0,-4,,False,-74.3,-93.6,-112.9,-3,-3,-5,67,222,193,574,0.0,a,,,,0.0,0,0,0
2026-09-01T00:37:01+00:00,206,515621,Chadi Riad,8,2,44,-1,-1,-19.4,-13,,False,-29.7,-40.5,-51.3,-2,-3,-3,93,922,413,3765,0.0,i,0,Knee injury - Unknown return date,2026-08-22T18:00:07.352049Z,0.5,0,1,72
2026-09-01T00:37:01+00:00,207,242313,Mingueza,8,2,45,0,0,-96.5,-4,,False,-103.2,-110.2,-117.3,-5,-5,-5,154,519,353,1799,0.1,a,,,,0.5,1,1,15
2026-09-01T00:37:01+00:00,208,232185,Sarr,8,3,64,0,-1,-84.4,-531,,False,-99.7,-115.8,-132.0,-4,-5,-5,148,60149,2250,266727,1.7,i,0,Groin injury - Unknown return date,2026-08-22T18:00:07.363165Z,0.0,0,0,0
2026-09-01T00:37:01+00:00,210,496221,Wharton,8,3,55,0,0,-8.0,-19,,False,-10.8,-13.8,-16.8,-1,-1,-1,4875,6348,11585,14148,0.9,a,100,,2026-07-23T12:01:23.498963Z,3.0,2,6,180
2026-09-01T00:37:01+00:00,211,488024,Yeremy,8,3,55,0,0,-18.1,18,,False,-6.1,0.1,0.4,-1,1,1,2265,1067,2579,3525,0.2,a,,,,3.0,5,6,102
2026-09-01T00:37:01+00:00,212,108413,Hughes,8,3,45,0,0,-40.6,-304,,False,-44.6,-48.9,-53.2,-3,-3,-3,18149,61498,38331,151678,10.1,a,,,,0.0,0,0,0
2026-09-01T00:37:01+00:00,213,152551,Lerma,8,3,50,0,0,-92.5,-9,,False,-104.5,-117.2,-129.9,-5,-5,-5,109,822,313,2272,0.1,a,,,,0.0,0,0,0
2026-09-01T00:37:01+00:00,214,209400,Kamada,8,3,50,0,0,-13.3,-5,,False,-15.8,-18.3,-20.9,-1,-1,-2,2013,2027,3957,5121,0.3,a,,,,2.5,2,5,180
2026-09-01T00:37:01+00:00,215,489706,Devenny,8,3,50,0,0,-68.4,-7,,False,-155.0,-246.7,-338.4,-5,-5,-5,43,108,112,284,0.0,a,,,,0.0,0,0,0
2026-09-01T00:37:01+00:00,216,606921,Esse,8,3,50,0,0,-77.2,0,,False,-77.2,-77.2,-77.2,-3,-3,-3,121,398,332,988,0.0,a,,,,0.0,0,0,0
2026-09-01T00:37:01+00:00,217,536694,M.França,8,3,49,-1,-1,0.1,4,,False,0.2,0.3,0.3,1,1,1,808,604,825,1318,0.0,a,,,,0.0,0,0,0
2026-09-01T00:37:01+00:00,218,438464,Doucouré,8,3,49,-1,-1,0.0,11,,False,0.1,0.3,0.4,1,1,1,197,645,445,1704,0.1,a,,,,0.0,0,0,0
2026-09-01T00:37:01+00:00,219,450542,J.Rak-Sakyi,8,3,50,0,0,-58.7,0,,False,-58.7,-58.7,-58.7,-3,-3,-3,22,50,61,140,0.0,a,,,,0.0,0,0,0
2026-09-01T00:37:01+00:00,220,590014,Cardines,8,2,45,0,0,0.0,0,,False,0.0,0.0,0.0,0,0,0,0,26,0,91,0.0,u,0,Has joined Bristol City on loan for the rest of the season,2026-08-12T14:08:46.501813Z,0.0,0,0,0
2026-09-01T00:37:01+00:00,221,672492,Drakes-Thomas,8,3,45,0,0,-33.5,-5,,False,-41.7,-50.4,-59.1,-3,-3,-3,391,561,790,1549,0.1,a,,,,0.0,0,0,0
2026-09-01T00:37:01+00:00,222,247412,Strand Larsen,8,4,60,0,0,-64.0,-15,,False,-68.0,-72.3,-76.5,-3,-3,-3,3187,3892,4697,11663,0.5,a,,,,1.5,2,3,89
2026-09-01T00:37:01+00:00,223,231747,Mateta,8,4,64,-1,-1,-0.7,-1308,,False,-11.0,-21.9,-32.8,-1,-2,-2,926,147648,24877,220081,3.6,i,0,Hamstring injury - Expected back 11 Oct,2026-08-28T21:00:08.020382Z,1.0,0,2,62
2026-09-01T00:37:01+00:00,224,205533,Nketiah,8,4,55,0,0,-7.2,9,,False,-4.9,-2.4,0.0,-1,-1,0,4849,3781,8112,9561,0.5,a,,,,1.5,2,3,122
2026-09-01T00:37:01+00:00,225,660392,Uche,8,4,50,0,0,0.0,0,,False,0.0,0.0,0.0,0,0,0,0,0,0,0,0.0,u,0,has returned to Getafe CF,2026-07-23T12:18:56.275922Z,0.0,0,0,0
2026-09-01T00:37:01+00:00,241,433154,McNeil,8,3,55,0,0,-62.5,-11,,False,-71.8,-81.6,-91.5,-3,-3,-3,204,1084,676,2912,0.2,a,,,,1.5,1,3,84
2026-09-01T00:37:01+00:00,555,169593,Matthews,8,1,40,0,0,0.3,-6,,False,0.3,0.2,0.1,1,1,1,4042,4221,9987,10456,1.8,a,,,,0.0,0,0,0
2026-09-01T00:37:01+00:00,577,223723,Tomiyasu,8,2,45,0,0,-30.6,-7,,False,-33.3,-36.2,-39.1,-2,-2,-2,600,1451,1429,4118,0.3,a,,,,1.0,1,2,91
2026-09-01T00:37:01+00:00,588,570794,Khalaili,8,2,50,0,0,0.1,7,,False,0.2,0.3,0.4,1,1,1,1102,509,1564,1336,0.1,a,,,,1.5,2,3,109
2026-09-01T00:37:01+00:00,595,559152,Gozo,8,3,50,0,0,0.0,0,2026-09-01T14:01:46.428415Z,False,0.0,0.0,0.0,0,0,0,72,100,173,273,0.0,a,,,,0.5,1,1,22
2026-09-01T00:37:01+00:00,21,128295,Nørgaard,9,3,50,0,0,-96.0,-10,,False,-102.4,-109.2,-115.9,-5,-5,-5,60,1057,162,3923,0.1,i,0,Groin injury - Unknown return date,2026-08-15T20:00:06.779594Z,0.0,0,0,0
2026-09-01T00:37:01+00:00,209,242898,Johnson,9,3,59,-1,-1,-0.4,-14,,False,-8.1,-16.3,-24.4,-1,-1,-2,328,1598,1060,4178,0.1,a,,,,1.0,1,2,34
2026-09-01T00:37:01+00:00,226,111234,Pickford,9,1,55,0,0,13.4,-139,,False,11.6,9.7,7.8,1,1,1,31447,33296,94986,61486,8.9,a,,,,5.0,3,10,180
2026-09-01T00:37:01+00:00,227,229600,Travers,9,1,50,0,0,-32.2,-4,,False,-45.4,-59.4,-73.4,-3,-3,-3,145,261,435,664,0.0,a,,,,0.0,0,0,0
2026-09-01T00:37:01+00:00,228,138001,King,9,1,45,0,0,-18.9,0,,False,-18.9,-18.9,-18.9,-1,-1,-1,135,234,378,613,0.0,a,,,,0.0,0,0,0
2026-09-01T00:37:01+00:00,229,17761,Tarkowski,9,2,60,0,0,34.9,833,,False,45.6,56.9,68.2,3,3,3,110906,33523,153642,70589,9.9,a,,,,9.0,12,18,180
2026-09-01T00:37:01+00:00,230,480455,Branthwaite,9,2,55,0,0,5.5,-25,,False,5.1,4.8,4.5,1,1,1,8645,8667,27748,17585,1.8,a,,,,5.0,4,10,180
2026-09-01T00:37:01+00:00,231,106611,Keane,9,2,49,-1,-1,-9.1,-128,,False,-17.5,-26.3,-35.1,-1,-2,-2,1100,15807,4360,40692,1.2,a,,,,0.0,0,0,0
2026-09-01T00:37:01+00:00,232,512462,O'Brien,9,2,49,-1,-1,-7.0,-36,,False,-14.2,-21.9,-29.6,-1,-2,-2,485,3945,1888,11674,0.4,a,,,,0.0,0,0,0
2026-09-01T00:37:01+00:00,233,224967,Mykolenko,9,2,45,0,0,7.8,44,,False,8.4,9.0,9.6,1,1,1,20030,10049,41814,19119,1.7,a,,,,5.0,4,10,180
2026-09-01T00:37:01+00:00,234,243571,Patterson,9,2,45,0,0,-35.1,0,,False,-35.1,-35.1,-35.1,-2,-2,-2,102,219,309,588,0.0,a,,,,0.0,0,0,0
2026-09-01T00:37:01+00:00,235,499300,Aznou,9,2,40,0,0,-20.2,0,,False,-20.2,-20.2,-20.2,-2,-2,-2,583,1028,1592,2716,0.2,a,,,,0.0,0,0,0
2026-09-01T00:37:01+00:00,236,215413,Dewsbury-Hall,9,3,65,0,0,43.2,-156,,False,41.2,39.1,37.0,3,2,2,27679,40791,160326,67742,4.5,a,,,,6.5,2,13,180
2026-09-01T00:37:01+00:00,237,440993,Ndiaye,9,3,60,0,0,3.1,-1147,,False,-8.2,-19.1,-30.0,-1,-1,-2,44661,123404,167349,183424,14.9,a,,,,6.5,4,13,180
2026-09-01T00:37:01+00:00,239,232928,Garner,9,3,60,0,0,-17.9,-16,,False,-33.7,-50.4,-67.1,-2,-3,-3,1096,1561,2629,3210,0.1,a,100,,2026-07-25T14:30:10.455878Z,1.0,1,2,72
2026-09-01T00:37:01+00:00,240,490094,Iroegbunam,9,3,50,0,0,0.0,0,2026-09-06T14:30:08.427579Z,False,0.0,0.0,0.0,0,0,0,61,92,82,440,0.0,a,100,,2026-08-15T20:00:06.878792Z,0.5,1,1,4
2026-09-01T00:37:01+00:00,242,550615,George,9,3,55,0,0,-14.3,-13,,False,-20.8,-27.7,-34.5,-2,-2,-2,834,1990,3107,4472,0.3,a,,,,2.5,2,5,144
2026-09-01T00:37:01+00:00,243,502697,Alcaraz,9,3,50,0,0,-38.0,-4,,False,-44.0,-50.4,-56.7,-3,-3,-3,402,872,1155,2010,0.1,a,,,,0.5,0,1,5
2026-09-01T00:37:01+00:00,244,609873,Armstrong,9,3,50,0,0,7.5,52,,False,8.2,8.9,9.6,1,1,1,10861,3858,23647,6325,0.3,a,,,,5.0,2,10,176
2026-09-01T00:37:01+00:00,245,496661,Dibling,9,3,54,-1,-1,-3.9,-8,,False,-22.5,-42.2,-61.9,-2,-3,-3,172,418,373,1169,0.0,a,,,,0.0,0,0,0
2026-09-01T00:37:01+00:00,246,513466,Röhl,9,3,50,0,0,-14.7,4,,False,-5.9,0.0,0.1,-1,0,1,280,470,798,1106,0.1,a,,,,2.5,2,5,175
2026-09-01T00:37:01+00:00,247,244860,Hackney,9,3,55,0,0,-17.9,-8,,False,-22.6,-27.6,-32.6,-2,-2,-2,252,1919,1096,5121,0.2,a,100,,2026-08-26T22:00:07.797766Z,2.0,1,4,106
2026-09-01T00:37:01+00:00,248,486385,Beto,9,4,54,-1,-1,-6.8,-143,,False,-12.2,-17.9,-23.6,-1,-1,-2,5063,24733,12772,67544,2.1,a,,,,1.0,1,2,31
2026-09-01T00:37:01+00:00,249,586309,Barry,9,4,55,0,0,71.8,349,,False,76.2,81.0,85.7,3,3,3,76569,37478,226834,59906,4.1,a,,,,5.0,2,10,147
2026-09-01T00:37:01+00:00,250,80201,Leno,10,1,45,0,0,1.9,33,,False,2.3,2.8,3.2,1,1,1,12933,10263,25107,21792,3.0,a,,,,2.5,3,5,180
2026-09-01T00:37:01+00:00,251,86873,Lecomte,10,1,40,0,0,-10.3,-5,,False,-10.9,-11.5,-12.1,-1,-1,-1,2339,2715,3831,6843,1.2,a,,,,0.0,0,0,0
2026-09-01T00:37:01+00:00,252,505079,McNally,10,1,40,0,0,0.3,7,,False,0.4,0.4,0.5,1,1,1,1474,523,2279,1143,0.2,a,,,,0.0,0,0,0
2026-09-01T00:37:01+00:00,253,174874,Andersen,10,2,50,0,0,0.0,0,2026-09-01T21:00:07.729855Z,False,0.0,0.0,0.0,0,0,0,2324,925,4638,1555,0.1,a,100,,2026-07-23T12:01:23.516350Z,0.5,1,1,90
2026-09-01T00:37:01+00:00,254,169528,Robinson,10,2,45,0,0,1.2,-20,,False,1.0,0.7,0.5,1,1,1,5358,7379,16539,16808,1.6,a,,,,1.5,2,3,171
2026-09-01T00:37:01+00:00,255,246301,J.Cuenca,10,2,45,0,0,0.2,-1,,False,0.2,0.2,0.2,1,1,1,254,292,1035,551,0.0,a,,,,1.5,0,3,90
2026-09-01T00:37:01+00:00,256,167074,Tete,10,2,45,0,0,-47.2,-16,,False,-55.9,-65.0,-74.1,-3,-3,-3,227,1250,565,3311,0.2,a,,,,0.0,0,0,0
2026-09-01T00:37:01+00:00,257,232892,Bassey,10,2,45,0,0,1.0,9,,False,1.1,1.2,1.3,1,1,1,3026,3414,9889,9456,0.8,a,,,,1.0,2,2,180
2026-09-01T00:37:01+00:00,258,166477,Castagne,10,2,45,0,0,6.9,121,,False,8.5,10.1,11.8,1,1,1,15429,3591,27525,6206,0.7,a,,,,6.0,6,12,157
2026-09-01T00:37:01+00:00,261,153133,Iwobi,10,3,55,0,0,-29.7,-43,,False,-35.9,-42.6,-49.2,-2,-3,-3,2771,7447,8866,16843,0.9,a,,,,2.0,2,4,180
2026-09-01T00:37:01+00:00,262,209289,Smith Rowe,10,3,55,0,0,-71.0,-20,,False,-78.6,-86.6,-94.7,-3,-3,-3,672,2935,2086,7683,0.3,a,,,,0.5,1,1,14
2026-09-01T00:37:01+00:00,263,560552,Kevin,10,3,55,0,0,-82.1,-8,,False,-103.2,-125.5,-147.8,-5,-5,-5,179,640,598,1502,0.1,a,,,,1.0,1,2,24
2026-09-01T00:37:01+00:00,264,477555,Bobb,10,3,55,0,0,0.7,-18,,False,0.5,0.3,0.0,1,1,0,1917,2676,6437,5673,0.3,a,,,,2.5,3,5,133
2026-09-01T00:37:01+00:00,265,207189,Berge,10,3,50,0,0,-29.9,-4,,False,-31.2,-32.5,-33.9,-2,-2,-2,849,2276,2314,5609,0.4,a,,,,2.0,2,4,154
2026-09-01T00:37:01+00:00,266,76357,Cairney,10,3,50,0,0,-76.6,0,,False,-76.6,-76.6,-76.6,-3,-3,-3,9,47,21,162,0.0,i,0,Knee injury - Expected back 10 Oct,2026-08-14T18:00:06.460944Z,0.0,0,0,0
2026-09-01T00:37:01+00:00,268,577725,King,10,3,55,0,0,16.0,11,,False,16.2,16.3,16.5,1,1,1,9397,5481,44080,9645,0.6,a,,,,4.5,2,9,180
2026-09-01T00:37:01+00:00,269,184349,Sessegnon,10,2,45,0,0,-33.3,-19,,False,-39.7,-46.5,-53.3,-2,-3,-3,387,1964,1346,4978,0.4,a,,,,1.0,1,2,39
2026-09-01T00:37:01+00:00,270,153366,Reed,10,3,45,0,0,-32.8,-34,,False,-36.2,-39.7,-43.3,-2,-2,-3,3884,8794,9466,23297,1.4,a,,,,0.0,0,0,0
2026-09-01T00:37:01+00:00,271,244042,Muniz,10,4,55,0,0,-59.9,-17,,False,-64.3,-68.9,-73.6,-3,-3,-3,1841,5068,4653,11958,0.5,a,,,,0.5,0,1,8
2026-09-01T00:37:01+00:00,272,631786,Kusi-Asare,10,4,45,0,0,-7.3,55,,False,-6.3,-5.1,-4.0,-1,-1,-1,26941,31181,50629,75458,6.8,a,,,,0.0,0,0,0
2026-09-01T00:37:01+00:00,569,551466,Gonzalo,10,4,60,0,0,81.5,202,,False,84.0,86.8,89.5,3,3,3,69731,33954,221949,51161,4.5,a,,,,4.0,2,8,180
2026-09-01T00:37:01+00:00,570,571779,Palacios,10,3,55,0,0,-41.1,-19,,False,-54.0,-67.6,-81.2,-3,-3,-3,404,1470,1314,3254,0.2,a,,,,1.5,1,3,147
2026-09-01T00:37:01+00:00,580,463210,Charles,10,3,50,0,0,-32.1,-7,,False,-43.0,-54.6,-66.2,-3,-3,-3,171,539,530,1347,0.1,a,,,,1.0,1,2,45
2026-09-01T00:37:01+00:00,610,547686,De Fougerolles,10,2,40,0,0,0.0,0,2026-09-06T21:39:13.973938Z,False,0.0,0.0,0.0,0,0,0,1335,910,4386,1384,0.1,d,75,Unspecified injury - 75% chance of playing,2026-08-28T11:30:08.336405Z,0.0,0,0,0
2026-09-01T00:37:01+00:00,626,616069,Zepa,10,3,45,0,0,0.0,0,2026-09-12T18:34:14.871572Z,False,0.0,0.0,0.0,0,0,0,6599,1172,6599,1172,0.1,a,,,,0.0,0,0,0
2026-09-01T00:37:01+00:00,273,167825,Phillips,11,1,40,0,0,-12.0,-16,,False,-13.4,-14.9,-16.5,-1,-1,-1,3640,4510,6755,11604,1.5,a,,,,0.0,0,0,0
2026-09-01T00:37:01+00:00,274,105666,Butland,11,1,45,0,0,-44.8,-4,,False,-46.9,-49.2,-51.5,-3,-3,-3,71,796,195,2534,0.1,i,0,Arm injury - Unknown return date,2026-08-08T19:00:05.601633Z,0.0,0,0,0
2026-09-01T00:37:01+00:00,275,494950,Cartwright,11,1,40,0,0,0.0,0,,False,0.0,0.0,0.0,0,0,0,0,48,0,159,0.0,u,0,Has joined Grimsby Town on loan for the rest of the season,2026-07-29T13:00:27.959925Z,0.0,0,0,0
2026-09-01T00:37:01+00:00,276,444307,Lo-Tutala,11,1,40,0,0,0.0,-1,,False,0.0,0.0,0.0,0,0,0,0,149,0,532,0.0,u,0,Has joined Colchester United on loan for the rest of the season,2026-08-17T13:50:27.125537Z,0.0,0,0,0
2026-09-01T00:37:01+00:00,277,108416,Egan,11,2,40,0,0,45.2,905,,False,56.8,69.1,81.4,3,3,3,128459,16477,171396,27684,3.4,a,,,,8.5,9,17,180
2026-09-01T00:37:01+00:00,278,501902,Hughes,11,2,40,0,0,-55.5,-4,,False,-57.5,-59.6,-61.7,-3,-3,-3,54,897,153,3217,0.1,i,0,Groin injury - Unknown return date,2026-08-02T09:00:11.030017Z,0.0,0,0,0
2026-09-01T00:37:01+00:00,279,146426,Ajayi,11,2,41,1,1,0.9,2424,,False,12.3,24.5,36.7,1,2,2,306446,20589,385852,36182,6.1,a,100,,2026-08-22T17:30:07.668197Z,10.0,6,20,153
2026-09-01T00:37:01+00:00,280,193278,Coyle,11,2,40,0,0,-22.6,-42,,False,-27.7,-33.2,-38.6,-2,-2,-2,822,4036,3445,9117,0.6,d,75,Unspecified injury - 75% chance of playing,2026-08-29T16:30:08.151841Z,3.0,0,6,114
2026-09-01T00:37:01+00:00,281,433590,Drameh,11,2,40,0,0,0.0,10,,False,0.2,0.3,0.4,1,1,1,525,412,1633,825,0.1,a,100,,2026-08-08T19:00:05.613036Z,1.0,1,2,65
2026-09-01T00:37:01+00:00,282,232351,Giles,11,2,40,0,0,5.7,77,,False,6.7,7.7,8.8,1,1,1,9336,2835,22228,7026,1.0,a,,,,6.0,6,12,174
2026-09-01T00:37:01+00:00,283,449428,Jacob,11,2,40,0,0,-30.3,0,,False,-30.3,-30.3,-30.3,-2,-2,-2,42,84,99,312,0.0,i,0,Hip injury - Expected back 5 Sep,2026-08-02T09:00:11.038361Z,0.0,0,0,0
2026-09-01T00:37:01+00:00,284,661800,McCarthy,11,2,40,0,0,-8.0,2,,False,-4.8,-1.4,0.0,-1,-1,0,562,597,1237,1556,0.1,a,,,,0.0,0,0,0
2026-09-01T00:37:01+00:00,285,160817,McNair,11,2,40,0,0,-7.3,-4,,False,-11.5,-16.0,-20.4,-1,-1,-2,391,716,1037,1406,0.1,a,,,,0.5,0,1,26
2026-09-01T00:37:01+00:00,286,540324,Belloumi,11,3,50,0,0,9.1,96,,False,10.4,11.7,13.0,1,1,1,12821,3909,26711,7940,0.8,a,,,,4.5,6,9,172
2026-09-01T00:37:01+00:00,287,232905,Millar,11,3,50,0,0,0.4,10,,False,0.5,0.7,0.8,1,1,1,2059,560,2364,1547,0.1,a,,,,3.0,6,6,50
2026-09-01T00:37:01+00:00,288,171270,Dowell,11,3,45,0,0,-19.9,4,,False,-18.4,-16.8,-15.3,-1,-1,-1,2661,2820,4377,7078,0.4,a,,,,0.0,0,0,0
2026-09-01T00:37:01+00:00,289,101282,Crooks,11,3,45,0,0,0.4,-73,,False,-4.7,-13.3,-21.9,-1,-1,-2,2149,7271,12290,12961,0.6,d,75,Thigh injury - 75% chance of playing,2026-08-29T15:00:08.569326Z,1.0,0,2,90
2026-09-01T00:37:01+00:00,290,243413,Slater,11,3,45,0,0,47.1,291,,False,50.8,54.8,58.7,3,3,3,69337,26396,161708,48770,4.4,a,,,,4.0,2,8,180
2026-09-01T00:37:01+00:00,291,465525,Matazo,11,3,45,0,0,-9.3,0,,False,-9.3,-9.3,-9.3,-1,-1,-1,44,63,108,159,0.0,i,0,Knee injury - Unknown return date,2026-07-23T12:01:23.532635Z,0.0,0,0,0
2026-09-01T00:37:01+00:00,292,208481,Ömür,11,3,50,0,0,-77.7,-2,,False,-94.6,-112.5,-130.4,-3,-5,-5,112,227,321,614,0.0,a,,,,0.0,0,0,0
2026-09-01T00:37:01+00:00,293,490161,Kamara,11,3,50,0,0,0.0,-1,,False,0.0,0.0,0.0,0,0,0,0,53,0,250,0.0,u,0,Has joined Portsmouth permanently,2026-08-12T14:08:23.542043Z,0.0,0,0,0
2026-09-01T00:37:01+00:00,294,553783,Zambrano,11,3,45,0,0,-37.3,-8,,False,-41.4,-45.6,-49.9,-3,-3,-3,432,1090,923,3239,0.1,i,0,Thigh injury - Unknown return date,2026-08-04T18:30:11.016909Z,0.0,0,0,0
2026-09-01T00:37:01+00:00,295,169432,McBurnie,11,4,55,0,0,30.8,-4,,False,30.7,30.7,30.6,2,2,2,18746,21881,101387,37822,2.1,a,,,,3.0,1,6,180
2026-09-01T00:37:01+00:00,296,213292,Akintola,11,3,50,0,0,0.0,0,,False,0.0,0.0,0.0,0,0,0,681,698,1595,1638,0.0,a,,,,0.0,0,0,0
2026-09-01T00:37:01+00:00,297,470294,Gyabi,11,3,45,0,0,-47.0,-2,,False,-51.4,-56.0,-60.7,-3,-3,-3,65,243,129,769,0.0,i,0,Thigh injury - Unknown return date,2026-08-04T18:30:11.027155Z,0.0,0,0,0
2026-09-01T00:37:01+00:00,298,500957,Destan,11,4,45,0,0,0.0,-22,,False,0.0,0.0,0.0,0,0,0,0,3201,0,12067,0.3,u,0,Has joined Konyaspor permanently,2026-08-17T13:50:27.145733Z,0.0,0,0,0
2026-09-01T00:37:01+00:00,299,534392,Burstow,11,4,45,0,0,0.0,-2,,False,0.0,0.0,0.0,0,0,0,0,470,0,1680,0.0,u,0,Has joined Sheffield Wednesday on loan for the rest of the season,2026-08-03T14:05:20.234842Z,0.0,0,0,0
2026-09-01T00:37:01+00:00,340,462635,Gelhardt,11,3,50,0,0,-55.0,0,,False,-55.0,-55.0,-55.0,-3,-3,-3,26,113,71,401,0.0,i,0,Ankle injury - Expected back 5 Sep,2026-08-17T21:30:07.799839Z,0.0,0,0,0
2026-09-01T00:37:01+00:00,556,169359,Targett,11,2,40,0,0,-26.1,-30,,False,-28.0,-29.9,-31.9,-2,-2,-2,4587,11464,9980,26905,2.2,a,,,,0.5,0,1,5
2026-09-01T00:37:01+00:00,563,445028,Morita,11,3,50,0,0,0.1,0,,False,0.1,0.1,0.1,1,1,1,199,133,317,461,0.0,a,100,,2026-08-15T16:00:07.961518Z,0.5,1,1,45
2026-09-01T00:37:01+00:00,572,473284,Tzolakis,11,1,45,0,0,79.9,1327,,False,97.0,115.0,133.0,4,5,5,170734,17890,272704,30305,5.6,a,,,,10.0,10,20,180
2026-09-01T00:37:01+00:00,574,552946,Hjertø-Dahl,11,3,50,0,0,-66.1,-3,,False,-70.9,-76.1,-81.2,-3,-3,-3,168,678,475,1647,0.1,a,,,,0.0,0,0,0
2026-09-01T00:37:01+00:00,576,608227,Stroud,11,3,50,0,0,0.2,1,,False,0.3,0.3,0.3,1,1,1,390,668,1820,1265,0.1,a,,,,1.5,0,3,128
2026-09-01T00:37:01+00:00,585,597462,Herrington,11,2,40,0,0,-5.8,-3,,False,-6.5,-7.2,-7.8,-1,-1,-1,1576,2198,4347,5800,0.6,a,,,,1.0,1,2,57
2026-09-01T00:37:01+00:00,586,606930,Mendy,11,2,40,0,0,43.6,350,,False,48.1,52.9,57.7,3,3,3,84115,32347,263695,51807,5.1,a,100,,2026-08-22T17:30:08.045208Z,8.0,1,16,121
2026-09-01T00:37:01+00:00,589,469266,Gourna-Douath,11,3,50,0,0,-2.8,2,,False,0.0,0.0,0.1,0,0,1,113,158,248,471,0.0,a,,,,0.5,1,1,45
2026-09-01T00:37:01+00:00,617,490884,Cho,11,3,50,0,0,0.0,0,2026-09-10T13:58:52.488087Z,False,0.0,0.0,0.0,0,0,0,361,94,386,96,0.0,a,,,,1.0,1,1,7
2026-09-01T00:37:01+00:00,259,219924,Diop,12,2,40,0,0,-11.5,-129,,False,-12.5,-13.7,-14.8,-1,-1,-1,18525,51694,45038,122618,16.2,a,,,,2.0,2,4,180
2026-09-01T00:37:01+00:00,267,212314,Lukić,12,3,50,0,0,-15.4,-8,,False,-24.2,-33.5,-42.8,-2,-2,-3,369,732,1547,2077,0.1,a,,,,3.0,1,6,162
2026-09-01T00:37:01+00:00,300,108813,Walton,12,1,45,0,0,-56.9,-20,,False,-62.7,-68.8,-74.9,-3,-3,-3,176,1847,385,6419,0.5,a,,,,0.0,0,0,0
2026-09-01T00:37:01+00:00,301,112520,Palmer,12,1,40,0,0,-8.4,-40,,False,-9.6,-10.9,-12.2,-1,-1,-1,10443,12615,18129,29963,4.4,a,,,,0.0,0,0,0
2026-09-01T00:37:01+00:00,302,50093,Button,12,1,40,0,0,0.4,-1,,False,0.4,0.4,0.4,1,1,1,2982,1462,4941,3281,0.5,a,,,,0.0,0,0,0
2026-09-01T00:37:01+00:00,303,183015,Kipré,12,2,40,0,0,-45.3,-22,,False,-50.3,-55.6,-60.9,-3,-3,-3,242,2211,574,7158,0.6,a,,,,0.0,0,0,0
2026-09-01T00:37:01+00:00,304,216616,O'Shea,12,2,40,0,0,-3.7,-32,,False,-5.0,-6.4,-7.7,-1,-1,-1,10023,14080,25662,28064,3.3,a,,,,2.0,0,4,180
2026-09-01T00:37:01+00:00,305,455084,Davis,12,2,40,0,0,-6.4,111,,False,-3.3,-0.1,1.4,-1,-1,1,23733,16137,31055,37427,4.9,a,,,,4.0,6,8,180
2026-09-01T00:37:01+00:00,306,449429,Greaves,12,2,40,0,0,-19.2,-34,,False,-22.4,-25.9,-29.4,-2,-2,-2,1190,4192,2826,10303,1.4,a,,,,0.5,-1,1,180
2026-09-01T00:37:01+00:00,307,222018,Johnson,12,2,40,0,0,-28.1,0,,False,-28.1,-28.1,-28.1,-2,-2,-2,311,536,738,1558,0.1,a,,,,0.0,0,0,0
2026-09-01T00:37:01+00:00,308,176420,Furlong,12,2,40,0,0,-39.1,-17,,False,-43.0,-47.1,-51.3,-3,-3,-3,242,1818,511,6234,0.6,a,,,,0.5,1,1,17
2026-09-01T00:37:01+00:00,309,501390,Núñez,12,3,50,0,0,-7.7,-8,,False,-15.4,-23.6,-31.7,-1,-2,-2,558,837,1755,2230,0.1,a,,,,3.0,2,6,140
2026-09-01T00:37:01+00:00,310,241117,Matusiwa,12,3,50,0,0,-76.8,0,,False,-76.8,-76.8,-76.8,-3,-3,-3,5,38,13,150,0.0,i,0,Muscular injury - Unknown return date,2026-07-29T18:00:10.305484Z,0.0,0,0,0
2026-09-01T00:37:01+00:00,311,149929,Burns,12,3,50,0,0,0.0,0,,False,0.0,0.0,0.0,0,0,0,0,42,0,233,0.0,u,0,Has joined Leicester City permanently,2026-08-10T14:02:47.597478Z,0.0,0,0,0
2026-09-01T00:37:01+00:00,312,231899,Taylor,12,3,45,0,0,-48.1,-1,,False,-49.6,-51.3,-52.9,-3,-3,-3,90,378,201,1261,0.0,i,0,Knee injury - Unknown return date,2026-07-29T18:00:10.319370Z,0.0,0,0,0
2026-09-01T00:37:01+00:00,313,443261,Clarke,12,3,55,0,0,-6.5,-26,,False,-19.2,-32.7,-46.1,-1,-2,-3,736,2511,3938,4954,0.3,a,,,,3.5,0,7,19
2026-09-01T00:37:01+00:00,314,229164,Ogbene,12,3,50,0,0,-95.7,-1,,False,-107.0,-118.9,-130.8,-5,-5,-5,31,127,68,370,0.0,a,,,,0.0,0,0,0
2026-09-01T00:37:01+00:00,315,531442,Fatawu,12,3,55,0,0,-54.0,-3,,False,-55.6,-57.2,-58.9,-3,-3,-3,906,1325,1476,4093,0.2,a,,,,3.0,4,6,147
2026-09-01T00:37:01+00:00,316,543968,Emersonn,12,4,55,0,0,20.9,-438,,False,15.2,9.3,3.3,1,1,1,13119,24342,89926,41152,1.8,d,75,Knee injury - 75% chance of playing,2026-08-31T09:30:08.306145Z,5.0,1,10,110
2026-09-01T00:37:01+00:00,317,222625,Hirst,12,4,50,0,0,0.0,-21,,False,0.0,0.0,0.0,0,0,0,0,2134,0,10829,0.1,u,0,Has joined Stoke City permanently,2026-08-21T13:06:08.606019Z,0.0,0,0,0
2026-09-01T00:37:01+00:00,318,481624,Philogene,12,3,55,0,0,-98.0,-14,,False,-104.4,-111.1,-117.8,-5,-5,-5,10,1806,116,5734,0.1,i,0,Ankle injury - Unknown return date,2026-08-25T11:30:07.532993Z,0.0,0,0,0
2026-09-01T00:37:01+00:00,319,172453,Szmodics,12,3,50,0,0,0.0,0,,False,0.0,0.0,0.0,0,0,0,0,113,0,522,0.0,u,0,Has joined Derby County on loan for the rest of the season,2026-08-17T13:51:41.713979Z,0.0,0,0,0
2026-09-01T00:37:01+00:00,320,147675,Akpom,12,4,50,0,0,4.0,260,,False,7.3,10.9,14.4,1,1,1,18574,5536,23199,11786,0.7,a,,,,3.0,5,6,69
2026-09-01T00:37:01+00:00,321,557012,Walle Egeli,12,4,45,0,0,14.3,316,,False,18.4,22.7,27.0,1,2,2,55693,21890,96405,45331,2.9,a,,,,0.5,0,1,10
2026-09-01T00:37:01+00:00,322,462387,Al-Hamadi,12,4,50,0,0,0.0,-18,,False,0.0,0.0,0.0,0,0,0,0,2202,755,5204,0.1,u,0,Has joined Sheffield Wednesday on loan for the rest of the season,2026-08-27T14:54:10.215357Z,0.0,0,0,0
2026-09-01T00:37:01+00:00,323,461587,McAteer,12,3,45,0,0,-17.8,-13,,False,-19.1,-20.5,-21.9,-1,-2,-2,5147,7060,10762,18625,1.3,a,,,,1.0,1,2,31
2026-09-01T00:37:01+00:00,324,232457,Mehmeti,12,3,50,0,0,-90.8,-3,,False,-98.8,-107.2,-115.7,-4,-5,-5,26,314,73,1000,0.0,a,,,,0.0,0,0,0
2026-09-01T00:37:01+00:00,554,546600,Van Oevelen,12,1,45,0,0,0.0,-4,,False,0.0,0.0,0.0,0,0,0,0,417,54,1054,0.0,u,0,Has joined Valencia on loan for the rest of the season,2026-08-25T14:04:09.529320Z,0.0,0,0,0
2026-09-01T00:37:01+00:00,562,442967,Maeda,12,3,55,0,0,-64.9,-14,,False,-70.2,-75.7,-81.3,-3,-3,-3,416,2299,1156,6341,0.3,a,,,,2.0,2,4,151
2026-09-01T00:37:01+00:00,564,240514,Scherpen,12,1,45,0,0,-21.7,-6,,False,-23.0,-24.4,-25.8,-2,-2,-2,1204,2576,2533,6152,0.6,a,,,,2.0,2,4,180
2026-09-01T00:37:01+00:00,571,216055,Florentino,12,3,50,0,0,-75.0,-9,,False,-81.2,-87.7,-94.2,-3,-3,-3,78,1043,292,3250,0.1,d,75,Calf injury - 75% chance of playing,2026-08-25T11:30:07.678802Z,0.0,0,0,0
2026-09-01T00:37:01+00:00,591,474120,Enciso,12,3,55,0,0,0.9,99,,False,2.2,3.5,4.9,1,1,1,12555,3835,30224,8289,0.6,a,100,,2026-08-22T18:00:07.551930Z,5.0,5,10,160
2026-09-01T00:37:01+00:00,592,572584,Ouattara,12,2,40,0,0,-0.4,2,,False,-0.1,0.0,0.1,-1,0,1,1917,2956,4686,8822,1.0,a,,,,1.0,1,2,27
2026-09-01T00:37:01+00:00,602,524180,Humphreys,12,3,45,0,0,0.0,0,2026-09-04T19:31:08.856600Z,False,0.0,0.0,0.0,0,0,0,1119,451,2394,784,0.0,a,,,,0.0,0,0,0
2026-09-01T00:37:01+00:00,619,218543,Palacios,12,3,50,0,0,0.0,0,2026-09-10T13:59:58.521186Z,False,0.0,0.0,0.0,0,0,0,824,182,913,187,0.0,a,,,,1.0,1,1,28
2026-09-01T00:37:01+00:00,260,153682,Wilson,13,3,65,0,0,-93.4,-682,,False,-112.2,-132.1,-152.0,-5,-5,-5,3335,67120,18264,124888,4.8,a,,,,2.0,1,4,110
2026-09-01T00:37:01+00:00,326,201595,Perri,13,1,45,0,0,-61.0,-20,,False,-66.2,-71.7,-77.2,-3,-3,-3,176,2287,504,7646,0.5,a,,,,0.0,0,0,0
2026-09-01T00:37:01+00:00,327,434752,Bijol,13,2,50,0,0,16.1,-38,,False,15.6,15.1,14.6,1,1,1,9024,8142,54243,16326,1.0,a,,,,5.5,1,11,135
2026-09-01T00:37:01+00:00,329,214225,Rodon,13,2,45,0,0,-15.8,-436,,False,-25.6,-36.0,-46.5,-2,-2,-3,4685,34424,26285,46998,3.2,d,50,Hamstring injury - 50% chance of playing,2026-08-30T16:00:08.564382Z,3.5,1,7,123
2026-09-01T00:37:01+00:00,330,226182,Bogle,13,2,45,0,0,1.5,4,,False,1.5,1.6,1.6,1,1,1,2270,2218,8195,5342,0.5,a,,,,4.0,2,8,157
2026-09-01T00:37:01+00:00,331,243526,Gudmundsson,13,2,45,0,0,-0.1,0,2026-09-05T13:30:07.418977Z,False,-0.1,-0.1,-0.1,-1,-1,-1,240,181,306,1173,0.0,a,100,,2026-08-08T20:00:07.546568Z,0.0,0,0,0
2026-09-01T00:37:01+00:00,332,220627,Justin,13,2,45,0,0,14.8,15,,False,15.0,15.2,15.4,1,1,1,17190,9383,60724,18774,1.4,a,,,,6.0,2,12,180
2026-09-01T00:37:01+00:00,333,437738,Bornauw,13,2,45,0,0,0.0,0,,False,0.0,0.0,0.0,0,0,0,0,31,0,201,0.0,u,0,Has joined Hamburg SV on loan for the rest of the season,2026-08-19T13:56:14.645970Z,0.0,0,0,0
2026-09-01T00:37:01+00:00,334,522047,Muharemović,13,2,50,0,0,5.5,63,,False,6.3,7.1,8.0,1,1,1,17381,16282,38920,28124,3.3,a,,,,5.0,4,10,180
2026-09-01T00:37:01+00:00,335,466525,Stach,13,3,60,0,0,30.6,34,,False,31.0,31.5,31.9,2,2,2,25496,21192,106840,34871,2.8,a,,,,8.5,4,17,180
2026-09-01T00:37:01+00:00,336,435997,Okafor,13,3,59,-1,-1,-17.1,-42,,False,-26.1,-35.6,-45.1,-2,-2,-3,1025,4880,2380,14048,0.4,a,,,,1.5,2,3,92
2026-09-01T00:37:01+00:00,337,427637,Aaronson,13,3,55,0,0,-58.0,-51,,False,-66.8,-76.0,-85.2,-3,-3,-3,1025,6841,3618,15274,0.8,a,,,,2.0,1,4,126
2026-09-01T00:37:01+00:00,338,199598,Ampadu,13,3,55,0,0,-30.6,-46,,False,-35.5,-40.7,-45.9,-2,-3,-3,1609,8047,6200,17488,1.3,a,,,,3.5,2,7,180
2026-09-01T00:37:01+00:00,339,180135,Longstaff,13,3,50,0,0,-67.4,-8,,False,-76.4,-85.9,-95.4,-3,-3,-4,316,1161,891,2792,0.1,a,,,,0.5,0,1,8
2026-09-01T00:37:01+00:00,341,492859,Gnonto,13,3,50,0,0,0.0,0,2026-09-05T13:30:07.441139Z,False,0.0,0.0,0.0,0,0,0,138,161,156,857,0.0,a,100,,2026-08-17T20:30:08.092366Z,0.0,0,0,0
2026-09-01T00:37:01+00:00,342,221399,Harrison,13,3,50,0,0,0.0,0,,False,0.0,0.0,0.0,0,0,0,0,9,0,45,0.0,u,0,Has joined New England Revolution permanently,2026-07-28T12:59:09.492431Z,0.0,0,0,0
2026-09-01T00:37:01+00:00,343,200617,James,13,3,50,0,0,-32.4,-4,,False,-37.0,-41.8,-46.6,-2,-3,-3,844,1005,1707,2741,0.1,a,,,,0.5,1,1,22
2026-09-01T00:37:01+00:00,344,486520,Gruev,13,3,50,0,0,0.0,0,2026-09-06T23:30:08.268488Z,False,0.0,0.0,0.0,0,0,0,13,38,22,167,0.0,d,25,Knee injury - 25% chance of playing,2026-08-14T23:00:06.272027Z,0.0,0,0,0
2026-09-01T00:37:01+00:00,345,248056,Tanaka,13,3,49,-1,-1,0.0,15,,False,0.2,0.4,0.6,1,1,1,651,1975,1550,6208,0.2,a,,,,0.5,1,1,45
2026-09-01T00:37:01+00:00,346,177815,Calvert-Lewin,13,4,60,0,0,-17.8,447,,False,-15.6,-13.2,-10.9,-1,-1,-1,85030,143561,169344,332497,27.1,a,,,,4.5,8,9,180
2026-09-01T00:37:01+00:00,347,174594,Nmecha,13,4,55,0,0,-84.9,8,,False,-82.9,-80.8,-78.7,-3,-3,-3,2154,3880,4071,13424,0.5,a,,,,2.0,4,4,21
2026-09-01T00:37:01+00:00,348,235826,Piroe,13,4,50,0,0,0.0,-8,,False,0.0,0.0,0.0,0,0,0,0,1627,0,6978,0.1,u,0,Has joined West Ham United on loan for the rest of the season,2026-08-19T13:56:14.666726Z,0.0,0,0,0
2026-09-01T00:37:01+00:00,349,565297,Mateo Joseph,13,4,45,0,0,-26.3,-1,,False,-27.2,-28.2,-29.1,-2,-2,-2,413,549,738,1600,0.1,i,0,Knee injury - Unknown return date,2026-07-29T18:00:10.338170Z,0.0,0,0,0
2026-09-01T00:37:01+00:00,385,432720,Trafford,13,1,50,0,0,22.5,45,,False,23.1,23.7,24.3,2,2,2,38001,19963,101795,35067,5.0,a,,,,6.0,3,12,180
2026-09-01T00:37:01+00:00,598,173774,Elvedi,13,2,45,0,0,0.0,0,2026-09-02T14:01:33.181261Z,False,0.0,0.0,0.0,0,0,0,242,195,596,474,0.0,a,,,,0.5,1,1,56
2026-09-01T00:37:01+00:00,603,643970,Lienou,13,2,40,0,0,0.0,0,2026-09-04T19:31:28.542354Z,False,0.0,0.0,0.0,0,0,0,1160,562,2648,881,0.1,a,,,,0.0,0,0,0
2026-09-01T00:37:01+00:00,604,592740,Cresswell,13,3,45,0,0,0.0,0,2026-09-04T19:31:41.718342Z,False,0.0,0.0,0.0,0,0,0,2801,966,5830,1676,0.1,a,,,,0.0,0,0,0
2026-09-01T00:37:01+00:00,625,97846,Cairns,13,1,40,0,0,0.0,0,2026-09-12T18:33:52.851482Z,False,0.0,0.0,0.0,0,0,0,4364,340,4364,340,0.1,a,,,,0.0,0,0,0
2026-09-01T00:37:01+00:00,350,116535,A.Becker,14,1,55,0,0,-4.9,-79,,False,-7.7,-10.6,-13.6,-1,-1,-1,17068,25779,42375,47002,3.8,a,,,,1.0,0,2,180
2026-09-01T00:37:01+00:00,351,449027,Mamardashvili,14,1,50,0,0,-85.6,-8,,False,-93.0,-100.9,-108.7,-3,-5,-5,424,1550,1082,3588,0.1,a,,,,0.0,0,0,0
2026-09-01T00:37:01+00:00,352,155503,Woodman,14,1,40,0,0,-1.9,29,,False,0.2,0.5,0.9,1,1,1,4842,3644,8105,9167,1.1,a,,,,0.0,0,0,0
2026-09-01T00:37:01+00:00,353,586268,Pecsi,14,1,40,0,0,0.0,0,,False,0.0,0.0,0.0,0,0,0,0,141,0,589,0.0,u,0,Has joined TSV Hartberg on loan for the rest of the season,2026-08-18T14:11:18.638344Z,0.0,0,0,0
2026-09-01T00:37:01+00:00,354,432987,Jaros,14,1,40,0,0,-0.7,-1,,False,-4.4,-8.3,-12.2,-1,-1,-1,171,111,334,290,0.0,i,0,Knee injury - Unknown return date,2026-07-29T18:00:10.351066Z,0.0,0,0,0
2026-09-01T00:37:01+00:00,355,464353,Davies,14,1,40,0,0,0.1,8,,False,0.2,0.3,0.4,1,1,1,689,489,1333,1202,0.1,a,,,,0.0,0,0,0
2026-09-01T00:37:01+00:00,356,97032,Virgil,14,2,65,0,0,-18.8,-981,,False,-25.9,-33.3,-40.8,-2,-2,-3,28207,127737,102821,206857,18.5,a,,,,1.5,1,3,180
2026-09-01T00:37:01+00:00,357,216094,Frimpong,14,2,55,0,0,-37.3,-186,,False,-45.0,-53.2,-61.4,-3,-3,-3,11051,33342,35571,66911,3.2,a,,,,0.5,1,1,160
2026-09-01T00:37:01+00:00,358,544877,Kerkez,14,2,55,0,0,-56.0,-184,,False,-63.7,-71.8,-79.9,-3,-3,-3,5677,30381,21322,64768,3.2,a,,,,0.5,1,1,160
2026-09-01T00:37:01+00:00,359,171287,Gomez,14,2,50,0,0,-58.6,0,,False,-58.6,-58.6,-58.6,-3,-3,-3,39,183,118,592,0.0,i,0,Muscular injury - Unknown return date,2026-07-26T08:30:10.078473Z,0.0,0,0,0
2026-09-01T00:37:01+00:00,360,492777,Bradley,14,2,50,0,0,-33.0,0,,False,-33.0,-33.0,-33.0,-2,-2,-2,60,102,139,321,0.0,i,0,Knee injury - Unknown return date,2026-07-23T12:01:23.565711Z,0.0,0,0,0
2026-09-01T00:37:01+00:00,361,519440,Lucky,14,2,40,0,0,-14.7,0,,False,-14.7,-14.7,-14.7,-1,-1,-1,604,695,1212,1832,0.1,a,,,,0.0,0,0,0
2026-09-01T00:37:01+00:00,362,606702,Jacquet,14,2,50,0,0,7.5,94,,False,8.7,10.0,11.3,1,1,1,25065,16664,47777,34820,2.5,a,100,,2026-07-23T12:01:23.581126Z,2.0,3,4,145
2026-09-01T00:37:01+00:00,363,647681,Leoni,14,2,40,0,0,-18.4,0,,False,-18.4,-18.4,-18.4,-1,-1,-1,179,315,361,834,0.0,i,0,Knee injury - Unknown return date,2026-07-23T12:01:23.596909Z,0.0,0,0,0
2026-09-01T00:37:01+00:00,364,214285,Tsimikas,14,2,50,0,0,-56.1,-4,,False,-63.1,-70.6,-78.1,-3,-3,-3,220,504,559,1486,0.1,a,,,,0.5,1,1,19
2026-09-01T00:37:01+00:00,365,489580,Ramsay,14,2,40,0,0,0.0,-23,,False,0.0,0.0,0.0,0,0,0,0,3134,638,6886,0.1,u,0,Has joined St Mirren on loan for the rest of the season,2026-08-26T14:05:26.748768Z,0.0,0,0,0
2026-09-01T00:37:01+00:00,366,494595,Wirtz,14,3,75,0,0,-67.0,-376,,False,-71.8,-76.9,-82.0,-3,-3,-3,22371,86530,47294,209792,10.5,a,,,,3.0,4,6,152
2026-09-01T00:37:01+00:00,367,243298,Gakpo,14,3,70,0,0,90.5,474,,False,96.6,103.1,109.5,4,5,5,85217,53232,290921,80983,7.5,a,,,,8.5,5,17,160
2026-09-01T00:37:01+00:00,368,424876,Szoboszlai,14,3,70,0,0,52.5,-522,,False,45.8,38.7,31.6,3,2,2,96506,171672,341509,239077,42.1,a,,,,6.0,4,12,180
2026-09-01T00:37:01+00:00,369,611922,Ngumoha,14,3,59,-1,-1,-0.6,-97,,False,-8.8,-17.5,-26.2,-1,-1,-2,1705,16244,7252,31121,0.9,a,,,,1.5,1,3,81
2026-09-01T00:37:01+00:00,370,223541,Chiesa,14,3,54,-1,-1,-7.6,-26,,False,-16.5,-25.8,-35.1,-1,-2,-2,28,2686,613,6236,0.1,i,0,Back injury - Unknown return date,2026-08-27T13:30:07.598926Z,0.0,0,0,0
2026-09-01T00:37:01+00:00,371,441266,Gravenberch,14,3,60,0,0,-37.5,-185,,False,-51.2,-65.7,-80.3,-3,-3,-3,4677,22020,19682,37203,1.8,a,,,,3.0,1,6,96
2026-09-01T00:37:01+00:00,372,243016,Mac Allister,14,3,55,0,0,-64.9,-99,,False,-73.7,-82.9,-92.2,-3,-3,-3,5056,13264,11623,34772,1.5,a,,,,1.5,2,3,103
2026-09-01T00:37:01+00:00,373,206915,C.Jones,14,3,55,0,0,0.0,-4,,False,0.0,0.0,0.0,0,0,0,1,520,34,1648,0.0,u,0,Has joined Internazionale permanently,2026-08-16T18:30:07.426408Z,0.0,0,0,0
2026-09-01T00:37:01+00:00,374,158983,Endo,14,3,50,0,0,-57.4,0,,False,-57.4,-57.4,-57.4,-3,-3,-3,377,744,862,1729,0.1,a,100,,2026-07-23T12:01:23.612529Z,0.0,0,0,0
2026-09-01T00:37:01+00:00,375,591386,Nyoni,14,3,50,0,0,-85.8,0,,False,-85.8,-85.8,-85.8,-3,-3,-3,225,377,364,1050,0.0,a,,,,0.5,1,1,13
2026-09-01T00:37:01+00:00,376,535928,Bajcetic,14,3,50,0,0,-33.9,0,,False,-33.9,-33.9,-33.9,-2,-2,-2,9,20,17,49,0.0,i,0,Hamstring injury - Unknown return date,2026-07-23T12:01:23.628373Z,0.0,0,0,0
2026-09-01T00:37:01+00:00,377,551499,Munoz,14,3,65,0,0,12.8,298,,False,16.6,20.7,24.7,1,2,2,37610,8431,44096,14344,1.0,a,,,,5.0,6,10,117
2026-09-01T00:37:01+00:00,378,491501,McConnell,14,3,45,0,0,-45.7,-5,,False,-48.1,-50.7,-53.2,-3,-3,-3,636,1576,1519,4476,0.2,a,,,,0.0,0,0,0
2026-09-01T00:37:01+00:00,379,219168,Isak,14,4,90,0,0,-9.4,257,,False,-7.2,-5.0,-2.8,-1,-1,-1,60757,90825,133793,191958,16.2,a,,,,5.0,8,10,180
2026-09-01T00:37:01+00:00,380,510663,Ekitiké,14,4,75,0,0,-69.2,-13,,False,-73.8,-78.6,-83.5,-3,-3,-3,349,1961,1058,5768,0.1,i,0,Achilles injury - Unknown return date,2026-07-23T12:01:23.643771Z,0.0,0,0,0
2026-09-01T00:37:01+00:00,381,514514,Koumas,14,3,50,0,0,-26.1,1,,False,-19.4,-12.3,-5.2,-1,-1,-1,83,186,239,396,0.0,a,,,,0.5,0,1,12
2026-09-01T00:37:01+00:00,382,500058,Danns,14,4,45,0,0,-11.9,8,,False,-1.8,0.1,0.2,-1,1,1,351,342,660,904,0.0,i,0,Unspecified injury - Unknown return date,2026-07-23T12:01:23.659279Z,0.0,0,0,0
2026-09-01T00:37:01+00:00,383,444884,Elliott,14,3,54,-1,-1,-0.4,-8,,False,-8.8,-17.7,-26.5,-1,-1,-2,339,937,719,2153,0.1,a,,,,0.0,0,0,0
2026-09-01T00:37:01+00:00,579,445087,Araujo,14,2,55,0,0,-88.5,-385,,False,-110.1,-133.0,-155.9,-5,-5,-5,6507,42998,30414,76772,2.4,a,,,,0.5,0,1,33
2026-09-01T00:37:01+00:00,238,114283,Grealish,15,3,65,0,0,-72.3,-8,,False,-77.6,-83.1,-88.7,-3,-3,-3,767,2550,1969,4953,0.2,a,100,,2026-07-29T10:00:10.492904Z,0.5,0,1,8
2026-09-01T00:37:01+00:00,384,204936,Donnarumma,15,1,55,0,0,-20.5,-160,,False,-23.1,-25.9,-28.7,-2,-2,-2,26260,60513,60268,105465,8.1,a,,,,1.5,0,3,180
2026-09-01T00:37:01+00:00,386,122074,Bettinelli,15,1,45,0,0,-31.8,-2,,False,-39.7,-48.1,-56.5,-2,-3,-3,72,185,207,421,0.0,a,,,,0.0,0,0,0
2026-09-01T00:37:01+00:00,387,472769,O'Reilly,15,2,65,0,0,-24.2,-731,,False,-29.2,-34.4,-39.7,-2,-2,-2,37011,134138,105795,241468,19.7,a,,,,2.0,2,4,150
2026-09-01T00:37:01+00:00,388,209036,Guéhi,15,2,60,0,0,53.0,-215,,False,50.3,47.4,44.4,3,3,3,63752,84142,246497,125900,19.2,a,,,,6.0,2,12,180
2026-09-01T00:37:01+00:00,389,465351,Matheus N.,15,2,60,0,0,-63.0,-150,,False,-72.0,-81.7,-91.3,-3,-3,-3,99,20382,3130,37875,1.2,d,75,Unspecified injury - 75% chance of playing,2026-08-27T11:30:08.171622Z,0.5,0,1,33
2026-09-01T00:37:01+00:00,390,171314,Rúben,15,2,55,0,0,-4.0,25,,False,-2.2,-0.2,0.3,-1,-1,1,8339,11009,18197,23566,1.8,a,,,,2.0,2,4,180
2026-09-01T00:37:01+00:00,391,477424,Gvardiol,15,2,56,1,1,13.4,1270,,False,19.4,25.8,32.2,1,2,2,266608,41233,495026,76590,16.8,a,,,,7.0,5,14,164
2026-09-01T00:37:01+00:00,392,448514,Aït-Nouri,15,2,54,-1,-1,-43.3,-107,,False,-56.0,-69.5,-82.9,-3,-3,-3,1166,13351,3782,30130,0.7,a,,,,0.0,0,0,0
2026-09-01T00:37:01+00:00,393,578153,Khusanov,15,2,55,0,0,-36.3,-66,,False,-41.5,-47.1,-52.6,-3,-3,-3,4415,11204,10501,25741,1.7,a,,,,2.0,2,4,178
2026-09-01T00:37:01+00:00,394,494307,Alleyne,15,2,50,0,0,0.0,0,,False,0.0,0.0,0.0,0,0,0,0,72,0,429,0.0,u,0,Has joined Burnley on loan for the rest of the season,2026-08-18T14:11:56.324656Z,0.0,0,0,0
2026-09-01T00:37:01+00:00,395,477064,Lewis,15,2,45,0,0,-13.0,-26,,False,-27.5,-42.7,-58.0,-2,-3,-3,1017,2973,4637,5496,0.2,a,,,,0.5,0,1,56
2026-09-01T00:37:01+00:00,396,616222,Vitor Reis,15,2,45,0,0,-34.5,0,,False,-34.5,-34.5,-34.5,-2,-2,-2,63,134,165,374,0.0,a,,,,0.5,1,1,1
2026-09-01T00:37:01+00:00,397,437730,Semenyo,15,3,85,0,0,-53.6,-1182,,False,-60.9,-68.6,-76.3,-3,-3,-3,26774,199142,75874,372352,21.7,a,,,,3.5,5,7,180
2026-09-01T00:37:01+00:00,398,209244,Foden,15,3,70,0,0,9.8,875,,False,21.1,33.0,44.8,2,2,3,74429,26595,94576,73116,4.6,a,,,,5.0,9,10,171
2026-09-01T00:37:01+00:00,399,466052,Cherki,15,3,77,2,2,2.7,7314,,False,37.3,74.0,110.7,2,3,5,868256,25893,1071574,67295,21.2,a,,,,11.0,14,22,108
2026-09-01T00:37:01+00:00,400,248875,Doku,15,3,74,-1,-1,-15.7,-149,,False,-19.7,-23.9,-28.1,-1,-2,-2,260,18458,754,88473,1.0,i,0,Calf injury - Expected back 5 Sep,2026-08-18T17:00:08.385597Z,0.0,0,0,0
2026-09-01T00:37:01+00:00,402,220566,Rodrigo,15,3,65,0,0,0.0,-1,,False,0.0,0.0,0.0,0,0,0,0,184,0,980,0.0,u,0,Has joined Barcelona permanently,2026-07-23T12:01:23.675537Z,0.0,0,0,0
2026-09-01T00:37:01+00:00,404,433036,Reijnders,15,3,60,0,0,0.0,-10,,False,0.0,0.0,0.0,0,0,0,0,1017,0,6641,0.1,u,0,Has joined Al Qadsiah permanently,2026-08-20T14:02:58.154273Z,0.0,0,0,0
2026-09-01T00:37:01+00:00,406,91651,Kovačić,15,3,55,0,0,-61.6,-8,,False,-73.9,-87.0,-100.0,-3,-3,-5,351,1027,1180,2316,0.1,a,,,,1.0,1,2,42
2026-09-01T00:37:01+00:00,407,575204,Echeverri,15,3,50,0,0,-99.9,-1,,False,-109.9,-120.5,-131.1,-5,-5,-5,69,204,162,501,0.0,a,,,,0.0,0,0,0
2026-09-01T00:37:01+00:00,408,155405,Phillips,15,3,50,0,0,0.0,0,,False,0.0,0.0,0.0,0,0,0,0,84,0,389,0.0,u,0,Has joined Sheffield United on loan for the rest of the season,2026-08-18T14:11:56.348781Z,0.0,0,0,0
2026-09-01T00:37:01+00:00,409,590039,Mukasa,15,3,45,0,0,-70.9,-14,,False,-82.2,-94.2,-106.2,-3,-3,-5,438,1610,1365,4096,0.2,a,,,,0.0,0,0,0
2026-09-01T00:37:01+00:00,410,649208,Monga,15,3,49,-1,-1,-1.0,-3,,False,-17.4,-34.9,-52.3,-1,-2,-3,64,176,140,459,0.0,a,,,,0.0,0,0,0
2026-09-01T00:37:01+00:00,411,223094,Haaland,15,4,155,0,0,28.3,975,,False,40.8,54.1,67.3,3,3,3,177509,18704,247114,122556,69.9,a,,,,7.5,13,15,180
2026-09-01T00:37:01+00:00,481,215379,Anderson,15,3,64,0,-1,-39.4,-351,,False,-48.0,-57.0,-66.0,-3,-3,-3,13030,59550,23266,212855,5.5,a,100,,2026-08-23T17:00:07.952697Z,2.5,3,5,143
2026-09-01T00:37:01+00:00,587,106921,Rulli,15,1,50,0,0,-28.8,-2,,False,-42.0,-56.0,-70.0,-3,-3,-3,53,149,147,373,0.0,a,,,,0.0,0,0,0
2026-09-01T00:37:01+00:00,616,637238,Bouaddi,15,3,55,0,0,0.0,0,2026-09-09T14:56:53.434190Z,False,0.0,0.0,0.0,0,0,0,5628,1432,8683,1781,0.1,a,,,,1.0,1,1,8
2026-09-01T00:37:01+00:00,621,616288,McAidoo,15,3,45,0,0,0.0,0,2026-09-10T21:22:22.867343Z,False,0.0,0.0,0.0,0,0,0,3913,979,3913,979,0.1,a,,,,1.0,1,1,8
2026-09-01T00:37:01+00:00,622,554054,Braithwaite,15,2,40,0,0,0.0,0,2026-09-10T21:22:36.261131Z,False,0.0,0.0,0.0,0,0,0,4591,909,4591,909,0.1,a,,,,1.0,1,1,1
2026-09-01T00:37:01+00:00,43,166989,Tielemans,16,3,60,0,0,-84.5,-172,,False,-95.1,-106.4,-117.6,-4,-5,-5,5810,23109,18441,58813,2.2,a,100,,2026-07-23T12:01:23.321726Z,3.0,4,6,156
2026-09-01T00:37:01+00:00,131,535301,Baleba,16,3,50,0,0,-42.7,-17,,False,-47.7,-52.9,-58.1,-3,-3,-3,1021,2801,3345,7222,0.2,i,0,Ankle injury - Expected back 19 Sep,2026-08-06T16:00:10.997714Z,0.0,0,0,0
2026-09-01T00:37:01+00:00,162,532605,Andrey Santos,16,3,50,0,0,-74.3,-95,,False,-88.4,-103.4,-118.3,-3,-5,-5,3763,11706,11219,26855,0.9,a,,,,1.5,1,3,76
2026-09-01T00:37:01+00:00,325,59735,Darlow,16,1,45,0,0,-7.5,-2,,False,-12.6,-17.9,-23.3,-1,-1,-2,166,242,408,499,0.0,a,100,,2026-07-23T12:01:23.549136Z,0.0,0,0,0
2026-09-01T00:37:01+00:00,412,465247,Lammens,16,1,50,0,0,-24.6,-460,,False,-28.8,-33.3,-37.7,-2,-2,-2,15433,83157,50147,171767,14.6,a,,,,1.5,2,3,180
2026-09-01T00:37:01+00:00,413,451302,Bayindir,16,1,45,0,0,0.0,0,,False,0.0,0.0,0.0,0,0,0,0,170,0,758,0.0,u,0,Has joined Celta Vigo on loan for the rest of the season,2026-08-10T14:02:28.608415Z,0.0,0,0,0
2026-09-01T00:37:01+00:00,414,21205,Heaton,16,1,40,0,0,-21.9,-2,,False,-23.0,-24.2,-25.4,-2,-2,-2,184,499,399,1504,0.1,i,0,Hamstring injury - Unknown return date,2026-08-15T16:00:07.854151Z,0.0,0,0,0
2026-09-01T00:37:01+00:00,415,596777,Dorgu,16,3,59,-1,-1,-39.6,-158,,False,-52.9,-67.0,-81.1,-3,-3,-3,1898,17163,6706,45824,0.9,a,,,,0.5,1,1,55
2026-09-01T00:37:01+00:00,416,209365,De Ligt,16,2,50,0,0,-44.7,-1,,False,-47.0,-49.5,-51.9,-3,-3,-3,55,259,172,757,0.0,i,0,Back injury - Unknown return date,2026-07-23T12:01:23.690880Z,0.0,0,0,0
2026-09-01T00:37:01+00:00,417,216051,Dalot,16,2,50,0,0,-65.7,-99,,False,-71.4,-77.4,-83.5,-3,-3,-3,4285,16008,12475,49640,2.3,a,,,,1.5,2,3,83
2026-09-01T00:37:01+00:00,418,95658,Maguire,16,2,50,0,0,-29.9,-592,,False,-34.9,-40.2,-45.5,-2,-3,-3,24058,109752,77011,216063,15.8,a,,,,2.5,4,5,180
2026-09-01T00:37:01+00:00,419,221820,Martinez,16,2,50,0,0,-58.4,-52,,False,-63.9,-69.6,-75.4,-3,-3,-3,3866,8006,10641,27581,1.3,a,100,,2026-07-24T20:00:10.337107Z,0.5,1,1,90
2026-09-01T00:37:01+00:00,420,550864,Yoro,16,2,49,-1,-1,-0.5,-49,,False,-7.0,-13.9,-20.8,-1,-1,-2,662,5384,2198,16128,0.6,a,,,,0.5,1,1,16
2026-09-01T00:37:01+00:00,421,606745,Heaven,16,2,45,0,0,-48.6,-33,,False,-60.3,-72.7,-85.0,-3,-3,-3,791,4016,3879,8207,0.4,a,,,,0.5,0,1,90
2026-09-01T00:37:01+00:00,422,230001,Mazraoui,16,2,45,0,0,-20.5,-63,,False,-32.8,-45.8,-58.8,-2,-3,-3,1794,5955,7648,12047,0.7,a,,,,1.0,1,2,96
2026-09-01T00:37:01+00:00,423,106760,Shaw,16,2,45,0,0,-38.2,-1022,,False,-45.9,-54.0,-62.1,-3,-3,-3,14817,130995,57744,248084,17.8,a,,,,1.5,2,3,162
2026-09-01T00:37:01+00:00,424,577974,Amass,16,2,40,0,0,-27.9,1,,False,-27.6,-27.2,-26.8,-2,-2,-2,653,1124,1541,3105,0.2,a,,,,0.0,0,0,0
2026-09-01T00:37:01+00:00,425,547676,Fredricson,16,2,40,0,0,0.0,-1,,False,0.0,0.0,0.0,0,0,0,0,186,0,866,0.0,u,0,Has joined Lausanne-Sport permanently,2026-08-18T14:12:31.904433Z,0.0,0,0,0
2026-09-01T00:37:01+00:00,426,141746,B.Fernandes,16,3,120,0,0,-17.6,1125,,False,-14.5,-11.2,-7.9,-1,-1,-1,183469,181001,231987,409581,48.0,a,,,,12.5,23,25,180
2026-09-01T00:37:01+00:00,427,446008,Mbeumo,16,3,80,0,0,-62.1,-1804,,False,-69.7,-77.8,-85.9,-3,-3,-3,37365,348512,119590,568700,31.6,a,,,,6.5,11,13,180
2026-09-01T00:37:01+00:00,428,430871,Cunha,16,3,80,0,0,-64.5,-463,,False,-71.7,-79.3,-86.9,-3,-3,-3,10833,71472,37687,164429,8.6,a,,,,5.5,9,11,158
2026-09-01T00:37:01+00:00,429,176297,Rashford,16,3,70,0,0,-43.6,-79,,False,-50.1,-56.9,-63.8,-3,-3,-3,9156,18030,24220,40108,1.6,a,,,,1.5,2,3,124
2026-09-01T00:37:01+00:00,430,184341,Mount,16,3,55,0,0,-72.7,-1,,False,-76.1,-79.6,-83.1,-3,-3,-3,29,271,64,966,0.0,d,75,Foot injury - 75% chance of playing,2026-08-15T16:00:07.879135Z,0.0,0,0,0
2026-09-01T00:37:01+00:00,431,493250,Amad,16,3,59,0,-1,-72.5,-214,,False,-87.1,-102.5,-118.0,-3,-5,-5,133,21780,1709,81239,0.7,i,0,Unspecified injury - Unknown return date,2026-08-22T11:00:08.617283Z,0.0,0,0,0
2026-09-01T00:37:01+00:00,432,516895,Mainoo,16,3,55,0,0,-40.5,72,,False,-30.9,-20.9,-10.8,-2,-2,-1,7617,6390,11077,20083,1.0,a,,,,2.5,4,5,102
2026-09-01T00:37:01+00:00,433,232112,Ugarte,16,3,50,0,0,-45.7,0,,False,-45.7,-45.7,-45.7,-3,-3,-3,14,42,38,130,0.0,i,0,Knee injury - Unknown return date,2026-07-23T12:01:23.706702Z,0.0,0,0,0
2026-09-01T00:37:01+00:00,434,547037,J.Fletcher,16,3,50,0,0,-65.6,2,,False,-47.6,-28.5,-9.5,-3,-2,-1,39,85,80,254,0.0,a,,,,0.0,0,0,0
2026-09-01T00:37:01+00:00,435,576628,Lacey,16,3,50,0,0,-52.1,-4,,False,-62.6,-73.8,-84.9,-3,-3,-3,183,549,510,1139,0.1,a,,,,0.5,0,1,10
2026-09-01T00:37:01+00:00,436,490881,Collyer,16,3,50,0,0,-53.0,-3,,False,-72.5,-93.2,-113.9,-3,-3,-5,76,116,136,350,0.0,a,,,,0.0,0,0,0
2026-09-01T00:37:01+00:00,437,576620,Bendito Mantato,16,3,45,0,0,-38.6,-10,,False,-46.0,-53.9,-61.7,-3,-3,-3,863,1361,1824,3732,0.2,a,,,,0.0,0,0,0
2026-09-01T00:37:01+00:00,438,519913,Fletcher,16,3,45,0,0,-46.6,-2,,False,-47.2,-47.9,-48.5,-3,-3,-3,972,2174,2300,6158,0.3,a,,,,0.0,0,0,0
2026-09-01T00:37:01+00:00,439,485711,Šeško,16,4,70,0,0,0.9,-200,,False,-10.1,-26.7,-43.2,-1,-2,-3,8328,24138,38882,39264,1.7,a,100,,2026-07-23T12:01:23.722029Z,1.0,1,2,33
2026-09-01T00:37:01+00:00,440,458249,Zirkzee,16,4,54,-1,-1,-16.8,-57,,False,-25.9,-35.4,-45.0,-2,-2,-3,2575,6239,4620,19370,0.5,a,,,,0.0,0,0,0
2026-09-01T00:37:01+00:00,441,596047,Obi,16,4,45,0,0,-11.4,46,,False,-6.1,-0.5,0.6,-1,-1,1,8818,7154,15134,18723,1.2,a,,,,0.0,0,0,0
2026-09-01T00:37:01+00:00,405,465694,N.Gonzalez,17,3,55,0,0,2.0,37,,False,2.5,3.0,3.5,1,1,1,4604,1282,6991,3024,0.2,a,,,,1.0,2,2,70
2026-09-01T00:37:01+00:00,442,98747,Pope,17,1,50,0,0,-63.0,-90,,False,-73.1,-83.7,-94.4,-3,-3,-3,2387,9347,5093,21651,1.2,a,,,,0.0,0,0,0
2026-09-01T00:37:01+00:00,443,81441,Gillespie,17,1,45,0,0,-15.0,0,,False,-15.0,-15.0,-15.0,-1,-1,-1,109,189,271,420,0.0,a,,,,0.0,0,0,0
2026-09-01T00:37:01+00:00,444,554578,Jaouen,17,1,45,0,0,-62.9,-3,,False,-78.0,-93.9,-109.9,-3,-3,-5,86,262,210,610,0.0,a,,,,0.0,0,0,0
2026-09-01T00:37:01+00:00,445,465642,Thiaw,17,2,50,0,0,8.7,111,,False,10.1,11.6,13.1,1,1,1,23986,12259,43784,23157,1.9,a,,,,4.5,6,9,180
2026-09-01T00:37:01+00:00,446,119471,Schär,17,2,50,0,0,-23.3,-22,,False,-35.1,-47.6,-60.1,-2,-3,-3,911,2525,2806,4410,0.3,a,100,,2026-08-15T16:30:07.209742Z,0.5,0,1,1
2026-09-01T00:37:01+00:00,447,220237,Botman,17,2,50,0,0,5.2,35,,False,5.7,6.1,6.6,1,1,1,7247,2759,16132,6041,0.6,a,,,,4.0,5,8,180
2026-09-01T00:37:01+00:00,448,78916,Burn,17,2,49,-1,-1,-11.9,-193,,False,-16.0,-20.3,-24.6,-1,-2,-2,378,26560,6625,101871,1.3,i,0,Ankle injury - Expected back 14 Sep,2026-08-23T18:00:08.367241Z,0.0,0,0,0
2026-09-01T00:37:01+00:00,449,487838,Hall,17,2,50,0,0,93.0,2328,,False,122.9,154.5,186.1,5,5,5,227416,24654,280117,44090,6.7,a,,,,7.0,11,14,180
2026-09-01T00:37:01+00:00,450,441191,Livramento,17,2,50,0,0,-97.5,-4,,False,-103.8,-110.5,-117.1,-5,-5,-5,53,472,144,1700,0.0,i,0,Calf injury - Unknown return date,2026-07-23T12:01:23.753221Z,0.0,0,0,0
2026-09-01T00:37:01+00:00,451,545477,A.Murphy,17,2,40,0,0,0.0,-6,,False,0.0,0.0,0.0,0,0,0,0,1121,0,4397,0.1,u,0,Has joined FC Kaiserslautern on loan for the rest of the season,2026-08-12T14:05:29.224600Z,0.0,0,0,0
2026-09-01T00:37:01+00:00,453,201666,Barnes,17,3,60,0,0,2.5,10,,False,2.6,2.8,2.9,1,1,1,7871,9728,22866,20058,1.1,a,,,,2.5,3,5,180
2026-09-01T00:37:01+00:00,454,449434,Elanga,17,3,61,1,1,16.4,3385,,False,32.4,49.4,66.4,2,3,3,364299,29006,459740,40879,6.4,a,,,,8.5,8,17,156
2026-09-01T00:37:01+00:00,456,232653,J.Ramsey,17,3,50,0,0,-69.6,-21,,False,-78.1,-87.2,-96.3,-3,-3,-4,899,3009,2341,7689,0.3,a,,,,0.5,1,1,42
2026-09-01T00:37:01+00:00,457,114243,J.Murphy,17,3,59,-1,-1,-0.4,-16,,False,-8.8,-17.6,-26.4,-1,-1,-2,412,1714,1129,4396,0.1,a,,,,0.5,1,1,22
2026-09-01T00:37:01+00:00,458,180974,Joelinton,17,3,54,-1,-1,-0.1,-1,,False,-1.4,-2.9,-4.3,-1,-1,-1,58,348,106,1416,0.0,i,0,Unspecified injury - Unknown return date,2026-08-16T08:00:08.074045Z,0.0,0,0,0
2026-09-01T00:37:01+00:00,459,547719,L.Miley,17,3,55,0,0,0.6,5,,False,0.6,0.7,0.8,1,1,1,939,651,2330,1185,0.1,a,100,,2026-07-23T12:01:23.785456Z,3.0,3,6,165
2026-09-01T00:37:01+00:00,460,200089,Willock,17,3,50,0,0,6.0,58,,False,6.8,7.6,8.4,1,1,1,9799,2991,18562,4923,0.3,a,,,,4.5,3,9,104
2026-09-01T00:37:01+00:00,461,611665,Touré,17,3,59,-1,-1,-26.1,-20,,False,-34.8,-43.9,-53.0,-2,-3,-3,406,3310,919,7768,0.2,a,,,,0.5,1,1,1
2026-09-01T00:37:01+00:00,462,636852,Steur,17,3,50,0,0,-47.3,-4,,False,-52.9,-58.9,-64.8,-3,-3,-3,305,1244,1067,2244,0.1,a,,,,1.0,1,2,74
2026-09-01T00:37:01+00:00,463,470313,Woltemade,17,4,59,-1,-1,-0.8,-208,,False,-12.4,-24.6,-36.8,-1,-2,-2,4879,15925,12072,46709,1.4,a,,,,2.0,4,4,19
2026-09-01T00:37:01+00:00,464,216646,Wissa,17,4,61,1,1,18.8,4240,,False,38.9,60.1,81.4,2,3,3,417716,32133,576673,56221,8.4,a,,,,6.0,8,12,171
2026-09-01T00:37:01+00:00,465,538207,Osula,17,4,60,0,0,-78.0,-193,,False,-91.8,-106.4,-121.0,-3,-5,-5,280,21954,20624,48461,0.7,i,0,Foot injury - Unknown return date,2026-08-25T19:00:08.004915Z,2.0,0,4,55
2026-09-01T00:37:01+00:00,466,599303,Neave,17,4,45,0,0,1.0,55,,False,1.7,2.4,3.2,1,1,1,8160,5403,14638,13528,0.8,a,,,,0.0,0,0,0
2026-09-01T00:37:01+00:00,559,632794,Bamba,17,3,50,0,0,-59.4,-3,,False,-62.5,-65.7,-68.9,-3,-3,-3,457,1325,1147,2992,0.1,a,,,,0.5,0,1,14
2026-09-01T00:37:01+00:00,567,470551,Horníček,17,1,50,0,0,6.7,123,,False,8.2,9.9,11.6,1,1,1,24766,6423,30303,10681,0.9,a,,,,4.0,7,8,180
2026-09-01T00:37:01+00:00,593,463726,Dedić,17,2,45,0,0,0.0,0,2026-09-01T14:00:38.519566Z,False,0.0,0.0,0.0,0,0,0,104853,13022,115212,15178,1.5,a,,,,6.0,11,12,180
2026-09-01T00:37:01+00:00,609,553746,Shahar,17,2,40,0,0,0.0,0,2026-09-05T18:21:27.993732Z,False,0.0,0.0,0.0,0,0,0,5595,1492,9588,2137,0.2,a,,,,0.0,0,0,0
2026-09-01T00:37:01+00:00,167,463034,Delap,18,4,55,0,0,5.3,96,,False,6.5,7.8,9.2,1,1,1,16697,5317,24437,12882,0.6,a,,,,0.5,1,1,24
2026-09-01T00:37:01+00:00,467,85633,Sels,18,1,50,0,0,-30.0,-47,,False,-34.3,-38.9,-43.5,-2,-2,-3,3726,7147,7076,18893,1.5,a,,,,1.5,1,3,180
2026-09-01T00:37:01+00:00,468,221389,John,18,1,45,0,0,-28.4,0,,False,-28.4,-28.4,-28.4,-2,-2,-2,109,305,287,771,0.1,a,,,,0.0,0,0,0
2026-09-01T00:37:01+00:00,469,215136,N.Williams,18,2,50,0,0,-33.4,60,,False,-32.5,-31.5,-30.5,-2,-2,-2,24436,34572,38586,116706,8.6,a,,,,4.0,6,8,180
2026-09-01T00:37:01+00:00,470,485047,Morato,18,2,50,0,0,-80.1,-7,,False,-101.4,-124.0,-146.6,-5,-5,-5,123,426,353,1093,0.0,a,,,,0.0,0,0,0
2026-09-01T00:37:01+00:00,471,227444,Milenković,18,2,55,0,0,-42.8,-24,,False,-44.7,-46.7,-48.7,-3,-3,-3,2664,6910,5255,23951,1.7,a,,,,2.5,3,5,180
2026-09-01T00:37:01+00:00,472,575476,Murillo,18,2,55,0,0,-14.3,-35,,False,-17.2,-20.3,-23.3,-1,-2,-2,4560,8275,13140,20112,1.6,a,100,,2026-07-23T12:01:23.801183Z,2.5,1,5,180
2026-09-01T00:37:01+00:00,473,159506,Aina,18,2,45,0,0,-14.9,-101,,False,-18.9,-23.2,-27.5,-1,-2,-2,10548,21766,28318,44603,3.3,a,,,,2.5,0,5,158
2026-09-01T00:37:01+00:00,474,575458,Jair Cunha,18,2,45,0,0,-33.3,-8,,False,-38.5,-44.0,-49.6,-2,-3,-3,440,857,699,2416,0.2,a,,,,1.0,1,2,180
2026-09-01T00:37:01+00:00,475,500151,Savona,18,2,45,0,0,0.0,-1,,False,0.0,-3.4,-24.9,0,-1,-2,13,36,126,84,0.0,i,0,Knee injury - Unknown return date,2026-07-23T12:01:23.816304Z,0.0,0,0,0
2026-09-01T00:37:01+00:00,476,204822,O.Richards,18,2,40,0,0,-32.1,-3,,False,-33.9,-35.7,-37.6,-2,-2,-2,467,1026,962,3034,0.2,a,,,,0.0,0,0,0
2026-09-01T00:37:01+00:00,477,549067,Abbott,18,2,40,0,0,-20.7,-3,,False,-22.3,-24.0,-25.7,-2,-2,-2,845,1254,1841,3477,0.2,a,,,,0.0,0,0,0
2026-09-01T00:37:01+00:00,478,470315,Netz,18,2,45,0,0,-37.6,1,,False,-35.7,-33.6,-31.6,-2,-2,-2,92,202,204,490,0.0,a,,,,1.0,1,2,20
2026-09-01T00:37:01+00:00,479,538638,Bindon,18,2,40,0,0,-27.2,2,,False,-26.1,-24.9,-23.7,-2,-2,-2,351,760,716,2177,0.2,a,,,,0.0,0,0,0
2026-09-01T00:37:01+00:00,480,222531,Gibbs-White,18,3,79,-1,-1,14.6,412,,False,19.9,25.5,31.1,1,2,2,81636,50874,90416,333967,8.9,a,100,,2026-08-24T15:30:08.350159Z,7.5,13,15,180
2026-09-01T00:37:01+00:00,482,209046,Hudson-Odoi,18,3,59,-1,-1,-17.4,-22,,False,-26.0,-35.0,-44.0,-2,-2,-3,783,2187,1509,7671,0.2,a,100,,2026-07-23T12:01:23.832709Z,0.5,1,1,1
2026-09-01T00:37:01+00:00,483,456512,Ndoye,18,3,55,0,0,3.4,84,,False,4.4,5.6,6.7,1,1,1,16280,4386,17771,9648,0.6,a,,,,6.0,9,12,126
2026-09-01T00:37:01+00:00,484,503301,Hutchinson,18,3,54,-1,-1,-0.5,-16,,False,-9.2,-18.4,-27.5,-1,-1,-2,173,1427,387,3673,0.1,a,,,,0.0,0,0,0
2026-09-01T00:37:01+00:00,485,476887,Bakwa,18,3,55,0,0,0.0,-4,,False,0.0,0.0,0.0,0,0,0,0,312,107,717,0.0,u,0,Has joined Lille on loan for the rest of the season,2026-08-27T14:53:03.381941Z,0.0,0,0,0
2026-09-01T00:37:01+00:00,486,432714,McAtee,18,3,55,0,0,0.7,18,,False,0.9,1.1,1.4,1,1,1,1760,588,2434,1063,0.1,a,,,,2.5,2,5,163
2026-09-01T00:37:01+00:00,487,250199,Dominguez,18,3,50,0,0,-68.9,-4,,False,-75.3,-82.1,-88.8,-3,-3,-3,180,509,394,1571,0.1,a,,,,0.5,1,1,1
2026-09-01T00:37:01+00:00,488,210462,I.Sangaré,18,3,50,0,0,-72.8,-160,,False,-83.3,-94.5,-105.6,-3,-3,-5,122,13996,2972,31973,0.7,i,0,Calf injury - Unknown return date,2026-08-28T09:30:07.471668Z,1.0,0,2,90
2026-09-01T00:37:01+00:00,489,204968,Yates,18,3,45,0,0,-0.1,0,2026-09-05T09:30:07.492167Z,False,-0.1,-0.1,-0.1,-1,-1,-1,9530,9367,11273,46450,1.5,a,100,,2026-08-17T20:30:08.195072Z,0.0,0,0,0
2026-09-01T00:37:01+00:00,490,60689,Wood,18,4,59,-1,-1,-22.8,-170,,False,-32.6,-43.0,-53.4,-2,-3,-3,3530,21409,8099,50760,1.4,a,,,,0.5,0,1,28
2026-09-01T00:37:01+00:00,491,482973,Igor Jesus,18,4,60,0,0,-100.2,-197,,False,-108.1,-116.5,-124.9,-5,-5,-5,9072,37015,19309,95565,3.3,a,,,,1.5,1,3,180
2026-09-01T00:37:01+00:00,493,465680,Kalimuendo,18,4,55,0,0,-81.2,-8,,False,-103.4,-126.8,-150.2,-5,-5,-5,209,614,548,1371,0.0,a,,,,0.5,0,1,1
2026-09-01T00:37:01+00:00,558,204561,Schlager,18,3,50,0,0,-36.8,1,,False,-35.2,-33.6,-31.9,-2,-2,-2,628,527,786,1671,0.1,a,,,,2.5,4,5,106
2026-09-01T00:37:01+00:00,581,568420,Diomande,18,2,55,0,0,-75.5,-59,,False,-87.5,-100.2,-112.8,-3,-5,-5,1673,7896,5157,19997,0.7,a,,,,0.0,0,0,0
2026-09-01T00:37:01+00:00,590,428971,Benda,18,1,45,0,0,0.0,-2,,False,-0.0,-3.9,-7.7,0,-1,-1,466,420,1091,964,0.1,a,,,,0.0,0,0,0
2026-09-01T00:37:01+00:00,112,469142,Van Hecke,19,2,50,0,0,-71.3,-950,,False,-86.4,-102.3,-118.2,-3,-5,-5,8952,96924,45556,195692,8.4,a,,,,1.0,1,2,180
2026-09-01T00:37:01+00:00,401,438234,Marmoush,19,4,70,0,0,25.2,328,,False,29.4,33.8,38.3,2,2,2,51207,17160,91015,36521,1.8,a,,,,1.0,2,2,90
2026-09-01T00:37:01+00:00,403,510281,Sávio,19,3,65,0,0,19.4,-145,,False,17.6,15.6,13.6,1,1,1,10812,17373,66559,24237,0.9,d,75,Muscular injury - 75% chance of playing,2026-08-29T16:30:08.380416Z,0.0,0,0,0
2026-09-01T00:37:01+00:00,455,432422,Tonali,19,3,54,-1,-1,-0.6,-340,,False,-8.8,-17.4,-26.0,-1,-1,-2,4316,45256,18435,97472,3.3,a,,,,2.0,2,4,164
2026-09-01T00:37:01+00:00,494,184254,Vicario,19,1,45,0,0,0.0,-26,,False,0.0,0.0,0.0,0,0,0,0,3425,0,14862,0.2,u,0,Has joined Juventus on loan for the rest of the season,2026-08-19T13:55:33.193962Z,0.0,0,0,0
2026-09-01T00:37:01+00:00,495,214572,Austin,19,1,40,0,0,0.4,-3,,False,0.4,0.3,0.3,1,1,1,3963,2472,7175,6174,0.9,a,,,,0.0,0,0,0
2026-09-01T00:37:01+00:00,496,485055,Kinsky,19,1,45,0,0,-19.1,-579,,False,-22.8,-26.7,-30.6,-2,-2,-2,20160,118053,60785,200204,21.0,a,,,,1.5,1,3,180
2026-09-01T00:37:01+00:00,497,67089,Dubravka,19,1,40,0,0,-7.6,-68,,False,-8.1,-8.6,-9.2,-1,-1,-1,49592,50877,84678,114694,18.2,a,,,,0.0,0,0,0
2026-09-01T00:37:01+00:00,498,221466,Senesi,19,2,60,0,0,-91.3,-963,,False,-111.1,-132.1,-153.0,-5,-5,-5,3041,89752,18983,153987,6.5,a,,,,1.5,0,3,90
2026-09-01T00:37:01+00:00,499,441164,Pedro Porro,19,2,55,0,0,-4.4,-830,,False,-13.1,-22.4,-31.7,-1,-2,-2,25993,95215,46567,412733,12.7,a,100,,2026-08-21T15:22:48.149081Z,0.5,1,1,90
2026-09-01T00:37:01+00:00,500,221632,Romero,19,2,50,0,0,0.0,-21,,False,0.0,0.0,0.0,0,0,0,0,2341,0,13120,0.1,u,0,Has joined Atletico Madrid permanently,2026-08-17T13:49:05.465401Z,0.0,0,0,0
2026-09-01T00:37:01+00:00,501,135720,Danso,19,2,50,0,0,-74.0,-18,,False,-89.0,-104.8,-120.6,-3,-5,-5,326,1635,1346,4067,0.2,a,,,,0.0,0,0,0
2026-09-01T00:37:01+00:00,502,122798,Robertson,19,2,45,0,0,-14.9,-156,,False,-20.7,-26.9,-33.1,-2,-2,-2,7090,25989,29261,49287,3.6,a,,,,2.5,2,5,157
2026-09-01T00:37:01+00:00,503,491279,Van de Ven,19,2,50,0,0,-4.4,-321,,False,-15.0,-26.2,-37.5,-1,-2,-2,8767,35671,17141,160374,4.0,a,100,,2026-08-21T15:00:07.610517Z,0.0,0,0,90
2026-09-01T00:37:01+00:00,505,232859,Spence,19,2,45,0,0,0.0,-72,,False,0.0,0.0,0.0,0,0,0,0,8943,0,54725,0.4,u,0,Has joined Internazionale permanently,2026-08-18T14:13:08.454214Z,0.0,0,0,0
2026-09-01T00:37:01+00:00,506,487053,Udogie,19,2,45,0,0,-53.0,-29,,False,-61.6,-70.8,-79.9,-3,-3,-3,594,3172,2279,7864,0.4,a,,,,1.0,1,2,26
2026-09-01T00:37:01+00:00,507,548308,Phillips,19,2,45,0,0,0.0,0,,False,0.0,0.0,0.0,0,0,0,0,199,0,857,0.0,u,0,Has joined Middlesbrough permanently,2026-08-18T14:13:08.474144Z,0.0,0,0,0
2026-09-01T00:37:01+00:00,508,115556,Davies,19,2,40,0,0,-37.4,-22,,False,-40.3,-43.5,-46.6,-3,-3,-3,1721,5583,4598,14566,1.0,a,,,,0.0,0,0,0
2026-09-01T00:37:01+00:00,509,640419,Byfield,19,2,40,0,0,-16.2,1,,False,-13.4,-10.3,-7.2,-1,-1,-1,230,295,549,853,0.1,a,,,,0.0,0,0,0
2026-09-01T00:37:01+00:00,510,499716,Rowswell,19,2,40,0,0,-22.9,-5,,False,-31.6,-40.7,-49.9,-2,-3,-3,264,439,599,1134,0.1,a,,,,0.0,0,0,0
2026-09-01T00:37:01+00:00,511,616221,Souza,19,2,40,0,0,-25.2,-5,,False,-27.5,-29.9,-32.3,-2,-2,-2,1124,1666,2317,4360,0.3,a,,,,0.0,0,0,0
2026-09-01T00:37:01+00:00,512,460842,Kudus,19,3,65,0,0,0.3,28,,False,0.7,1.1,1.4,1,1,1,1753,949,2022,3355,0.1,a,100,,2026-07-23T12:01:23.848657Z,0.5,1,1,22
2026-09-01T00:37:01+00:00,513,493362,Xavi,19,3,60,0,0,-65.6,-1,,False,-69.8,-74.3,-78.7,-3,-3,-3,39,212,116,568,0.0,i,0,Knee injury - Unknown return date,2026-07-23T12:01:23.864304Z,0.0,0,0,0
2026-09-01T00:37:01+00:00,514,511499,Tel,19,3,59,-1,-1,-13.7,-68,,False,-26.7,-40.6,-54.5,-2,-3,-3,870,8717,5044,19178,0.4,a,,,,2.0,2,4,157
2026-09-01T00:37:01+00:00,515,172780,Maddison,19,3,64,-1,-1,-39.5,-175,,False,-49.3,-59.7,-70.1,-3,-3,-3,112,20219,2798,57205,0.8,d,75,Shoulder injury - 75% chance of playing,2026-08-25T14:30:07.623508Z,0.5,0,1,22
2026-09-01T00:37:01+00:00,516,202993,Bentancur,19,3,55,0,0,-53.3,-12,,False,-62.1,-71.4,-80.8,-3,-3,-3,399,1150,1001,3181,0.2,a,,,,1.5,2,3,135
2026-09-01T00:37:01+00:00,517,550839,Odobert,19,3,55,0,0,-26.6,0,,False,-26.6,-26.6,-26.6,-2,-2,-2,13,24,29,43,0.0,i,0,Knee injury - Unknown return date,2026-07-23T12:01:23.879434Z,0.0,0,0,0
2026-09-01T00:37:01+00:00,518,482442,P.M.Sarr,19,3,49,0,-1,-0.0,0,2026-09-05T18:30:08.546151Z,False,-0.0,-0.0,-0.0,0,0,0,3369,2024,3482,12488,0.2,a,100,,2026-08-21T14:30:08.419690Z,0.0,0,0,0
2026-09-01T00:37:01+00:00,519,232787,Gallagher,19,3,54,-1,-1,-7.1,-27,,False,-15.4,-24.2,-33.0,-1,-2,-2,567,3051,1775,7698,0.2,a,,,,0.0,0,0,45
2026-09-01T00:37:01+00:00,520,570526,Bergvall,19,3,55,0,0,-71.6,-14,,False,-81.3,-91.6,-101.9,-3,-3,-5,245,1593,880,3792,0.2,a,,,,0.5,0,1,45
2026-09-01T00:37:01+00:00,521,445044,Kulusevski,19,3,65,0,0,-44.3,1,,False,-38.1,-31.6,-25.1,-2,-2,-2,36,83,111,324,0.0,i,0,Knee injury - Unknown return date,2026-07-23T12:01:23.895175Z,0.0,0,0,0
2026-09-01T00:37:01+00:00,522,547701,Gray,19,3,50,0,0,-24.9,-6,,False,-28.8,-32.9,-37.0,-2,-2,-2,1186,1913,2897,4457,0.2,a,,,,2.0,2,4,152
2026-09-01T00:37:01+00:00,523,499721,Moore,19,3,50,0,0,-35.3,-17,,False,-48.5,-62.5,-76.5,-3,-3,-3,618,2282,3037,4808,0.2,a,,,,1.5,1,3,89
2026-09-01T00:37:01+00:00,524,499726,Olusesi,19,3,45,0,0,-57.2,-30,,False,-62.5,-68.0,-73.6,-3,-3,-3,771,4939,2785,14251,0.8,a,,,,0.0,0,0,0
2026-09-01T00:37:01+00:00,525,551226,Fernandes,19,3,59,-1,-1,-10.3,-138,,False,-18.0,-26.1,-34.3,-1,-2,-2,2068,21292,6597,52621,1.4,a,,,,1.5,2,3,135
2026-09-01T00:37:01+00:00,526,154566,Solanke,19,4,59,-1,-1,-0.6,-128,,False,-9.1,-18.2,-27.2,-1,-1,-2,3080,16967,11292,37785,1.2,a,,,,1.0,1,2,37
2026-09-01T00:37:01+00:00,527,212319,Richarlison,19,4,59,-1,-1,-14.9,-428,,False,-29.8,-45.6,-61.3,-2,-3,-3,3855,52130,18578,98601,2.2,a,,,,1.0,0,2,67
2026-09-01T00:37:01+00:00,528,490145,Scarlett,19,4,45,0,0,2.1,98,,False,3.4,4.7,6.1,1,1,1,18797,11627,31981,28807,1.9,a,,,,0.0,0,0,0
2026-09-01T00:37:01+00:00,601,611917,Williams-Barnett,19,3,45,0,0,0.0,0,2026-09-04T19:30:49.058576Z,False,0.0,0.0,0.0,0,0,0,2288,1044,4924,1628,0.1,a,,,,0.0,0,0,0
2026-09-01T00:37:01+00:00,529,498016,Roefs,20,1,50,0,0,-34.9,-39,,False,-36.3,-37.8,-39.3,-2,-2,-2,3764,21892,8530,52226,3.6,a,,,,3.5,6,7,180
2026-09-01T00:37:01+00:00,530,232571,Patterson,20,1,40,0,0,0.0,-2,,False,0.0,0.0,0.0,0,0,0,0,926,0,3233,0.1,u,0,Has joined Wrexham permanently,2026-08-12T14:08:03.064533Z,0.0,0,0,0
2026-09-01T00:37:01+00:00,531,515046,Ellborg,20,1,45,0,0,-41.8,-6,,False,-51.0,-60.8,-70.5,-3,-3,-3,144,414,353,1268,0.1,a,,,,0.0,0,0,0
2026-09-01T00:37:01+00:00,532,223827,Ballard,20,2,50,0,0,-50.9,-182,,False,-56.2,-61.9,-67.6,-3,-3,-3,6499,37046,19297,86750,4.5,a,,,,4.0,8,8,180
2026-09-01T00:37:01+00:00,533,200834,Mukiele,20,2,55,0,0,-59.0,34,,False,-57.1,-55.2,-53.2,-3,-3,-3,10137,10706,15725,49293,2.4,a,100,,2026-08-09T08:30:05.954750Z,4.5,9,9,90
2026-09-01T00:37:01+00:00,534,487676,Hume,20,2,45,0,0,-22.9,-125,,False,-25.8,-28.8,-31.8,-2,-2,-2,7767,34896,21386,72267,5.9,a,,,,4.0,6,8,169
2026-09-01T00:37:01+00:00,535,201895,Alderete,20,2,50,0,0,-59.4,-41,,False,-73.1,-87.6,-102.1,-3,-3,-5,814,4369,3411,9633,0.4,a,100,,2026-08-09T08:30:05.962393Z,0.5,0,1,23
2026-09-01T00:37:01+00:00,536,434399,Reinildo,20,2,45,0,0,-28.1,0,,False,-28.1,-28.1,-28.1,-2,-2,-2,868,1753,1843,5331,0.4,a,,,,3.5,6,7,180
2026-09-01T00:37:01+00:00,537,519634,Seelt,20,2,45,0,0,0.0,0,,False,0.0,0.0,0.0,0,0,0,3,198,61,325,0.0,u,0,Has joined Swansea City on loan for the rest of the season,2026-08-29T00:34:52.425076Z,0.0,0,0,0
2026-09-01T00:37:01+00:00,538,477547,Hjelde,20,2,40,0,0,0.0,-1,,False,0.0,0.0,0.0,0,0,0,0,399,0,1389,0.0,u,0,Has joined KV Mechelen on loan for the rest of the season,2026-08-12T14:08:03.081789Z,0.0,0,0,0
2026-09-01T00:37:01+00:00,539,167512,O'Nien,20,2,40,0,0,-23.6,-108,,False,-28.1,-32.9,-37.6,-2,-2,-2,2346,14636,6948,32175,3.2,a,,,,0.5,0,1,66
2026-09-01T00:37:01+00:00,540,105717,Masuaku,20,2,40,0,0,0.0,-8,,False,0.0,0.0,0.0,0,0,0,0,1819,0,6687,0.2,u,0,Has joined Konyaspor permanently,2026-08-12T14:08:03.097784Z,0.0,0,0,0
2026-09-01T00:37:01+00:00,541,93605,Meunier,20,2,45,0,0,-3.3,-3,,False,-4.6,-5.9,-7.3,-1,-1,-1,1227,990,2237,2708,0.3,a,100,,2026-08-16T08:30:07.830062Z,3.5,6,7,180
2026-09-01T00:37:01+00:00,542,484420,E.Le Fée,20,3,59,-1,-1,-13.0,-1126,,False,-25.2,-38.1,-51.0,-2,-2,-3,3078,115923,14464,231033,7.2,a,,,,2.5,3,5,168
2026-09-01T00:37:01+00:00,543,547027,Diarra,20,3,55,0,0,-64.9,-11,,False,-77.9,-91.6,-105.3,-3,-3,-5,105,827,440,2004,0.1,d,75,Unspecified injury - 75% chance of playing,2026-08-30T16:30:08.428960Z,2.5,4,5,28
2026-09-01T00:37:01+00:00,544,84450,Xhaka,20,3,55,0,0,12.4,67,,False,13.3,14.2,15.1,1,1,1,18298,19982,61079,38197,4.6,a,,,,7.5,6,15,180
2026-09-01T00:37:01+00:00,545,577669,Sadiki,20,3,50,0,0,-41.4,-7,,False,-44.4,-47.6,-50.9,-3,-3,-3,883,2136,2048,5633,0.3,a,,,,2.5,3,5,180
2026-09-01T00:37:01+00:00,546,535818,Adingra,20,3,49,-1,-1,-14.3,-11,,False,-20.3,-26.6,-32.9,-2,-2,-2,125,979,178,4538,0.1,i,0,Ankle injury - Unknown return date,2026-08-20T14:00:08.416985Z,0.0,0,0,0
2026-09-01T00:37:01+00:00,547,461199,Mundle,20,3,50,0,0,-77.2,0,,False,-77.2,-77.2,-77.2,-3,-3,-3,33,67,73,217,0.0,a,,,,0.5,1,1,1
2026-09-01T00:37:01+00:00,548,554197,Rigg,20,3,50,0,0,-59.4,-2,,False,-63.8,-68.5,-73.3,-3,-3,-3,65,393,164,1013,0.1,a,,,,1.0,1,2,17
2026-09-01T00:37:01+00:00,549,549912,Talbi,20,3,54,-1,-1,-0.7,-32,,False,-14.1,-28.4,-42.6,-1,-2,-3,120,1846,404,4690,0.2,a,,,,0.5,0,1,31
2026-09-01T00:37:01+00:00,550,699989,Jocelin.T,20,3,50,0,0,-49.0,0,,False,-49.0,-49.0,-49.0,-3,-3,-3,37,47,88,148,0.0,a,,,,0.0,0,0,0
2026-09-01T00:37:01+00:00,551,536661,Angulo,20,3,50,0,0,2.3,4,,False,2.3,2.4,2.4,1,1,1,2298,1353,7641,2732,0.1,a,,,,4.0,3,8,122
2026-09-01T00:37:01+00:00,552,441264,Brobbey,20,4,60,0,0,-80.8,-1213,,False,-95.6,-111.2,-126.8,-4,-5,-5,12736,153733,51005,273360,11.0,a,,,,2.0,2,4,129
2026-09-01T00:37:01+00:00,553,437505,Isidor,20,4,55,0,0,-22.6,149,,False,-1.4,1.9,3.9,-1,1,1,12079,5959,14549,18880,0.9,a,,,,4.5,8,9,49
2026-09-01T00:37:01+00:00,612,638411,Methalie,20,2,45,0,0,0.0,0,2026-09-07T23:30:08.541669Z,False,0.0,0.0,0.0,0,0,0,87,30,182,57,0.0,a,100,,2026-08-28T13:00:08.950445Z,0.0,0,0,0
2026-09-01T00:37:01+00:00,613,696104,Ahoka,20,3,45,0,0,0.0,0,2026-09-08T14:02:40.674207Z,False,0.0,0.0,0.0,0,0,0,7119,2003,9594,2401,0.2,a,,,,0.0,0,0,0
2026-09-01T05:08:38+00:00,1,154561,Raya,1,1,60,0,0,10.4,79,,False,11.2,12.2,13.3,1,1,1,84546,92338,191280,174316,38.0,a,,,,6.0,6,12,180
2026-09-01T05:08:38+00:00,2,109745,Arrizabalaga,1,1,50,0,0,-82.6,-8,,False,-93.2,-107.4,-121.6,-3,-5,-5,295,575,617,1964,0.1,a,,,,0.0,0,0,0
2026-09-01T05:08:38+00:00,3,437495,Meslier,1,1,50,0,0,-80.3,0,,False,-80.3,-80.3,-80.3,-3,-3,-3,69,204,170,696,0.0,a,,,,0.0,0,0,0
2026-09-01T05:08:38+00:00,4,226597,Gabriel,1,2,80,0,0,-21.1,-744,,False,-23.9,-27.8,-31.6,-2,-2,-2,23207,147178,81972,271286,27.4,a,,,,6.5,8,13,180
2026-09-01T05:08:38+00:00,5,445122,J.Timber,1,2,65,0,0,-77.9,-9,,False,-81.5,-86.4,-91.3,-3,-3,-3,289,1355,690,4459,0.1,i,0,Groin injury - Unknown return date,2026-07-23T12:01:23.272929Z,0.0,0,0,0
2026-09-01T05:08:38+00:00,6,462424,Saliba,1,2,60,0,0,-66.6,-16,,False,-69.1,-72.4,-75.7,-3,-3,-3,758,3324,1604,10140,0.2,i,0,Back injury - Unknown return date,2026-07-23T12:01:23.289376Z,0.0,0,0,0
2026-09-01T05:08:38+00:00,7,499169,Lewis-Skelly,1,3,55,0,0,0.5,-16,,False,0.4,0.1,-1.0,1,1,-1,4018,5557,13711,14608,0.7,a,,,,3.0,3,6,160
2026-09-01T05:08:38+00:00,8,466075,Calafiori,1,2,56,0,1,43.9,2194,,False,66.1,95.9,125.7,3,4,5,176736,55755,486841,97388,42.2,a,,,,10.0,11,20,170
2026-09-01T05:08:38+00:00,9,448104,Hincapie,1,2,54,0,-1,-45.6,-238,,False,-64.2,-89.2,-114.1,-3,-3,-5,3019,15430,6929,56476,1.3,a,,,,0.5,0,1,9
2026-09-01T05:08:38+00:00,10,198869,White,1,2,55,0,0,54.5,317,,False,57.7,62.0,66.3,3,3,3,63469,46388,208410,71443,7.0,a,100,,2026-07-23T12:01:23.305229Z,9.0,7,18,180
2026-09-01T05:08:38+00:00,11,500040,Mosquera,1,2,55,0,0,-44.8,-243,,False,-49.7,-56.2,-62.7,-3,-3,-3,7159,37451,22569,83400,5.3,a,,,,6.0,6,12,168
2026-09-01T05:08:38+00:00,12,223340,Saka,1,3,95,0,0,14.2,321,,False,17.5,21.9,26.2,1,2,2,41337,42936,130250,78166,10.3,a,,,,10.0,11,20,157
2026-09-01T05:08:38+00:00,13,204480,Rice,1,3,75,0,0,-58.7,-825,,False,-64.3,-71.7,-79.2,-3,-3,-3,11150,107785,46637,265507,15.6,a,,,,4.0,5,8,151
2026-09-01T05:08:38+00:00,14,232413,Eze,1,3,64,-1,-1,-20.6,-199,,False,-28.3,-38.6,-48.8,-2,-2,-3,4170,17681,9886,62173,1.6,a,,,,1.0,1,2,59
2026-09-01T05:08:38+00:00,15,184029,Ødegaard,1,3,66,0,1,5.3,-403,,False,1.2,-4.3,-9.8,1,-1,-1,62152,61638,351711,98498,11.7,a,,,,7.0,3,14,145
2026-09-01T05:08:38+00:00,16,248857,Madueke,1,3,64,0,-1,-46.6,-36,,False,-60.1,-78.2,-96.4,-3,-3,-4,744,3277,2156,11508,0.3,a,,,,0.5,0,1,22
2026-09-01T05:08:38+00:00,17,195384,Merino,1,3,59,-1,-1,-22.3,-73,,False,-30.5,-41.5,-52.4,-2,-3,-3,1826,7061,4248,22318,0.5,a,,,,1.0,1,2,33
2026-09-01T05:08:38+00:00,18,444145,Martinelli,1,3,64,0,-1,-74.1,-34,,False,-93.8,-120.1,-146.5,-3,-5,-5,697,2828,2015,9864,0.2,a,,,,0.0,0,0,0
2026-09-01T05:08:38+00:00,19,481655,Zubimendi,1,3,54,-1,-1,-16.2,-109,,False,-23.8,-33.9,-44.0,-2,-2,-3,2339,8803,3918,29395,0.9,a,,,,1.0,1,2,27
2026-09-01T05:08:38+00:00,20,616077,Dowman,1,3,54,0,-1,-37.8,-10,,False,-50.5,-67.6,-84.6,-3,-3,-3,394,987,867,3317,0.1,a,,,,0.0,0,0,0
2026-09-01T05:08:38+00:00,22,499175,Nwaneri,1,3,54,-1,-1,-6.1,0,,False,-6.1,-6.1,-6.1,-1,-1,-1,116,172,192,496,0.0,a,,,,0.0,0,0,0
2026-09-01T05:08:38+00:00,23,438098,Fábio Vieira,1,3,55,0,0,-50.7,0,,False,-50.7,-50.7,-50.7,-3,-3,-3,109,113,189,328,0.0,a,,,,0.0,0,0,0
2026-09-01T05:08:38+00:00,24,200641,Nelson,1,3,55,0,0,0.0,0,,False,0.0,0.0,0.0,0,0,0,4,173,68,345,0.0,u,0,has departed the club as a free agent.,2026-08-29T00:33:08.556767Z,0.0,0,0,0
2026-09-01T05:08:38+00:00,25,224117,Gyökeres,1,4,74,0,-1,-80.9,-1505,,False,-108.4,-145.3,-182.1,-5,-5,-5,4463,77153,13239,315282,5.8,a,,,,0.0,0,0,0
2026-09-01T05:08:38+00:00,26,219847,Havertz,1,4,75,0,0,69.9,-329,,False,66.5,62.1,57.6,3,3,3,35983,52665,223591,91490,7.3,a,,,,4.0,2,8,180
2026-09-01T05:08:38+00:00,27,205651,G.Jesus,1,4,59,-1,-1,-2.5,-36,,False,-9.4,-18.8,-28.2,-1,-1,-2,1776,4244,3690,11422,0.3,a,,,,0.0,0,0,0
2026-09-01T05:08:38+00:00,31,199798,Konsa,1,2,44,-1,-1,-0.4,-217,,False,-1.7,-3.4,-5.1,-1,-1,-1,90044,92077,139865,321664,10.5,a,,,,0.5,1,1,11
2026-09-01T05:08:38+00:00,452,208706,Bruno G.,1,3,69,0,-1,-83.2,-151,,False,-90.1,-99.3,-108.5,-3,-4,-5,1570,34766,2420,161321,2.3,a,100,,2026-08-20T17:00:08.846118Z,0.5,1,1,19
2026-09-01T05:08:38+00:00,557,439509,Tzolis,1,3,65,0,0,52.8,-3081,,False,21.5,-8.8,-26.8,2,-1,-2,69306,188723,305993,244423,24.2,a,,,,3.0,0,6,120
2026-09-01T05:08:38+00:00,29,72147,M.Bizot,2,1,45,0,0,0.1,2,,False,0.1,0.1,0.1,1,1,1,1354,1122,2199,2003,0.1,a,,,,0.5,0,1,90
2026-09-01T05:08:38+00:00,30,101188,Digne,2,2,45,0,0,0.0,-11,,False,0.0,0.0,0.0,0,0,0,0,1266,0,6243,0.1,u,0,Has joined Paris Saint-Germain permanently,2026-08-10T14:03:30.089007Z,0.0,0,0,0
2026-09-01T05:08:38+00:00,32,199796,Cash,2,2,45,0,0,-52.6,-40,,False,-53.2,-54.0,-54.8,-3,-3,-3,13792,35845,40770,142172,7.2,a,,,,0.5,2,1,167
2026-09-01T05:08:38+00:00,33,149484,Mings,2,2,45,0,0,-1.2,-20,,False,-6.7,-14.1,-21.5,-1,-1,-2,1474,2164,4727,5671,0.4,a,,,,0.5,0,1,16
2026-09-01T05:08:38+00:00,34,244954,Pau,2,2,45,0,0,-34.6,12,,False,-31.6,-27.7,-23.8,-2,-2,-2,1442,1836,3273,6896,0.4,a,,,,1.0,2,2,163
2026-09-01T05:08:38+00:00,35,515597,Bogarde,2,3,50,0,0,-21.6,1,,False,-19.8,-17.5,-15.2,-1,-1,-1,480,605,1116,1590,0.1,a,,,,0.5,0,1,16
2026-09-01T05:08:38+00:00,36,441302,Maatsen,2,2,45,0,0,-38.5,13,,False,-36.6,-34.0,-31.5,-2,-2,-2,3004,3556,5550,12414,0.7,a,,,,0.5,1,1,171
2026-09-01T05:08:38+00:00,37,184667,Lindelöf,2,2,45,0,0,-35.1,10,,False,-31.3,-26.2,-21.0,-2,-2,-2,1210,1331,2985,5342,0.3,a,,,,0.0,2,0,180
2026-09-01T05:08:38+00:00,38,606798,A.García,2,2,40,0,0,-9.8,-23,,False,-11.2,-13.1,-15.0,-1,-1,-1,7371,7908,14710,21831,1.7,a,,,,0.0,0,0,0
2026-09-01T05:08:38+00:00,39,578545,Nedeljkovic,2,2,40,0,0,0.0,-15,,False,0.0,0.0,0.0,0,0,0,0,2117,0,9355,0.2,u,0,Has joined Rangers on loan for the rest of the season,2026-08-19T13:56:46.385411Z,0.0,0,0,0
2026-09-01T05:08:38+00:00,41,195546,Buendía,2,3,60,0,0,-89.5,-19,,False,-91.3,-93.6,-96.0,-3,-3,-4,5311,10226,10331,32112,1.1,a,,,,2.0,2,4,175
2026-09-01T05:08:38+00:00,44,215711,Bailey,2,3,55,0,0,-83.3,-12,,False,-92.6,-105.0,-117.5,-3,-5,-5,645,1522,1647,4179,0.1,a,,,,0.0,0,0,0
2026-09-01T05:08:38+00:00,45,122806,McGinn,2,3,55,0,0,-84.3,-83,,False,-87.6,-92.1,-96.6,-3,-3,-4,6381,19444,13987,64097,2.6,a,,,,1.0,1,2,171
2026-09-01T05:08:38+00:00,46,88894,Barkley,2,3,50,0,0,-3.2,7,,False,-0.4,0.1,0.2,-1,1,1,1950,1703,3825,4419,0.2,a,,,,2.0,2,4,150
2026-09-01T05:08:38+00:00,47,226944,Kamara,2,3,50,0,0,-26.9,5,,False,-25.3,-23.2,-21.1,-2,-2,-2,2261,2705,4750,7444,0.3,a,100,,2026-07-23T12:01:23.337269Z,2.0,2,4,180
2026-09-01T05:08:38+00:00,48,449871,Onana,2,3,50,0,0,-56.9,0,,False,-56.9,-56.9,-56.9,-3,-3,-3,94,342,251,871,0.0,i,0,Knee injury - Unknown return date,2026-07-23T12:01:23.352497Z,0.0,0,0,0
2026-09-01T05:08:38+00:00,49,469247,Iling Jr,2,3,50,0,0,0.0,0,,False,0.0,0.0,0.0,0,0,0,0,38,0,158,0.0,u,0,Has joined Bolton Wanderers on loan for the rest of the season,2026-08-17T13:52:28.532616Z,0.0,0,0,0
2026-09-01T05:08:38+00:00,50,645618,Burrowes,2,3,45,0,0,-12.3,-7,,False,-13.4,-14.7,-16.1,-1,-1,-1,4367,4442,7880,11210,0.7,a,,,,0.0,0,0,0
2026-09-01T05:08:38+00:00,51,577285,George Hemmings,2,3,45,0,0,3.6,94,,False,4.6,5.8,7.1,1,1,1,12473,5333,21216,10817,0.8,a,,,,2.0,2,4,160
2026-09-01T05:08:38+00:00,52,653481,Alysson,2,3,50,0,0,-25.4,0,,False,-25.4,-25.4,-25.4,-2,-2,-2,324,416,667,1012,0.0,a,,,,0.5,0,1,27
2026-09-01T05:08:38+00:00,53,614071,Manzambi,2,3,59,-1,-1,-11.1,-15,,False,-13.2,-15.9,-18.6,-1,-1,-1,187,2983,419,11773,0.2,i,0,Knee injury - Unknown return date,2026-08-15T15:30:06.388335Z,0.0,0,0,0
2026-09-01T05:08:38+00:00,54,448089,Gomes,2,3,55,0,0,-4.1,-2,,False,-5.8,-7.9,-10.1,-1,-1,-1,37,636,191,2519,0.0,s,0,Suspended until 19 Sep,2026-08-23T17:30:08.367415Z,-1.0,0,-2,39
2026-09-01T05:08:38+00:00,55,178301,Watkins,2,4,78,-1,-2,-4.4,-1347,,False,-17.9,-36.0,-54.1,-1,-2,-3,3833,119098,14465,395558,6.2,a,,,,0.0,0,0,0
2026-09-01T05:08:38+00:00,56,173879,Abraham,2,4,55,0,0,0.2,19,,False,0.4,0.6,0.9,1,1,1,789,1375,1386,4058,0.1,a,100,,2026-08-15T16:00:07.558543Z,0.5,1,1,19
2026-09-01T05:08:38+00:00,160,493105,Garnacho,2,3,59,-1,-1,-8.7,-51,,False,-15.0,-23.5,-31.9,-1,-2,-2,1285,5501,3306,16076,0.5,a,,,,1.0,1,2,16
2026-09-01T05:08:38+00:00,166,517052,N.Jackson,2,4,65,0,0,10.6,204,,False,12.7,15.4,18.2,1,1,1,3259,971,35587,14363,0.6,a,,,,1.0,2,2,70
2026-09-01T05:08:38+00:00,582,690838,Madjo,2,4,55,0,0,-33.2,-20,,False,-35.3,-38.2,-41.0,-2,-2,-3,507,4698,1673,13621,0.4,i,0,Unspecified injury - Unknown return date,2026-08-15T16:00:07.974271Z,0.0,0,0,0
2026-09-01T05:08:38+00:00,596,487992,Ruggeri,2,2,45,0,0,0.0,0,2026-09-02T14:00:12.061795Z,False,0.0,0.0,0.0,0,0,0,452,693,1308,1792,0.1,a,,,,0.5,0,1,8
2026-09-01T05:08:38+00:00,597,433969,Suzuki,2,1,50,0,0,0.0,0,2026-09-02T14:00:48.901511Z,False,0.0,0.0,0.0,0,0,0,8566,4284,12795,11055,0.9,a,,,,1.0,2,2,90
2026-09-01T05:08:38+00:00,606,569577,Rowe,2,2,40,0,0,0.0,0,2026-09-05T18:20:01.582031Z,False,0.0,0.0,0.0,0,0,0,3239,788,4799,1034,0.1,a,,,,0.0,0,0,0
2026-09-01T05:08:38+00:00,607,571380,Lynch,2,3,45,0,0,0.0,0,2026-09-05T18:20:27.235486Z,False,0.0,0.0,0.0,0,0,0,2121,1132,5724,1964,0.1,a,,,,0.0,0,0,0
2026-09-01T05:08:38+00:00,611,214590,Wan-Bissaka,2,2,45,0,0,0.0,0,2026-09-07T14:00:13.698490Z,False,0.0,0.0,0.0,0,0,0,3224,725,4773,891,0.1,a,,,,1.0,1,1,12
2026-09-01T05:08:38+00:00,618,119090,Goretzka,2,3,60,0,0,0.0,0,2026-09-10T13:59:31.002497Z,False,0.0,0.0,0.0,0,0,0,1853,362,2065,369,0.0,a,,,,0.0,0,0,0
2026-09-01T05:08:38+00:00,57,457569,Petrović,3,1,45,0,0,6.7,36,,False,7.0,7.5,8.0,1,1,1,21661,14555,47039,28608,3.4,a,,,,2.5,3,5,180
2026-09-01T05:08:38+00:00,58,40383,Forster,3,1,40,0,0,0.6,22,,False,0.8,1.1,1.4,1,1,1,15642,8836,25204,19489,3.3,a,,,,0.0,0,0,0
2026-09-01T05:08:38+00:00,59,444172,Dennis,3,1,40,0,0,0.0,-4,,False,0.0,0.0,0.0,0,0,0,0,1580,1133,3097,0.2,u,0,Has joined MK Dons permanently,2026-08-27T14:53:48.692835Z,0.0,0,0,0
2026-09-01T05:08:38+00:00,60,463981,Hill,3,2,55,0,0,1.5,-5,,False,1.5,1.4,1.3,1,1,1,3398,4904,12551,11645,0.9,a,,,,2.5,4,5,180
2026-09-01T05:08:38+00:00,61,494521,Truffert,3,2,55,0,0,-6.5,-96,,False,-9.0,-12.4,-15.8,-1,-1,-1,6478,17668,27079,43489,4.0,a,,,,2.5,4,5,180
2026-09-01T05:08:38+00:00,62,242882,Diakité,3,2,50,0,0,-2.7,-6,,False,-6.0,-10.4,-14.9,-1,-1,-1,1008,2100,3730,4421,0.2,a,,,,0.0,0,0,0
2026-09-01T05:08:38+00:00,63,620487,Milosavljević,3,2,50,0,0,-58.5,0,,False,-58.5,-58.5,-58.5,-3,-3,-3,40,128,114,424,0.0,i,0,Unspecified injury - Unknown return date,2026-08-06T10:00:10.456051Z,0.0,0,0,0
2026-09-01T05:08:38+00:00,64,54469,Smith,3,2,45,0,0,1.0,-10,,False,0.9,0.7,0.6,1,1,1,819,894,3664,1912,0.1,a,,,,1.0,1,2,180
2026-09-01T05:08:38+00:00,65,436893,J.Araujo,3,2,45,0,0,-79.4,0,,False,-79.4,-79.4,-79.4,-3,-3,-3,44,222,132,728,0.0,i,0,Thigh injury - Unknown return date,2026-08-09T08:00:05.645826Z,0.0,0,0,0
2026-09-01T05:08:38+00:00,66,575901,Soler,3,2,40,0,0,-13.2,10,,False,-8.5,-2.1,0.1,-1,-1,1,2466,1137,2882,3564,0.2,a,100,,2026-08-15T16:30:07.021055Z,0.0,0,0,0
2026-09-01T05:08:38+00:00,67,499604,Rayan,3,3,65,0,0,-29.9,-142,,False,-35.9,-44.0,-52.0,-2,-3,-3,5528,28372,29208,50551,2.5,a,,,,2.0,2,4,178
2026-09-01T05:08:38+00:00,68,201658,Tavernier,3,3,60,0,0,31.7,-112,,False,30.5,29.0,27.5,2,2,2,14407,22455,101614,34886,2.4,a,,,,5.5,1,11,180
2026-09-01T05:08:38+00:00,69,503139,Scott,3,3,60,0,0,7.5,211,,False,9.6,12.5,15.3,1,1,1,27387,7906,35907,20792,1.8,a,,,,7.0,12,14,176
2026-09-01T05:08:38+00:00,70,222683,Kluivert,3,3,60,0,0,1.7,-62,,False,1.0,0.2,-5.8,1,1,-1,4864,10837,21185,20427,1.2,a,,,,3.0,3,6,154
2026-09-01T05:08:38+00:00,71,155408,Cook,3,3,50,0,0,1.5,4,,False,1.6,1.6,1.7,1,1,1,3324,1723,6583,3430,0.2,a,,,,3.0,3,6,143
2026-09-01T05:08:38+00:00,72,496208,Gannon-Doak,3,3,50,0,0,-53.3,0,,False,-53.3,-53.3,-53.3,-3,-3,-3,196,739,561,1572,0.1,a,,,,0.5,0,1,1
2026-09-01T05:08:38+00:00,73,200785,Adams,3,3,50,0,0,0.6,-1,,False,0.6,0.5,0.5,1,1,1,2907,2447,5939,5302,0.2,a,100,,2026-08-15T16:30:07.029928Z,1.0,1,2,36
2026-09-01T05:08:38+00:00,74,111317,Brooks,3,3,50,0,0,0.1,5,,False,0.1,0.2,0.3,1,1,1,592,444,1194,1139,0.1,a,100,,2026-08-15T16:30:07.037929Z,0.5,1,1,9
2026-09-01T05:08:38+00:00,75,158499,Christie,3,3,50,0,0,0.0,-2,,False,-0.2,-12.6,-25.1,-1,-1,-2,527,250,1087,446,0.0,a,100,,2026-07-24T17:30:10.035483Z,0.5,1,1,3
2026-09-01T05:08:38+00:00,76,614574,Tóth.A,3,3,50,0,0,-26.6,0,,False,-26.6,-26.6,-26.6,-2,-2,-2,66,123,166,269,0.0,a,,,,0.5,0,1,15
2026-09-01T05:08:38+00:00,77,489888,Adli,3,3,49,-1,-1,-3.2,0,,False,-3.2,-3.2,-3.2,-1,-1,-1,73,373,127,1349,0.0,i,0,Unspecified injury - Unknown return date,2026-08-15T16:00:07.590566Z,0.0,0,0,0
2026-09-01T05:08:38+00:00,78,560262,Kroupi.Jr,3,3,74,-1,-1,-4.6,-24,,False,-6.7,-9.4,-12.1,-1,-1,-1,157,4807,619,18215,0.3,i,0,Foot injury - Unknown return date,2026-07-29T17:30:09.796802Z,0.0,0,0,0
2026-09-01T05:08:38+00:00,79,444102,Evanilson,3,4,60,0,0,36.5,145,,False,37.9,39.9,41.8,2,2,3,37114,18841,109739,37867,3.2,a,,,,4.5,5,9,154
2026-09-01T05:08:38+00:00,80,168636,Enes Ünal,3,4,55,0,0,0.0,-1,,False,0.0,0.0,0.0,0,0,0,0,297,0,1367,0.0,u,0,Has joined Getafe permanently,2026-08-14T14:14:21.881112Z,0.0,0,0,0
2026-09-01T05:08:38+00:00,81,561245,Rodríguez,3,4,60,0,0,-11.6,-4,,False,-15.2,-20.1,-24.9,-1,-2,-2,657,936,1657,2118,0.1,a,100,,2026-08-15T16:30:07.054142Z,0.5,1,1,9
2026-09-01T05:08:38+00:00,566,483067,Silva,3,2,50,0,0,3.1,13,,False,3.3,3.4,3.6,1,1,1,4188,2184,11553,4374,0.4,a,,,,3.0,4,6,180
2026-09-01T05:08:38+00:00,573,494928,Sanchez,3,2,45,0,0,-38.8,-8,,False,-42.9,-48.5,-54.0,-3,-3,-3,177,1078,629,2543,0.2,a,,,,0.0,0,0,0
2026-09-01T05:08:38+00:00,608,523700,Jebbison,3,4,50,0,0,0.0,0,2026-09-05T18:20:47.304197Z,False,0.0,0.0,0.0,0,0,0,2184,934,4661,1355,0.1,a,,,,0.5,0,1,15
2026-09-01T05:08:38+00:00,615,230650,Di Gregorio,3,1,45,0,0,0.0,0,2026-09-09T14:56:25.380082Z,False,0.0,0.0,0.0,0,0,0,762,225,1003,252,0.0,a,,,,0.0,0,0,0
2026-09-01T05:08:38+00:00,82,200720,Kelleher,4,1,50,0,0,28.7,108,,False,29.8,31.3,32.8,2,2,2,46077,23712,120511,43636,6.9,a,,,,4.5,2,9,180
2026-09-01T05:08:38+00:00,83,507433,Valdimarsson,4,1,45,0,0,-18.5,0,,False,-18.5,-18.5,-18.5,-1,-1,-1,421,638,1063,1528,0.1,a,,,,0.0,0,0,0
2026-09-01T05:08:38+00:00,84,432830,Collins,4,2,55,0,0,9.8,23,,False,10.0,10.3,10.6,1,1,1,12099,8789,37188,18162,2.2,a,,,,4.5,3,9,180
2026-09-01T05:08:38+00:00,85,444765,Van den Berg,4,2,49,-1,-1,-0.7,-3,,False,-1.4,-2.3,-3.2,-1,-1,-1,76,1413,221,5536,0.1,i,0,Groin injury - Unknown return date,2026-08-15T15:30:06.416627Z,0.0,0,0,0
2026-09-01T05:08:38+00:00,86,249231,Lewis-Potter,4,3,55,0,0,34.6,244,,False,37.1,40.4,43.7,2,3,3,42129,10226,94671,16942,1.6,a,,,,8.0,6,16,177
2026-09-01T05:08:38+00:00,87,191866,Ajer,4,2,45,0,0,33.8,184,,False,35.7,38.2,40.7,2,2,3,53375,21622,123353,35524,4.5,a,,,,5.5,3,11,180
2026-09-01T05:08:38+00:00,88,607464,Kayode,4,2,46,0,1,23.2,222,,False,25.5,28.5,31.5,2,2,2,90853,34006,401656,55166,8.9,a,,,,7.5,2,15,162
2026-09-01T05:08:38+00:00,89,194010,Henry,4,2,45,0,0,-38.5,-4,,False,-40.3,-42.7,-45.1,-3,-3,-3,277,948,821,3094,0.2,a,,,,0.5,1,1,2
2026-09-01T05:08:38+00:00,90,472713,Hickey,4,2,45,0,0,0.1,-4,,False,0.0,-3.1,-10.5,0,-1,-1,338,416,961,956,0.1,a,,,,1.0,1,2,16
2026-09-01T05:08:38+00:00,92,570241,Ji-soo,4,2,45,0,0,-26.4,2,,False,-15.4,-0.7,0.0,-1,-1,0,79,140,191,338,0.0,a,,,,0.0,0,0,0
2026-09-01T05:08:38+00:00,93,513086,Schuster,4,2,45,0,0,-42.4,-9,,False,-48.7,-57.1,-65.5,-3,-3,-3,81,630,223,1836,0.2,a,,,,0.0,0,0,0
2026-09-01T05:08:38+00:00,94,513418,Schade,4,3,60,0,0,10.8,273,,False,13.6,17.3,21.0,1,1,2,41280,19038,66278,44827,3.7,a,,,,6.5,10,13,177
2026-09-01T05:08:38+00:00,95,533463,O.Dango,4,3,65,0,0,-56.1,-67,,False,-63.2,-72.8,-82.4,-3,-3,-3,2030,12753,9378,23705,1.0,a,,,,2.0,1,4,95
2026-09-01T05:08:38+00:00,96,440089,Damsgaard,4,3,55,0,0,-58.4,-9,,False,-60.2,-62.6,-64.9,-3,-3,-3,1552,3391,3870,10935,0.5,a,,,,2.0,3,4,82
2026-09-01T05:08:38+00:00,97,207283,Jensen,4,3,55,0,0,0.2,-41,,False,-4.7,-20.1,-35.5,-1,-2,-2,519,2871,4377,4208,0.2,d,75,Unspecified injury - 75% chance of playing,2026-08-30T12:30:08.176795Z,3.0,0,6,66
2026-09-01T05:08:38+00:00,98,204580,Janelt,4,3,50,0,0,18.1,60,,False,18.7,19.5,20.3,1,1,2,15756,6320,49515,10605,0.6,a,,,,5.0,1,10,180
2026-09-01T05:08:38+00:00,99,543295,Milambo,4,3,50,0,0,-18.3,0,,False,-18.3,-18.3,-18.3,-1,-1,-1,17,18,45,63,0.0,i,0,Knee injury - Unknown return date,2026-07-23T12:01:23.384798Z,0.0,0,0,0
2026-09-01T05:08:38+00:00,100,244858,Carvalho,4,3,50,0,0,0.0,0,,False,0.0,0.0,0.0,0,0,0,259,180,414,426,0.0,a,100,,2026-08-18T13:58:17.442072Z,0.0,0,0,0
2026-09-01T05:08:38+00:00,102,508395,Yarmoliuk,4,3,50,0,0,-77.0,-60,,False,-83.2,-91.5,-99.8,-3,-3,-4,467,8605,1212,21784,1.0,a,,,,1.0,1,2,44
2026-09-01T05:08:38+00:00,103,183656,Dasilva,4,3,50,0,0,-58.4,-1,,False,-63.5,-70.4,-77.2,-3,-3,-3,85,256,249,609,0.0,a,,,,0.0,0,0,0
2026-09-01T05:08:38+00:00,105,444180,Anthony,4,3,60,0,0,-25.0,-3,,False,-26.8,-29.3,-31.7,-2,-2,-2,808,1630,2766,4021,0.2,a,,,,1.5,2,3,83
2026-09-01T05:08:38+00:00,106,502500,Thiago,4,4,80,0,0,-44.5,-831,,False,-50.3,-58.1,-66.0,-3,-3,-3,26035,149966,117807,291133,15.0,a,,,,1.0,2,2,172
2026-09-01T05:08:38+00:00,107,593174,Furo,4,4,45,0,0,2.9,65,,False,3.5,4.4,5.3,1,1,1,12064,6182,20255,14625,1.0,a,,,,0.0,0,0,0
2026-09-01T05:08:38+00:00,108,75115,Wilson,4,4,55,0,0,-5.6,-14,,False,-9.4,-14.4,-19.5,-1,-1,-1,2592,3422,6943,8230,0.4,a,,,,1.0,1,2,9
2026-09-01T05:08:38+00:00,565,513545,M.Sangaré,4,3,56,0,1,79.2,1689,,False,96.3,119.2,142.2,4,5,5,217523,53238,661285,76578,11.5,a,,,,9.0,4,18,165
2026-09-01T05:08:38+00:00,620,613804,Diouf,4,2,45,0,0,0.0,0,2026-09-10T14:57:43.968027Z,False,0.0,0.0,0.0,0,0,0,5961,1646,6561,1683,0.1,a,,,,0.0,0,0,0
2026-09-01T05:08:38+00:00,109,489639,Verbruggen,5,1,45,0,0,24.0,220,,False,26.3,29.2,32.2,2,2,2,104416,62014,189172,107494,21.5,a,,,,3.0,0,6,180
2026-09-01T05:08:38+00:00,111,49262,Steele,5,1,40,0,0,0.4,26,,False,0.7,1.0,1.4,1,1,1,21940,12291,32654,26335,4.1,a,,,,0.0,0,0,0
2026-09-01T05:08:38+00:00,113,231416,F.Kadıoğlu,5,2,44,-1,-1,-5.1,-42,,False,-6.3,-8.0,-9.7,-1,-1,-1,6413,14574,8993,65978,2.1,a,100,,2026-08-23T13:00:07.595211Z,0.0,0,0,90
2026-09-01T05:08:38+00:00,114,204120,Boscagli,5,2,45,0,0,1.6,-1,,False,1.6,1.6,1.6,1,1,1,3012,1914,7115,3473,0.3,a,,,,2.5,-1,5,180
2026-09-01T05:08:38+00:00,115,465730,De Cuyper,5,2,47,1,2,2.3,1581,,False,8.2,16.1,24.0,1,1,2,378331,45483,873329,66641,13.0,a,,,,8.5,0,17,167
2026-09-01T05:08:38+00:00,116,83299,Dunk,5,2,45,0,0,5.5,28,,False,5.8,6.2,6.5,1,1,1,9469,6308,22812,11618,1.2,a,,,,2.5,-1,5,180
2026-09-01T05:08:38+00:00,117,550090,Coppola,5,2,45,0,0,-0.6,0,,False,-0.6,-0.6,-0.6,-1,-1,-1,130,134,321,358,0.0,a,,,,0.0,0,0,0
2026-09-01T05:08:38+00:00,118,223434,Igor,5,2,45,0,0,-28.0,-5,,False,-34.1,-42.1,-50.2,-2,-3,-3,288,496,759,1371,0.1,a,,,,0.0,0,0,0
2026-09-01T05:08:38+00:00,119,451490,Costinha,5,2,45,0,0,0.0,3,,False,0.1,0.1,0.1,1,1,1,174,218,459,444,0.0,a,,,,0.5,0,1,36
2026-09-01T05:08:38+00:00,120,454490,Svoboda,5,2,50,0,0,0.1,1,,False,0.1,0.1,0.1,1,1,1,422,484,1190,1168,0.1,a,,,,0.0,0,0,0
2026-09-01T05:08:38+00:00,121,451340,Mitoma,5,3,60,0,0,-80.4,-2,,False,-82.8,-86.0,-89.1,-3,-3,-3,75,554,234,1791,0.0,i,0,Hamstring injury - Unknown return date,2026-07-24T18:30:10.661894Z,0.0,0,0,0
2026-09-01T05:08:38+00:00,122,592031,Minteh,5,3,59,-1,-1,-19.4,-4,,False,-21.1,-23.5,-25.8,-2,-2,-2,57,1127,197,4648,0.1,i,0,Leg injury - Expected back 28 Nov,2026-08-14T18:00:06.418033Z,0.0,0,0,0
2026-09-01T05:08:38+00:00,123,532529,Hinshelwood,5,3,60,0,0,21.8,-375,,False,18.0,12.9,7.8,1,1,1,4753,57726,144581,95811,1.7,d,50,Unspecified injury - 50% chance of playing,2026-08-27T19:30:07.780933Z,8.0,0,16,63
2026-09-01T05:08:38+00:00,124,60307,Groß,5,3,55,0,0,-2.1,1297,,False,10.4,28.0,45.6,1,2,3,143533,42741,167712,148614,13.7,a,,,,7.5,13,15,180
2026-09-01T05:08:38+00:00,125,463067,Georginio,5,4,55,0,0,-2.4,-71,,False,-7.1,-13.4,-19.7,-1,-1,-1,2939,12878,26826,27885,0.9,d,75,Unspecified injury - 75% chance of playing,2026-08-26T16:00:07.608056Z,2.5,0,5,90
2026-09-01T05:08:38+00:00,126,219249,O'Riley,5,3,55,0,0,-47.8,-2,,False,-49.6,-51.9,-54.2,-3,-3,-3,516,977,1172,2329,0.1,a,,,,0.0,0,0,0
2026-09-01T05:08:38+00:00,127,514254,Gomez,5,3,50,0,0,18.6,413,,False,22.8,28.4,34.0,2,2,2,60472,21563,84424,38435,4.2,a,,,,5.5,5,11,175
2026-09-01T05:08:38+00:00,128,536916,Buonanotte,5,3,50,0,0,0.0,0,,False,0.0,0.0,0.0,0,0,0,0,57,0,230,0.0,u,0,Has joined Elche on loan for the rest of the season,2026-08-10T14:03:07.561436Z,0.0,0,0,0
2026-09-01T05:08:38+00:00,129,509416,Ayari,5,3,55,0,0,-53.3,-119,,False,-65.9,-82.7,-99.4,-3,-3,-4,1298,9212,4632,16823,0.5,d,75,Ankle injury - 75% chance of playing,2026-08-30T18:00:07.935334Z,1.0,0,2,63
2026-09-01T05:08:38+00:00,130,467779,Wieffer,5,2,50,0,0,6.2,21,,False,6.5,6.7,7.0,1,1,1,7340,3844,20768,6901,0.5,a,,,,3.5,0,7,156
2026-09-01T05:08:38+00:00,132,597320,Howell,5,3,45,0,0,0.0,0,,False,0.0,0.0,0.0,0,0,0,0,565,0,2097,0.0,u,0,Has joined Leicester City on loan for the rest of the season,2026-08-17T13:53:19.019938Z,0.0,0,0,0
2026-09-01T05:08:38+00:00,133,549074,Watson,5,3,50,0,0,0.0,0,,False,0.0,0.0,0.0,0,0,0,0,28,0,84,0.0,u,0,Has joined Leicester City on loan for the rest of the season,2026-08-03T14:05:44.459483Z,0.0,0,0,0
2026-09-01T05:08:38+00:00,134,556637,Oriola,5,3,45,0,0,-10.7,0,,False,-10.7,-10.7,-10.7,-1,-1,-1,1671,1776,3379,4556,0.3,a,,,,0.0,0,0,0
2026-09-01T05:08:38+00:00,135,700308,Yohanna,5,3,50,0,0,-64.7,-4,,False,-71.2,-80.0,-88.7,-3,-3,-3,253,737,626,1616,0.1,a,,,,0.5,0,1,12
2026-09-01T05:08:38+00:00,137,608181,Tzimas,5,4,55,0,0,-53.7,0,,False,-53.7,-53.7,-53.7,-3,-3,-3,35,106,119,358,0.0,i,0,Knee injury - Unknown return date,2026-07-23T12:01:23.432796Z,0.0,0,0,0
2026-09-01T05:08:38+00:00,138,647850,Kostoulas,5,4,55,0,0,2.8,126,,False,4.1,5.8,7.5,1,1,1,9392,2101,10776,4252,0.3,a,,,,3.0,5,6,105
2026-09-01T05:08:38+00:00,139,487117,Ferguson,5,4,50,0,0,-21.4,0,,False,-21.4,-21.4,-21.4,-2,-2,-2,297,392,615,1015,0.0,i,0,Ankle injury - Expected back 10 Oct,2026-07-23T12:01:23.448357Z,0.0,0,0,0
2026-09-01T05:08:38+00:00,328,222694,Struijk,5,2,50,0,0,-40.5,-13,,False,-46.9,-55.5,-64.2,-3,-3,-3,753,1779,2169,4333,0.2,a,100,,2026-08-15T20:30:07.523574Z,0.0,0,0,0
2026-09-01T05:08:38+00:00,504,610799,Vuskovic,5,2,50,0,0,4.5,-32,,False,4.1,3.7,3.3,1,1,1,11277,14840,32463,27187,2.5,a,,,,3.0,0,6,180
2026-09-01T05:08:38+00:00,594,538007,David,5,4,60,0,0,0.0,0,2026-09-01T14:01:16.200061Z,False,0.0,0.0,0.0,0,0,0,1927,2613,4446,6754,0.3,a,,,,0.5,1,1,10
2026-09-01T05:08:38+00:00,600,612855,Osman,5,3,50,0,0,0.0,0,2026-09-03T13:04:41.322924Z,False,0.0,0.0,0.0,0,0,0,155,123,373,266,0.0,a,,,,1.0,1,2,28
2026-09-01T05:08:38+00:00,605,611695,Yalcouyé,5,3,45,0,0,0.0,0,2026-09-05T18:19:45.373499Z,False,0.0,0.0,0.0,0,0,0,73700,9542,78039,10494,0.9,a,,,,4.5,8,9,77
2026-09-01T05:08:38+00:00,614,512123,Hadjam,5,2,45,0,0,0.0,0,2026-09-08T14:03:01.287849Z,False,0.0,0.0,0.0,0,0,0,1185,260,2191,314,0.0,a,,,,0.0,0,0,0
2026-09-01T05:08:38+00:00,624,519324,Cozier-Duberry,5,3,50,0,0,0.0,0,2026-09-12T18:33:35.104021Z,False,0.0,0.0,0.0,0,0,0,57,20,57,20,0.0,a,,,,0.0,0,0,0
2026-09-01T05:08:38+00:00,28,98980,Martinez,6,1,50,0,0,-29.4,33,,False,-28.6,-27.5,-26.5,-2,-2,-2,34349,23545,63735,88459,4.4,a,,,,1.0,2,2,90
2026-09-01T05:08:38+00:00,40,244850,Rogers,6,3,75,0,0,81.3,-327,,False,78.0,73.5,69.1,3,3,3,120081,130644,371932,202393,25.6,a,,,,6.5,5,13,171
2026-09-01T05:08:38+00:00,101,56979,Henderson,6,3,50,0,0,-56.7,-4,,False,-63.2,-72.0,-80.8,-3,-3,-3,123,423,337,1114,0.0,d,75,Wrist injury - 75% chance of playing,2026-08-09T09:30:07.136250Z,0.0,0,0,0
2026-09-01T05:08:38+00:00,136,50175,Welbeck,6,4,59,-1,-1,-10.2,-64,,False,-14.6,-20.5,-26.4,-1,-2,-2,4281,12745,7417,35170,0.9,a,100,,2026-08-20T14:00:07.949090Z,0.0,0,0,0
2026-09-01T05:08:38+00:00,140,215059,Sánchez,6,1,49,-1,-1,-3.7,-349,,False,-15.7,-31.8,-47.9,-1,-2,-3,1519,36847,10443,64038,1.8,a,,,,1.0,0,2,90
2026-09-01T05:08:38+00:00,141,508479,Jörgensen,6,1,50,0,0,0.0,-1,,False,0.0,0.0,0.0,0,0,0,0,154,0,655,0.0,u,0,Has joined RC Strasbourg on loan for the rest of the season,2026-08-12T14:07:02.607115Z,0.0,0,0,0
2026-09-01T05:08:38+00:00,142,225796,James,6,2,55,0,0,-40.7,-770,,False,-49.7,-61.7,-73.8,-3,-3,-3,17103,97200,79628,178518,9.0,a,,,,0.5,1,1,112
2026-09-01T05:08:38+00:00,143,180736,Chalobah,6,2,55,0,0,0.0,-4,,False,0.0,0.0,0.0,0,0,0,0,2190,0,10248,0.1,u,0,Has joined Como permanently,2026-08-10T14:03:50.769483Z,0.0,0,0,0
2026-09-01T05:08:38+00:00,144,482609,Gusto,6,2,50,0,0,0.7,-63,,False,0.1,-6.7,-14.0,1,-1,-1,6008,9978,19333,20925,1.2,a,,,,1.0,1,2,165
2026-09-01T05:08:38+00:00,145,444463,Fofana,6,2,50,0,0,0.0,0,2026-09-01T21:00:07.689883Z,False,0.0,0.0,0.0,0,0,0,1546,611,2359,872,0.1,a,100,,2026-07-23T12:01:23.464591Z,0.0,0,0,67
2026-09-01T05:08:38+00:00,146,242880,B.Badiashile,6,2,45,0,0,0.0,-4,,False,0.0,0.0,0.0,0,0,0,0,448,232,1248,0.0,u,0,Has joined Napoli on loan for the rest of the season,2026-08-25T14:03:47.079414Z,0.0,0,0,0
2026-09-01T05:08:38+00:00,147,109646,Tosin,6,2,45,0,0,-72.1,-12,,False,-79.1,-88.5,-97.9,-3,-3,-4,162,1204,425,3324,0.2,a,,,,0.0,0,0,0
2026-09-01T05:08:38+00:00,148,551210,Hato,6,2,45,0,0,2.4,41,,False,2.9,3.4,4.0,1,1,1,12088,4577,16446,9061,0.6,a,,,,2.5,4,5,154
2026-09-01T05:08:38+00:00,149,460028,Colwill,6,2,50,0,0,-47.1,-74,,False,-52.7,-60.2,-67.7,-3,-3,-3,4833,15036,15404,32815,1.4,a,,,,0.5,1,1,161
2026-09-01T05:08:38+00:00,150,574458,M.Sarr,6,2,45,0,0,0.0,-18,,False,0.0,0.0,0.0,0,0,0,24,2057,429,3006,0.1,u,0,Has joined Real Sociedad on loan for the rest of the season,2026-08-29T00:34:23.077418Z,0.0,0,0,0
2026-09-01T05:08:38+00:00,151,577016,Acheampong,6,2,45,0,0,2.0,-3,,False,2.0,2.0,1.9,1,1,1,3100,3439,11165,6573,0.4,a,,,,2.0,1,4,112
2026-09-01T05:08:38+00:00,152,620109,Palestra,6,2,54,-1,-1,-23.8,-281,,False,-29.4,-37.0,-44.5,-2,-2,-3,424,39111,5384,109048,1.7,d,75,Unspecified injury - 75% chance of playing,2026-08-24T18:30:07.421239Z,0.0,0,0,0
2026-09-01T05:08:38+00:00,154,244851,Palmer,6,3,96,1,1,8.5,228,,False,9.4,10.5,11.6,1,1,1,203849,75167,580721,107127,18.0,a,100,,2026-08-24T22:00:07.971542Z,10.0,7,20,172
2026-09-01T05:08:38+00:00,155,448047,Enzo,6,3,69,-1,-1,-45.2,-674,,False,-56.7,-72.1,-87.6,-3,-3,-3,4191,74484,19145,163649,3.6,a,,,,0.5,0,1,25
2026-09-01T05:08:38+00:00,156,247632,Neto,6,3,65,0,0,-53.0,36,,False,-49.9,-45.9,-41.8,-3,-3,-3,12092,9399,17727,32761,1.2,a,,,,4.0,7,8,81
2026-09-01T05:08:38+00:00,157,624773,Estêvão,6,3,64,-1,-1,-18.9,-134,,False,-27.4,-38.9,-50.3,-2,-2,-3,2148,19039,7712,42823,1.0,a,,,,0.5,0,1,7
2026-09-01T05:08:38+00:00,158,463936,Gittens,6,3,59,-1,-1,-12.0,0,,False,-12.0,-12.0,-12.0,-1,-1,-1,149,523,420,1296,0.0,a,,,,0.0,0,0,0
2026-09-01T05:08:38+00:00,159,486672,Caicedo,6,3,54,-1,-1,-19.6,-356,,False,-24.6,-31.4,-38.2,-2,-2,-2,2253,48734,11734,147057,2.3,d,75,Unspecified injury - 75% chance of playing,2026-08-30T16:00:08.393562Z,0.5,1,1,13
2026-09-01T05:08:38+00:00,161,514356,Lavia,6,3,50,0,0,2.2,42,,False,2.6,3.2,3.8,1,1,1,6251,1384,7424,2303,0.1,a,,,,4.0,7,8,131
2026-09-01T05:08:38+00:00,163,491007,D.Essugo,6,3,45,0,0,-41.0,-2,,False,-42.1,-43.6,-45.1,-3,-3,-3,1046,1574,2298,4461,0.2,a,,,,0.0,0,0,0
2026-09-01T05:08:38+00:00,164,593117,Quenda,6,3,54,-1,-1,-9.2,-6,,False,-18.9,-31.9,-44.8,-1,-2,-3,165,636,396,1456,0.0,a,100,,2026-07-24T20:30:10.609931Z,0.5,0,1,8
2026-09-01T05:08:38+00:00,165,475168,João Pedro,6,4,76,0,1,84.0,1246,,False,96.6,113.5,130.4,4,5,5,217685,56777,622873,84942,69.6,a,,,,10.0,9,20,180
2026-09-01T05:08:38+00:00,168,499309,Marc Guiu,6,4,50,0,0,-59.8,-13,,False,-63.1,-67.4,-71.8,-3,-3,-3,1681,4058,3859,10204,0.4,a,,,,0.0,0,0,0
2026-09-01T05:08:38+00:00,169,567119,Mheuka,6,4,45,0,0,0.0,6,,False,0.1,0.2,0.2,1,1,1,3656,2821,6585,7230,0.4,a,,,,0.0,0,0,0
2026-09-01T05:08:38+00:00,170,503037,Emegha,6,4,50,0,0,-39.8,-10,,False,-47.1,-56.9,-66.6,-3,-3,-3,1065,1730,2515,4064,0.1,a,100,,2026-07-24T20:30:10.622380Z,0.0,0,0,0
2026-09-01T05:08:38+00:00,200,437499,Lacroix,6,2,60,0,0,-7.3,-520,,False,-13.4,-21.6,-29.8,-1,-2,-2,22111,66640,85633,111447,9.0,a,,,,3.5,1,7,180
2026-09-01T05:08:38+00:00,560,549939,Penders,6,1,45,0,0,-51.4,-3,,False,-55.2,-60.4,-65.6,-3,-3,-3,196,622,591,1387,0.1,a,,,,0.0,0,0,0
2026-09-01T05:08:38+00:00,561,622758,Anselmino,6,2,45,0,0,-2.5,1,,False,0.0,0.0,0.0,0,0,0,120,128,242,574,0.0,a,100,,2026-08-23T19:00:08.536705Z,0.0,0,0,0
2026-09-01T05:08:38+00:00,568,543158,Barco,6,3,55,0,0,-45.0,-6,,False,-49.6,-55.8,-62.0,-3,-3,-3,622,921,1150,2582,0.1,a,,,,0.5,1,1,8
2026-09-01T05:08:38+00:00,578,465920,Mudryk,6,3,54,-1,-1,0.0,3,,False,0.0,0.1,0.1,0,1,1,267,672,501,1648,0.0,a,,,,0.0,0,0,0
2026-09-01T05:08:38+00:00,583,498444,Chavarria,6,2,50,0,0,-51.1,-13,,False,-58.4,-68.3,-78.1,-3,-3,-3,377,1889,1458,4447,0.2,a,,,,1.0,1,2,43
2026-09-01T05:08:38+00:00,91,231065,Pinnock,7,2,45,0,0,-32.8,-4,,False,-38.5,-46.1,-53.6,-2,-3,-3,302,588,876,1559,0.1,a,,,,0.5,1,1,12
2026-09-01T05:08:38+00:00,104,428580,Onyeka,7,3,50,0,0,-0.6,-18,,False,-13.7,-31.1,-48.5,-1,-2,-3,207,1612,2663,3212,0.1,a,,,,1.0,0,2,90
2026-09-01T05:08:38+00:00,110,472739,Rushworth,7,1,45,0,0,2.1,-34,,False,1.7,1.2,0.8,1,1,1,1277,7702,13208,12374,1.1,a,,,,1.5,2,3,180
2026-09-01T05:08:38+00:00,171,484389,Dovin,7,1,40,0,0,-11.4,-27,,False,-13.2,-15.8,-18.3,-1,-1,-1,3751,4467,6385,10878,1.5,a,,,,0.0,0,0,0
2026-09-01T05:08:38+00:00,172,110690,Wilson,7,1,45,0,0,-50.9,-11,,False,-53.6,-57.2,-60.9,-3,-3,-3,101,2036,328,5476,0.4,a,,,,0.0,0,0,0
2026-09-01T05:08:38+00:00,173,461102,Thomas,7,2,40,0,0,12.1,98,,False,13.1,14.5,15.8,1,1,1,52453,26836,90564,50726,8.2,a,,,,5.5,8,11,167
2026-09-01T05:08:38+00:00,174,436761,Kitching,7,2,40,0,0,-44.0,-15,,False,-46.6,-50.0,-53.3,-3,-3,-3,308,2776,828,7562,0.6,a,,,,0.0,0,0,0
2026-09-01T05:08:38+00:00,175,451284,van Ewijk,7,2,40,0,0,-8.5,-87,,False,-9.3,-10.3,-11.3,-1,-1,-1,20415,58198,54866,108056,12.4,a,,,,1.5,2,3,180
2026-09-01T05:08:38+00:00,176,173878,Dasilva,7,2,40,0,0,-5.8,-16,,False,-7.9,-10.7,-13.6,-1,-1,-1,1104,2728,4328,6782,0.8,a,,,,1.5,2,3,180
2026-09-01T05:08:38+00:00,177,465390,Kesler-Hayden,7,2,40,0,0,-37.1,-6,,False,-41.5,-47.5,-53.4,-3,-3,-3,50,675,218,1425,0.1,i,0,Hamstring injury - Unknown return date,2026-08-27T14:56:28.704361Z,0.0,0,0,0
2026-09-01T05:08:38+00:00,178,80178,Bidwell,7,2,40,0,0,-20.3,-4,,False,-25.4,-32.3,-39.2,-2,-2,-2,204,500,710,1244,0.1,a,,,,0.0,0,0,0
2026-09-01T05:08:38+00:00,179,204813,Latibeaudiere,7,2,40,0,0,-31.3,0,,False,-31.3,-31.3,-31.3,-2,-2,-2,129,217,289,637,0.0,a,,,,0.0,0,0,0
2026-09-01T05:08:38+00:00,180,220583,Woolfenden,7,2,40,0,0,-28.3,-10,,False,-30.9,-34.3,-37.7,-2,-2,-2,309,1817,1255,4045,0.2,i,0,Knee injury - Unknown return date,2026-08-27T14:56:28.718566Z,0.0,0,0,0
2026-09-01T05:08:38+00:00,181,577411,Brau,7,2,40,0,0,0.0,0,,False,0.0,0.0,0.0,0,0,0,19,553,275,891,0.0,u,0,Has joined Academico de Viseu on loan for the rest of the season,2026-08-29T00:35:59.980316Z,0.0,0,0,0
2026-09-01T05:08:38+00:00,182,539142,Amenda,7,2,40,0,0,-12.6,-12,,False,-14.2,-16.3,-18.4,-1,-1,-1,1055,3535,4383,8046,0.8,a,,,,1.0,1,2,180
2026-09-01T05:08:38+00:00,183,480457,Rudoni,7,3,50,0,0,-9.6,-6,,False,-14.0,-19.9,-25.7,-1,-1,-2,396,1094,1646,2393,0.1,a,100,,2026-07-23T12:01:23.481435Z,2.0,3,4,90
2026-09-01T05:08:38+00:00,184,168144,Grimes,7,3,50,0,0,0.1,-4,,False,0.0,-0.4,-3.5,0,-1,-1,266,1531,2556,3147,0.2,a,,,,2.0,2,4,180
2026-09-01T05:08:38+00:00,185,501459,Sakamoto,7,3,50,0,0,-97.2,-6,,False,-103.9,-112.8,-121.8,-5,-5,-5,86,755,223,2210,0.1,a,,,,0.5,1,1,31
2026-09-01T05:08:38+00:00,186,241293,Mason-Clark,7,3,55,0,0,-75.4,-4,,False,-79.2,-84.3,-89.3,-3,-3,-3,111,905,600,2483,0.1,a,100,,2026-08-19T18:00:08.310507Z,0.5,1,1,57
2026-09-01T05:08:38+00:00,187,439668,Eccles,7,3,49,-1,-1,0.1,0,,False,0.1,0.1,0.1,1,1,1,263,211,332,510,0.0,a,,,,0.0,0,0,0
2026-09-01T05:08:38+00:00,188,226965,Torp,7,3,55,0,0,-73.5,-10,,False,-81.0,-91.0,-100.9,-3,-3,-5,29,1346,578,3170,0.1,a,,,,1.0,1,2,47
2026-09-01T05:08:38+00:00,189,684268,Shepherd,7,3,45,0,0,-41.2,-8,,False,-44.3,-48.4,-52.5,-3,-3,-3,787,1774,1800,4945,0.3,a,,,,0.0,0,0,0
2026-09-01T05:08:38+00:00,190,469272,Tchaouna,7,3,55,0,0,0.3,-12,,False,0.2,0.0,-11.4,1,0,-1,70,1289,2832,2740,0.1,a,,,,1.5,1,3,139
2026-09-01T05:08:38+00:00,191,492498,Borges Rodrigues,7,3,45,0,0,-30.7,0,,False,-30.7,-30.7,-30.7,-2,-2,-2,886,1230,1566,3103,0.2,a,,,,0.0,0,0,0
2026-09-01T05:08:38+00:00,192,629397,Andrews,7,3,45,0,0,0.0,-68,,False,0.0,0.0,0.0,0,0,0,142,9930,2718,17124,0.5,u,0,Has joined Oxford United on loan for the rest of the season,2026-08-29T00:35:59.998520Z,0.0,0,0,0
2026-09-01T05:08:38+00:00,193,176412,Wright,7,4,54,-1,-1,-4.3,-8,,False,-5.8,-7.9,-9.9,-1,-1,-1,62,1939,169,7364,0.1,i,0,Thigh injury - Unknown return date,2026-08-14T22:00:07.214508Z,0.0,0,0,0
2026-09-01T05:08:38+00:00,194,230730,Thomas-Asante,7,4,50,0,0,3.8,7,,False,3.9,4.0,4.1,1,1,1,9312,8280,23906,16168,0.8,a,,,,1.5,1,3,101
2026-09-01T05:08:38+00:00,195,218997,Simms,7,4,50,0,0,3.8,-47,,False,3.3,2.7,2.0,1,1,1,5761,10228,25697,19831,0.9,a,,,,1.0,0,2,69
2026-09-01T05:08:38+00:00,196,551262,Markelo,7,4,50,0,0,0.0,-3,,False,0.0,0.0,0.0,0,0,0,0,181,0,771,0.0,u,0,Has joined Shabab Al-Ahli Dubai permanently,2026-08-17T13:53:55.791223Z,0.0,0,0,0
2026-09-01T05:08:38+00:00,197,549653,Bassette,7,4,45,0,0,0.0,-2,,False,0.0,0.0,0.0,0,0,0,0,359,0,1147,0.0,u,0,Has joined KVC Westerlo on loan for the rest of the season,2026-07-28T12:58:50.001768Z,0.0,0,0,0
2026-09-01T05:08:38+00:00,492,210156,Awoniyi,7,4,55,0,0,-25.6,-45,,False,-31.7,-39.9,-48.1,-2,-2,-3,2403,7487,11057,16780,0.8,a,,,,1.5,2,3,110
2026-09-01T05:08:38+00:00,575,661888,Yirenkyi,7,3,50,0,0,-48.3,-4,,False,-50.2,-52.7,-55.3,-3,-3,-3,438,1902,1435,4477,0.2,a,,,,2.0,3,4,131
2026-09-01T05:08:38+00:00,584,196100,Hamer,7,3,55,0,0,-43.0,-5,,False,-47.1,-52.7,-58.2,-3,-3,-3,105,1014,491,2442,0.1,a,,,,1.0,1,2,27
2026-09-01T05:08:38+00:00,599,627221,Cherif,7,4,50,0,0,0.0,0,2026-09-02T14:02:06.979982Z,False,0.0,0.0,0.0,0,0,0,1170,1121,2894,2515,0.1,a,,,,0.0,0,0,0
2026-09-01T05:08:38+00:00,623,79602,Bentley,7,1,40,0,0,0.0,0,2026-09-11T19:08:56.427340Z,False,0.0,0.0,0.0,0,0,0,5971,741,5971,741,0.1,a,,,,0.0,0,0,0
2026-09-01T05:08:38+00:00,42,485337,Guessand,8,3,55,0,0,-40.1,-1,,False,-42.9,-46.7,-50.5,-3,-3,-3,257,513,740,1136,0.0,a,,,,1.0,1,2,54
2026-09-01T05:08:38+00:00,153,220362,Disasi,8,2,45,0,0,-0.7,10,,False,0.1,0.2,0.3,1,1,1,685,487,1210,1335,0.1,a,,,,0.5,1,1,16
2026-09-01T05:08:38+00:00,198,172649,Henderson,8,1,50,0,0,-22.1,-14,,False,-22.9,-24.0,-25.1,-2,-2,-2,6388,9099,12292,22873,1.8,a,100,,2026-08-20T14:00:08.018379Z,1.5,1,3,180
2026-09-01T05:08:38+00:00,199,121709,Benitez,8,1,45,0,0,-45.7,-4,,False,-49.5,-54.6,-59.6,-3,-3,-3,304,633,772,2009,0.1,a,,,,0.0,0,0,0
2026-09-01T05:08:38+00:00,201,247348,Muñoz,8,2,54,-1,-1,-9.7,-608,,False,-15.0,-22.0,-29.1,-1,-2,-2,10932,105788,26577,231214,7.1,a,,,,0.0,0,0,54
2026-09-01T05:08:38+00:00,202,427623,Richards,8,2,50,0,0,-34.2,-29,,False,-38.6,-44.5,-50.4,-2,-3,-3,2186,5600,6394,12054,0.7,a,,,,1.5,0,3,180
2026-09-01T05:08:38+00:00,203,651426,Canvot,8,2,50,0,0,-83.1,-17,,False,-89.6,-98.4,-107.1,-3,-4,-5,632,2693,1453,6714,0.3,a,,,,0.5,0,1,180
2026-09-01T05:08:38+00:00,204,244723,Mitchell,8,2,45,0,0,-55.1,-205,,False,-59.4,-65.1,-70.8,-3,-3,-3,4257,36768,10222,87107,5.1,a,,,,0.5,0,1,180
2026-09-01T05:08:38+00:00,205,218364,Sosa,8,2,45,0,0,-57.4,-2,,False,-64.6,-74.2,-83.9,-3,-3,-3,69,230,195,582,0.0,a,,,,0.0,0,0,0
2026-09-01T05:08:38+00:00,206,515621,Chadi Riad,8,2,44,-1,-1,-20.3,-2,,False,-21.7,-23.7,-25.6,-2,-2,-2,95,948,415,3791,0.0,i,0,Knee injury - Unknown return date,2026-08-22T18:00:07.352049Z,0.5,0,1,72
2026-09-01T05:08:38+00:00,207,242313,Mingueza,8,2,45,0,0,-98.1,-5,,False,-105.7,-115.8,-126.0,-5,-5,-5,160,544,359,1824,0.1,a,,,,0.5,1,1,15
2026-09-01T05:08:38+00:00,208,232185,Sarr,8,3,64,0,-1,-87.6,-350,,False,-95.6,-106.4,-117.1,-4,-5,-5,152,61941,2254,268519,1.7,i,0,Groin injury - Unknown return date,2026-08-22T18:00:07.363165Z,0.0,0,0,0
2026-09-01T05:08:38+00:00,210,496221,Wharton,8,3,55,0,0,-8.4,-32,,False,-12.2,-17.2,-22.3,-1,-1,-2,5043,6638,11753,14438,0.9,a,100,,2026-07-23T12:01:23.498963Z,3.0,2,6,180
2026-09-01T05:08:38+00:00,211,488024,Yeremy,8,3,55,0,0,-16.8,8,,False,-12.6,-7.0,-1.3,-1,-1,-1,2359,1112,2673,3570,0.2,a,,,,3.0,5,6,102
2026-09-01T05:08:38+00:00,212,108413,Hughes,8,3,45,0,0,-41.4,-246,,False,-43.9,-47.4,-50.8,-3,-3,-3,18940,64295,39122,154475,10.1,a,,,,0.0,0,0,0
2026-09-01T05:08:38+00:00,213,152551,Lerma,8,3,50,0,0,-94.0,-2,,False,-96.6,-100.1,-103.6,-4,-5,-5,117,861,321,2311,0.1,a,,,,0.0,0,0,0
2026-09-01T05:08:38+00:00,214,209400,Kamada,8,3,50,0,0,-13.3,-3,,False,-14.3,-15.6,-16.8,-1,-1,-1,2113,2151,4057,5245,0.3,a,,,,2.5,2,5,180
2026-09-01T05:08:38+00:00,215,489706,Devenny,8,3,50,0,0,-69.0,0,,False,-69.0,-69.0,-69.0,-3,-3,-3,43,111,112,287,0.0,a,,,,0.0,0,0,0
2026-09-01T05:08:38+00:00,216,606921,Esse,8,3,50,0,0,-77.8,-3,,False,-86.3,-97.6,-108.9,-3,-4,-5,127,406,338,996,0.0,a,,,,0.0,0,0,0
2026-09-01T05:08:38+00:00,217,536694,M.França,8,3,49,-1,-1,0.1,-3,,False,0.1,0.1,0.0,1,1,0,813,621,830,1335,0.0,a,,,,0.0,0,0,0
2026-09-01T05:08:38+00:00,218,438464,Doucouré,8,3,49,-1,-1,0.0,4,,False,0.1,0.1,0.2,1,1,1,231,680,479,1739,0.1,a,,,,0.0,0,0,0
2026-09-01T05:08:38+00:00,219,450542,J.Rak-Sakyi,8,3,50,0,0,-59.9,0,,False,-59.9,-59.9,-59.9,-3,-3,-3,23,53,62,143,0.0,a,,,,0.0,0,0,0
2026-09-01T05:08:38+00:00,220,590014,Cardines,8,2,45,0,0,0.0,0,,False,0.0,0.0,0.0,0,0,0,0,26,0,91,0.0,u,0,Has joined Bristol City on loan for the rest of the season,2026-08-12T14:08:46.501813Z,0.0,0,0,0
2026-09-01T05:08:38+00:00,221,672492,Drakes-Thomas,8,3,45,0,0,-33.2,0,,False,-33.2,-33.2,-33.2,-2,-2,-2,408,585,807,1573,0.1,a,,,,0.0,0,0,0
2026-09-01T05:08:38+00:00,222,247412,Strand Larsen,8,4,60,0,0,-63.9,9,,False,-62.1,-59.7,-57.3,-3,-3,-3,3302,4023,4812,11794,0.5,a,,,,1.5,2,3,89
2026-09-01T05:08:38+00:00,223,231747,Mateta,8,4,64,-1,-1,-2.4,-1254,,False,-10.3,-20.9,-31.6,-1,-2,-2,936,152662,24887,225095,3.5,i,0,Hamstring injury - Expected back 11 Oct,2026-08-28T21:00:08.020382Z,1.0,0,2,62
2026-09-01T05:08:38+00:00,224,205533,Nketiah,8,4,55,0,0,-6.4,18,,False,-2.7,0.1,0.3,-1,1,1,5080,3970,8343,9750,0.5,a,,,,1.5,2,3,122
2026-09-01T05:08:38+00:00,225,660392,Uche,8,4,50,0,0,0.0,0,,False,0.0,0.0,0.0,0,0,0,0,0,0,0,0.0,u,0,has returned to Getafe CF,2026-07-23T12:18:56.275922Z,0.0,0,0,0
2026-09-01T05:08:38+00:00,241,433154,McNeil,8,3,55,0,0,-63.8,-4,,False,-66.5,-70.1,-73.8,-3,-3,-3,211,1130,683,2958,0.2,a,,,,1.5,1,3,84
2026-09-01T05:08:38+00:00,555,169593,Matthews,8,1,40,0,0,0.3,0,,False,0.3,0.3,0.3,1,1,1,4153,4392,10098,10627,1.8,a,,,,0.0,0,0,0
2026-09-01T05:08:38+00:00,577,223723,Tomiyasu,8,2,45,0,0,-31.5,-13,,False,-35.5,-40.7,-46.0,-2,-3,-3,624,1549,1453,4216,0.3,a,,,,1.0,1,2,91
2026-09-01T05:08:38+00:00,588,570794,Khalaili,8,2,50,0,0,0.1,8,,False,0.2,0.3,0.4,1,1,1,1156,535,1618,1362,0.1,a,,,,1.5,2,3,109
2026-09-01T05:08:38+00:00,595,559152,Gozo,8,3,50,0,0,0.0,0,2026-09-01T14:01:46.428415Z,False,0.0,0.0,0.0,0,0,0,75,101,176,274,0.0,a,,,,0.5,1,1,22
2026-09-01T05:08:38+00:00,21,128295,Nørgaard,9,3,50,0,0,-97.1,-1,,False,-97.5,-98.0,-98.4,-4,-4,-4,63,1091,165,3957,0.1,i,0,Groin injury - Unknown return date,2026-08-15T20:00:06.779594Z,0.0,0,0,0
2026-09-01T05:08:38+00:00,209,242898,Johnson,9,3,59,-1,-1,-1.1,-5,,False,-3.3,-6.2,-9.2,-1,-1,-1,343,1653,1075,4233,0.1,a,,,,1.0,1,2,34
2026-09-01T05:08:38+00:00,226,111234,Pickford,9,1,55,0,0,13.1,-86,,False,12.3,11.1,9.9,1,1,1,32505,35225,96044,63415,8.9,a,,,,5.0,3,10,180
2026-09-01T05:08:38+00:00,227,229600,Travers,9,1,50,0,0,-33.6,0,,False,-33.6,-33.6,-33.6,-2,-2,-2,151,272,441,675,0.0,a,,,,0.0,0,0,0
2026-09-01T05:08:38+00:00,228,138001,King,9,1,45,0,0,-19.6,0,,False,-19.6,-19.6,-19.6,-1,-1,-1,140,247,383,626,0.0,a,,,,0.0,0,0,0
2026-09-01T05:08:38+00:00,229,17761,Tarkowski,9,2,60,0,0,36.4,693,,False,43.4,52.8,62.2,3,3,3,115718,35119,158454,72185,10.0,a,,,,9.0,12,18,180
2026-09-01T05:08:38+00:00,230,480455,Branthwaite,9,2,55,0,0,5.4,-23,,False,5.2,4.9,4.6,1,1,1,8929,9114,28032,18032,1.8,a,,,,5.0,4,10,180
2026-09-01T05:08:38+00:00,231,106611,Keane,9,2,49,-1,-1,-10.9,-150,,False,-18.7,-29.1,-39.5,-1,-2,-2,1141,16604,4401,41489,1.2,a,,,,0.0,0,0,0
2026-09-01T05:08:38+00:00,232,512462,O'Brien,9,2,49,-1,-1,-8.1,-29,,False,-12.8,-19.1,-25.3,-1,-1,-2,491,4118,1894,11847,0.4,a,,,,0.0,0,0,0
2026-09-01T05:08:38+00:00,233,224967,Mykolenko,9,2,45,0,0,7.8,38,,False,8.2,8.7,9.2,1,1,1,20814,10618,42598,19688,1.7,a,,,,5.0,4,10,180
2026-09-01T05:08:38+00:00,234,243571,Patterson,9,2,45,0,0,-35.6,0,,False,-35.6,-35.6,-35.6,-2,-2,-2,108,231,315,600,0.0,a,,,,0.0,0,0,0
2026-09-01T05:08:38+00:00,235,499300,Aznou,9,2,40,0,0,-20.6,-5,,False,-23.6,-27.6,-31.6,-2,-2,-2,609,1076,1618,2764,0.2,a,,,,0.0,0,0,0
2026-09-01T05:08:38+00:00,236,215413,Dewsbury-Hall,9,3,65,0,0,42.8,-112,,False,41.7,40.2,38.6,3,3,2,28677,42578,161324,69529,4.5,a,,,,6.5,2,13,180
2026-09-01T05:08:38+00:00,237,440993,Ndiaye,9,3,60,0,0,1.1,-769,,False,-4.7,-12.1,-19.4,-1,-1,-1,46153,129982,168841,190002,14.8,a,,,,6.5,4,13,180
2026-09-01T05:08:38+00:00,239,232928,Garner,9,3,60,0,0,-18.6,-6,,False,-23.7,-30.5,-37.4,-2,-2,-2,1125,1618,2658,3267,0.1,a,100,,2026-07-25T14:30:10.455878Z,1.0,1,2,72
2026-09-01T05:08:38+00:00,240,490094,Iroegbunam,9,3,50,0,0,0.0,0,2026-09-06T14:30:08.427579Z,False,0.0,0.0,0.0,0,0,0,62,94,83,442,0.0,a,100,,2026-08-15T20:00:06.878792Z,0.5,1,1,4
2026-09-01T05:08:38+00:00,242,550615,George,9,3,55,0,0,-15.6,-13,,False,-20.5,-27.2,-33.8,-2,-2,-2,853,2074,3126,4556,0.3,a,,,,2.5,2,5,144
2026-09-01T05:08:38+00:00,243,502697,Alcaraz,9,3,50,0,0,-39.5,-3,,False,-42.4,-46.4,-50.3,-3,-3,-3,415,908,1168,2046,0.1,a,,,,0.5,0,1,5
2026-09-01T05:08:38+00:00,244,609873,Armstrong,9,3,50,0,0,7.6,26,,False,7.9,8.2,8.6,1,1,1,11245,4051,24031,6518,0.3,a,,,,5.0,2,10,176
2026-09-01T05:08:38+00:00,245,496661,Dibling,9,3,54,-1,-1,-4.7,-3,,False,-9.3,-15.5,-21.7,-1,-1,-2,180,434,381,1185,0.0,a,,,,0.0,0,0,0
2026-09-01T05:08:38+00:00,246,513466,Röhl,9,3,50,0,0,-15.4,-1,,False,-17.6,-20.5,-23.5,-1,-2,-2,282,484,800,1120,0.1,a,,,,2.5,2,5,175
2026-09-01T05:08:38+00:00,247,244860,Hackney,9,3,55,0,0,-19.0,-10,,False,-23.8,-30.3,-36.7,-2,-2,-2,257,1979,1101,5181,0.2,a,100,,2026-08-26T22:00:07.797766Z,2.0,1,4,106
2026-09-01T05:08:38+00:00,248,486385,Beto,9,4,54,-1,-1,-7.7,-140,,False,-12.0,-17.6,-23.2,-1,-1,-2,5364,25880,13073,68691,2.1,a,,,,1.0,1,2,31
2026-09-01T05:08:38+00:00,249,586309,Barry,9,4,55,0,0,72.3,295,,False,75.3,79.3,83.3,3,3,3,79926,39132,230191,61560,4.1,a,,,,5.0,2,10,147
2026-09-01T05:08:38+00:00,250,80201,Leno,10,1,45,0,0,2.0,38,,False,2.4,2.9,3.4,1,1,1,13651,10803,25825,22332,3.0,a,,,,2.5,3,5,180
2026-09-01T05:08:38+00:00,251,86873,Lecomte,10,1,40,0,0,-10.4,-7,,False,-11.0,-11.8,-12.7,-1,-1,-1,2435,2875,3927,7003,1.2,a,,,,0.0,0,0,0
2026-09-01T05:08:38+00:00,252,505079,McNally,10,1,40,0,0,0.3,4,,False,0.3,0.4,0.4,1,1,1,1532,547,2337,1167,0.2,a,,,,0.0,0,0,0
2026-09-01T05:08:38+00:00,253,174874,Andersen,10,2,50,0,0,0.0,0,2026-09-01T21:00:07.729855Z,False,0.0,0.0,0.0,0,0,0,2412,973,4726,1603,0.1,a,100,,2026-07-23T12:01:23.516350Z,0.5,1,1,90
2026-09-01T05:08:38+00:00,254,169528,Robinson,10,2,45,0,0,1.2,-5,,False,1.2,1.1,1.0,1,1,1,5604,7750,16785,17179,1.6,a,,,,1.5,2,3,171
2026-09-01T05:08:38+00:00,255,246301,J.Cuenca,10,2,45,0,0,0.2,0,,False,0.2,0.2,0.2,1,1,1,263,306,1044,565,0.0,a,,,,1.5,0,3,90
2026-09-01T05:08:38+00:00,256,167074,Tete,10,2,45,0,0,-48.7,-14,,False,-54.7,-62.7,-70.7,-3,-3,-3,233,1322,571,3383,0.2,a,,,,0.0,0,0,0
2026-09-01T05:08:38+00:00,257,232892,Bassey,10,2,45,0,0,1.0,6,,False,1.1,1.2,1.2,1,1,1,3163,3570,10026,9612,0.8,a,,,,1.0,2,2,180
2026-09-01T05:08:38+00:00,258,166477,Castagne,10,2,45,0,0,7.2,110,,False,8.3,9.8,11.3,1,1,1,16490,3858,28586,6473,0.7,a,,,,6.0,6,12,157
2026-09-01T05:08:38+00:00,261,153133,Iwobi,10,3,55,0,0,-30.8,-32,,False,-34.5,-39.5,-44.5,-2,-2,-3,2906,7817,9001,17213,0.9,a,,,,2.0,2,4,180
2026-09-01T05:08:38+00:00,262,209289,Smith Rowe,10,3,55,0,0,-72.7,-13,,False,-76.6,-81.8,-86.9,-3,-3,-3,708,3090,2122,7838,0.3,a,,,,0.5,1,1,14
2026-09-01T05:08:38+00:00,263,560552,Kevin,10,3,55,0,0,-84.6,-4,,False,-92.9,-104.1,-115.2,-3,-5,-5,186,669,605,1531,0.1,a,,,,1.0,1,2,24
2026-09-01T05:08:38+00:00,264,477555,Bobb,10,3,55,0,0,0.7,0,,False,0.7,0.7,0.7,1,1,1,2003,2789,6523,5786,0.3,a,,,,2.5,3,5,133
2026-09-01T05:08:38+00:00,265,207189,Berge,10,3,50,0,0,-30.7,-18,,False,-35.9,-42.7,-49.6,-2,-3,-3,892,2410,2357,5743,0.4,a,,,,2.0,2,4,154
2026-09-01T05:08:38+00:00,266,76357,Cairney,10,3,50,0,0,-76.6,0,,False,-76.6,-76.6,-76.6,-3,-3,-3,9,47,21,162,0.0,i,0,Knee injury - Expected back 10 Oct,2026-08-14T18:00:06.460944Z,0.0,0,0,0
2026-09-01T05:08:38+00:00,268,577725,King,10,3,55,0,0,16.1,14,,False,16.2,16.4,16.6,1,1,1,9776,5768,44459,9932,0.6,a,,,,4.5,2,9,180
2026-09-01T05:08:38+00:00,269,184349,Sessegnon,10,2,45,0,0,-33.8,-10,,False,-36.6,-40.3,-43.9,-2,-3,-3,409,2057,1368,5071,0.4,a,,,,1.0,1,2,39
2026-09-01T05:08:38+00:00,270,153366,Reed,10,3,45,0,0,-33.5,-40,,False,-36.7,-40.8,-45.0,-2,-3,-3,4029,9206,9611,23709,1.4,a,,,,0.0,0,0,0
2026-09-01T05:08:38+00:00,271,244042,Muniz,10,4,55,0,0,-61.5,-42,,False,-70.0,-81.4,-92.8,-3,-3,-3,1941,5346,4753,12236,0.5,a,,,,0.5,0,1,8
2026-09-01T05:08:38+00:00,272,631786,Kusi-Asare,10,4,45,0,0,-7.3,21,,False,-7.0,-6.5,-6.1,-1,-1,-1,28226,32617,51914,76894,6.8,a,,,,0.0,0,0,0
2026-09-01T05:08:38+00:00,569,551466,Gonzalo,10,4,60,0,0,81.7,165,,False,83.4,85.7,87.9,3,3,3,71918,35703,224136,52910,4.5,a,,,,4.0,2,8,180
2026-09-01T05:08:38+00:00,570,571779,Palacios,10,3,55,0,0,-42.6,-6,,False,-45.7,-49.9,-54.1,-3,-3,-3,418,1538,1328,3322,0.2,a,,,,1.5,1,3,147
2026-09-01T05:08:38+00:00,580,463210,Charles,10,3,50,0,0,-33.0,-1,,False,-34.5,-36.5,-38.5,-2,-2,-2,175,565,534,1373,0.1,a,,,,1.0,1,2,45
2026-09-01T05:08:38+00:00,610,547686,De Fougerolles,10,2,40,0,0,0.0,0,2026-09-06T21:39:13.973938Z,False,0.0,0.0,0.0,0,0,0,1385,943,4436,1417,0.1,d,75,Unspecified injury - 75% chance of playing,2026-08-28T11:30:08.336405Z,0.0,0,0,0
2026-09-01T05:08:38+00:00,626,616069,Zepa,10,3,45,0,0,0.0,0,2026-09-12T18:34:14.871572Z,False,0.0,0.0,0.0,0,0,0,7225,1264,7225,1264,0.1,a,,,,0.0,0,0,0
2026-09-01T05:08:38+00:00,273,167825,Phillips,11,1,40,0,0,-12.2,-3,,False,-12.4,-12.7,-13.0,-1,-1,-1,3797,4764,6912,11858,1.5,a,,,,0.0,0,0,0
2026-09-01T05:08:38+00:00,274,105666,Butland,11,1,45,0,0,-45.3,-4,,False,-47.0,-49.3,-51.6,-3,-3,-3,74,823,198,2561,0.1,i,0,Arm injury - Unknown return date,2026-08-08T19:00:05.601633Z,0.0,0,0,0
2026-09-01T05:08:38+00:00,275,494950,Cartwright,11,1,40,0,0,0.0,0,,False,0.0,0.0,0.0,0,0,0,0,52,0,163,0.0,u,0,Has joined Grimsby Town on loan for the rest of the season,2026-07-29T13:00:27.959925Z,0.0,0,0,0
2026-09-01T05:08:38+00:00,276,444307,Lo-Tutala,11,1,40,0,0,0.0,0,,False,0.0,0.0,0.0,0,0,0,0,150,0,533,0.0,u,0,Has joined Colchester United on loan for the rest of the season,2026-08-17T13:50:27.125537Z,0.0,0,0,0
2026-09-01T05:08:38+00:00,277,108416,Egan,11,2,40,0,0,46.9,659,,False,53.6,62.5,71.5,3,3,3,135935,17552,178872,28759,3.5,a,,,,8.5,9,17,180
2026-09-01T05:08:38+00:00,278,501902,Hughes,11,2,40,0,0,-56.3,-8,,False,-59.4,-63.7,-67.9,-3,-3,-3,55,942,154,3262,0.1,i,0,Groin injury - Unknown return date,2026-08-02T09:00:11.030017Z,0.0,0,0,0
2026-09-01T05:08:38+00:00,279,146426,Ajayi,11,2,41,1,1,2.7,2145,,False,10.7,21.5,32.2,1,2,2,320379,21676,399785,37269,6.2,a,100,,2026-08-22T17:30:07.668197Z,10.0,6,20,153
2026-09-01T05:08:38+00:00,280,193278,Coyle,11,2,40,0,0,-23.4,-35,,False,-26.8,-31.4,-35.9,-2,-2,-2,852,4258,3475,9339,0.6,d,75,Unspecified injury - 75% chance of playing,2026-08-29T16:30:08.151841Z,3.0,0,6,114
2026-09-01T05:08:38+00:00,281,433590,Drameh,11,2,40,0,0,0.1,7,,False,0.1,0.2,0.3,1,1,1,580,443,1688,856,0.1,a,100,,2026-08-08T19:00:05.613036Z,1.0,1,2,65
2026-09-01T05:08:38+00:00,282,232351,Giles,11,2,40,0,0,5.9,50,,False,6.4,7.1,7.7,1,1,1,10089,3025,22981,7216,1.0,a,,,,6.0,6,12,174
2026-09-01T05:08:38+00:00,283,449428,Jacob,11,2,40,0,0,-31.1,-1,,False,-35.0,-40.2,-45.4,-2,-3,-3,43,89,100,317,0.0,i,0,Hip injury - Expected back 5 Sep,2026-08-02T09:00:11.038361Z,0.0,0,0,0
2026-09-01T05:08:38+00:00,284,661800,McCarthy,11,2,40,0,0,-6.5,4,,False,-1.5,0.0,0.1,-1,0,1,592,610,1267,1569,0.1,a,,,,0.0,0,0,0
2026-09-01T05:08:38+00:00,285,160817,McNair,11,2,40,0,0,-7.3,1,,False,-6.8,-6.0,-5.3,-1,-1,-1,421,741,1067,1431,0.1,a,,,,0.5,0,1,26
2026-09-01T05:08:38+00:00,286,540324,Belloumi,11,3,50,0,0,9.3,61,,False,9.9,10.8,11.6,1,1,1,13489,4147,27379,8178,0.8,a,,,,4.5,6,9,172
2026-09-01T05:08:38+00:00,287,232905,Millar,11,3,50,0,0,0.4,22,,False,0.7,1.0,1.3,1,1,1,2145,585,2450,1572,0.1,a,,,,3.0,6,6,50
2026-09-01T05:08:38+00:00,288,171270,Dowell,11,3,45,0,0,-19.6,5,,False,-18.2,-16.5,-14.7,-1,-1,-1,2774,2944,4490,7202,0.4,a,,,,0.0,0,0,0
2026-09-01T05:08:38+00:00,289,101282,Crooks,11,3,45,0,0,0.3,-71,,False,-4.1,-12.5,-20.9,-1,-1,-2,2175,7631,12316,13321,0.6,d,75,Thigh injury - 75% chance of playing,2026-08-29T15:00:08.569326Z,1.0,0,2,90
2026-09-01T05:08:38+00:00,290,243413,Slater,11,3,45,0,0,47.6,181,,False,49.4,51.9,54.3,3,3,3,72101,27694,164472,50068,4.4,a,,,,4.0,2,8,180
2026-09-01T05:08:38+00:00,291,465525,Matazo,11,3,45,0,0,-9.7,0,,False,-9.7,-9.7,-9.7,-1,-1,-1,46,65,110,161,0.0,i,0,Knee injury - Unknown return date,2026-07-23T12:01:23.532635Z,0.0,0,0,0
2026-09-01T05:08:38+00:00,292,208481,Ömür,11,3,50,0,0,-81.3,0,,False,-81.3,-81.3,-81.3,-3,-3,-3,116,238,325,625,0.0,a,,,,0.0,0,0,0
2026-09-01T05:08:38+00:00,293,490161,Kamara,11,3,50,0,0,0.0,0,,False,0.0,0.0,0.0,0,0,0,0,55,0,252,0.0,u,0,Has joined Portsmouth permanently,2026-08-12T14:08:23.542043Z,0.0,0,0,0
2026-09-01T05:08:38+00:00,294,553783,Zambrano,11,3,45,0,0,-37.8,-4,,False,-39.4,-41.5,-43.7,-2,-3,-3,446,1128,937,3277,0.1,i,0,Thigh injury - Unknown return date,2026-08-04T18:30:11.016909Z,0.0,0,0,0
2026-09-01T05:08:38+00:00,295,169432,McBurnie,11,4,55,0,0,30.7,2,,False,30.8,30.8,30.8,2,2,2,19662,22888,102303,38829,2.1,a,,,,3.0,1,6,180
2026-09-01T05:08:38+00:00,296,213292,Akintola,11,3,50,0,0,0.0,-4,,False,0.0,-12.8,-26.1,0,-1,-2,701,730,1615,1670,0.0,a,,,,0.0,0,0,0
2026-09-01T05:08:38+00:00,297,470294,Gyabi,11,3,45,0,0,-47.4,-1,,False,-49.4,-52.1,-54.8,-3,-3,-3,65,251,129,777,0.0,i,0,Thigh injury - Unknown return date,2026-08-04T18:30:11.027155Z,0.0,0,0,0
2026-09-01T05:08:38+00:00,298,500957,Destan,11,4,45,0,0,0.0,-15,,False,0.0,0.0,0.0,0,0,0,0,3307,0,12173,0.3,u,0,Has joined Konyaspor permanently,2026-08-17T13:50:27.145733Z,0.0,0,0,0
2026-09-01T05:08:38+00:00,299,534392,Burstow,11,4,45,0,0,0.0,0,,False,0.0,0.0,0.0,0,0,0,0,482,0,1692,0.0,u,0,Has joined Sheffield Wednesday on loan for the rest of the season,2026-08-03T14:05:20.234842Z,0.0,0,0,0
2026-09-01T05:08:38+00:00,340,462635,Gelhardt,11,3,50,0,0,-55.5,-1,,False,-59.6,-65.2,-70.8,-3,-3,-3,27,116,72,404,0.0,i,0,Ankle injury - Expected back 5 Sep,2026-08-17T21:30:07.799839Z,0.0,0,0,0
2026-09-01T05:08:38+00:00,556,169359,Targett,11,2,40,0,0,-26.5,-40,,False,-28.4,-31.0,-33.7,-2,-2,-2,4837,11913,10230,27354,2.2,a,,,,0.5,0,1,5
2026-09-01T05:08:38+00:00,563,445028,Morita,11,3,50,0,0,0.1,2,,False,0.1,0.1,0.1,1,1,1,213,139,331,467,0.0,a,100,,2026-08-15T16:00:07.961518Z,0.5,1,1,45
2026-09-01T05:08:38+00:00,572,473284,Tzolakis,11,1,45,0,0,82.4,1003,,False,92.6,106.2,119.8,3,5,5,180077,18955,282047,31370,5.8,a,,,,10.0,10,20,180
2026-09-01T05:08:38+00:00,574,552946,Hjertø-Dahl,11,3,50,0,0,-67.5,-7,,False,-77.5,-91.0,-104.4,-3,-3,-5,170,701,477,1670,0.1,a,,,,0.0,0,0,0
2026-09-01T05:08:38+00:00,576,608227,Stroud,11,3,50,0,0,0.2,-8,,False,0.2,0.0,-7.0,1,0,-1,399,697,1829,1294,0.1,a,,,,1.5,0,3,128
2026-09-01T05:08:38+00:00,585,597462,Herrington,11,2,40,0,0,-6.0,-12,,False,-8.1,-10.8,-13.6,-1,-1,-1,1667,2339,4438,5941,0.6,a,,,,1.0,1,2,57
2026-09-01T05:08:38+00:00,586,606930,Mendy,11,2,40,0,0,44.1,184,,False,46.0,48.5,51.0,3,3,3,87090,33641,266670,53101,5.1,a,100,,2026-08-22T17:30:08.045208Z,8.0,1,16,121
2026-09-01T05:08:38+00:00,589,469266,Gourna-Douath,11,3,50,0,0,-3.4,0,,False,-3.4,-3.4,-3.4,-1,-1,-1,118,169,253,482,0.0,a,,,,0.5,1,1,45
2026-09-01T05:08:38+00:00,617,490884,Cho,11,3,50,0,0,0.0,0,2026-09-10T13:58:52.488087Z,False,0.0,0.0,0.0,0,0,0,380,100,405,102,0.0,a,,,,1.0,1,1,7
2026-09-01T05:08:38+00:00,259,219924,Diop,12,2,40,0,0,-11.7,-120,,False,-12.4,-13.5,-14.5,-1,-1,-1,19385,54212,45898,125136,16.2,a,,,,2.0,2,4,180
2026-09-01T05:08:38+00:00,267,212314,Lukić,12,3,50,0,0,-15.8,-2,,False,-17.5,-19.9,-22.2,-1,-1,-2,383,770,1561,2115,0.1,a,,,,3.0,1,6,162
2026-09-01T05:08:38+00:00,300,108813,Walton,12,1,45,0,0,-57.8,-9,,False,-59.8,-62.4,-65.0,-3,-3,-3,182,1948,391,6520,0.5,a,,,,0.0,0,0,0
2026-09-01T05:08:38+00:00,301,112520,Palmer,12,1,40,0,0,-8.5,-25,,False,-9.1,-10.0,-10.8,-1,-1,-1,10877,13232,18563,30580,4.4,a,,,,0.0,0,0,0
2026-09-01T05:08:38+00:00,302,50093,Button,12,1,40,0,0,0.4,2,,False,0.4,0.4,0.5,1,1,1,3129,1542,5088,3361,0.5,a,,,,0.0,0,0,0
2026-09-01T05:08:38+00:00,303,183015,Kipré,12,2,40,0,0,-46.3,-14,,False,-48.8,-52.3,-55.7,-3,-3,-3,249,2343,581,7290,0.6,a,,,,0.0,0,0,0
2026-09-01T05:08:38+00:00,304,216616,O'Shea,12,2,40,0,0,-3.9,-21,,False,-4.6,-5.5,-6.4,-1,-1,-1,10350,14769,25989,28753,3.3,a,,,,2.0,0,4,180
2026-09-01T05:08:38+00:00,305,455084,Davis,12,2,40,0,0,-5.9,96,,False,-3.9,-1.1,0.8,-1,-1,1,25144,16846,32466,38136,4.9,a,,,,4.0,6,8,180
2026-09-01T05:08:38+00:00,306,449429,Greaves,12,2,40,0,0,-19.8,-32,,False,-22.2,-25.5,-28.8,-2,-2,-2,1242,4467,2878,10578,1.4,a,,,,0.5,-1,1,180
2026-09-01T05:08:38+00:00,307,222018,Johnson,12,2,40,0,0,-28.4,3,,False,-25.0,-20.5,-16.0,-2,-2,-1,321,554,748,1576,0.1,a,,,,0.0,0,0,0
2026-09-01T05:08:38+00:00,308,176420,Furlong,12,2,40,0,0,-39.5,-13,,False,-42.0,-45.2,-48.5,-3,-3,-3,258,1909,527,6325,0.6,a,,,,0.5,1,1,17
2026-09-01T05:08:38+00:00,309,501390,Núñez,12,3,50,0,0,-8.3,-2,,False,-9.9,-12.1,-14.3,-1,-1,-1,575,870,1772,2263,0.1,a,,,,3.0,2,6,140
2026-09-01T05:08:38+00:00,310,241117,Matusiwa,12,3,50,0,0,-77.3,0,,False,-77.3,-77.3,-77.3,-3,-3,-3,5,40,13,152,0.0,i,0,Muscular injury - Unknown return date,2026-07-29T18:00:10.305484Z,0.0,0,0,0
2026-09-01T05:08:38+00:00,311,149929,Burns,12,3,50,0,0,0.0,0,,False,0.0,0.0,0.0,0,0,0,0,43,0,234,0.0,u,0,Has joined Leicester City permanently,2026-08-10T14:02:47.597478Z,0.0,0,0,0
2026-09-01T05:08:38+00:00,312,231899,Taylor,12,3,45,0,0,-48.6,0,,False,-48.6,-48.6,-48.6,-3,-3,-3,92,393,203,1276,0.0,i,0,Knee injury - Unknown return date,2026-07-29T18:00:10.319370Z,0.0,0,0,0
2026-09-01T05:08:38+00:00,313,443261,Clarke,12,3,55,0,0,-8.9,-17,,False,-15.4,-24.1,-32.8,-1,-2,-2,747,2652,3949,5095,0.3,a,,,,3.5,0,7,19
2026-09-01T05:08:38+00:00,314,229164,Ogbene,12,3,50,0,0,-96.6,0,,False,-96.6,-96.6,-96.6,-4,-4,-4,31,129,68,372,0.0,a,,,,0.0,0,0,0
2026-09-01T05:08:38+00:00,315,531442,Fatawu,12,3,55,0,0,-54.1,0,,False,-54.1,-54.1,-54.1,-3,-3,-3,954,1380,1524,4148,0.2,a,,,,3.0,4,6,147
2026-09-01T05:08:38+00:00,316,543968,Emersonn,12,4,55,0,0,20.1,-354,,False,16.5,11.7,6.9,1,1,1,13193,26048,90000,42858,1.8,d,75,Knee injury - 75% chance of playing,2026-08-31T09:30:08.306145Z,5.0,1,10,110
2026-09-01T05:08:38+00:00,317,222625,Hirst,12,4,50,0,0,0.0,-20,,False,0.0,0.0,0.0,0,0,0,0,2227,0,10922,0.1,u,0,Has joined Stoke City permanently,2026-08-21T13:06:08.606019Z,0.0,0,0,0
2026-09-01T05:08:38+00:00,318,481624,Philogene,12,3,55,0,0,-99.7,-12,,False,-103.9,-109.4,-114.9,-5,-5,-5,11,1872,117,5800,0.1,i,0,Ankle injury - Unknown return date,2026-08-25T11:30:07.532993Z,0.0,0,0,0
2026-09-01T05:08:38+00:00,319,172453,Szmodics,12,3,50,0,0,0.0,0,,False,0.0,0.0,0.0,0,0,0,0,113,0,522,0.0,u,0,Has joined Derby County on loan for the rest of the season,2026-08-17T13:51:41.713979Z,0.0,0,0,0
2026-09-01T05:08:38+00:00,320,147675,Akpom,12,4,50,0,0,4.4,204,,False,6.5,9.3,12.0,1,1,1,20255,5882,24880,12132,0.7,a,,,,3.0,5,6,69
2026-09-01T05:08:38+00:00,321,557012,Walle Egeli,12,4,45,0,0,14.9,204,,False,17.0,19.7,22.5,1,1,2,58673,22928,99385,46369,2.9,a,,,,0.5,0,1,10
2026-09-01T05:08:38+00:00,322,462387,Al-Hamadi,12,4,50,0,0,0.0,-13,,False,0.0,0.0,0.0,0,0,0,0,2272,755,5274,0.1,u,0,Has joined Sheffield Wednesday on loan for the rest of the season,2026-08-27T14:54:10.215357Z,0.0,0,0,0
2026-09-01T05:08:38+00:00,323,461587,McAteer,12,3,45,0,0,-18.0,2,,False,-17.8,-17.6,-17.4,-1,-1,-1,5365,7374,10980,18939,1.3,a,,,,1.0,1,2,31
2026-09-01T05:08:38+00:00,324,232457,Mehmeti,12,3,50,0,0,-93.0,-5,,False,-106.2,-123.7,-141.3,-5,-5,-5,26,332,73,1018,0.0,a,,,,0.0,0,0,0
2026-09-01T05:08:38+00:00,554,546600,Van Oevelen,12,1,45,0,0,0.0,-2,,False,0.0,0.0,0.0,0,0,0,0,426,54,1063,0.0,u,0,Has joined Valencia on loan for the rest of the season,2026-08-25T14:04:09.529320Z,0.0,0,0,0
2026-09-01T05:08:38+00:00,562,442967,Maeda,12,3,55,0,0,-66.0,-11,,False,-69.3,-73.7,-78.2,-3,-3,-3,428,2391,1168,6433,0.3,a,,,,2.0,2,4,151
2026-09-01T05:08:38+00:00,564,240514,Scherpen,12,1,45,0,0,-21.9,-7,,False,-23.0,-24.6,-26.1,-2,-2,-2,1263,2698,2592,6274,0.6,a,,,,2.0,2,4,180
2026-09-01T05:08:38+00:00,571,216055,Florentino,12,3,50,0,0,-76.6,-7,,False,-80.0,-84.7,-89.3,-3,-3,-3,78,1085,292,3292,0.1,d,75,Calf injury - 75% chance of playing,2026-08-25T11:30:07.678802Z,0.0,0,0,0
2026-09-01T05:08:38+00:00,591,474120,Enciso,12,3,55,0,0,1.1,72,,False,1.8,2.8,3.8,1,1,1,13283,4077,30952,8531,0.6,a,100,,2026-08-22T18:00:07.551930Z,5.0,5,10,160
2026-09-01T05:08:38+00:00,592,572584,Ouattara,12,2,40,0,0,-0.5,5,,False,-0.0,0.1,0.1,0,1,1,2009,3091,4778,8957,1.0,a,,,,1.0,1,2,27
2026-09-01T05:08:38+00:00,602,524180,Humphreys,12,3,45,0,0,0.0,0,2026-09-04T19:31:08.856600Z,False,0.0,0.0,0.0,0,0,0,1162,473,2437,806,0.0,a,,,,0.0,0,0,0
2026-09-01T05:08:38+00:00,619,218543,Palacios,12,3,50,0,0,0.0,0,2026-09-10T13:59:58.521186Z,False,0.0,0.0,0.0,0,0,0,842,187,931,192,0.0,a,,,,1.0,1,1,28
2026-09-01T05:08:38+00:00,260,153682,Wilson,13,3,65,0,0,-96.6,-514,,False,-107.9,-123.0,-138.2,-5,-5,-5,3437,70075,18366,127843,4.8,a,,,,2.0,1,4,110
2026-09-01T05:08:38+00:00,326,201595,Perri,13,1,45,0,0,-62.2,-22,,False,-66.8,-72.9,-79.1,-3,-3,-3,179,2417,507,7776,0.5,a,,,,0.0,0,0,0
2026-09-01T05:08:38+00:00,327,434752,Bijol,13,2,50,0,0,16.0,-32,,False,15.7,15.3,14.8,1,1,1,9249,8572,54468,16756,1.0,a,,,,5.5,1,11,135
2026-09-01T05:08:38+00:00,329,214225,Rodon,13,2,45,0,0,-17.3,-331,,False,-23.2,-31.2,-39.1,-2,-2,-2,4696,36141,26296,48715,3.2,d,50,Hamstring injury - 50% chance of playing,2026-08-30T16:00:08.564382Z,3.5,1,7,123
2026-09-01T05:08:38+00:00,330,226182,Bogle,13,2,45,0,0,1.5,-13,,False,1.4,1.2,1.0,1,1,1,2346,2329,8271,5453,0.5,a,,,,4.0,2,8,157
2026-09-01T05:08:38+00:00,331,243526,Gudmundsson,13,2,45,0,0,-0.1,0,2026-09-05T13:30:07.418977Z,False,-0.1,-0.1,-0.1,-1,-1,-1,259,184,325,1176,0.0,a,100,,2026-08-08T20:00:07.546568Z,0.0,0,0,0
2026-09-01T05:08:38+00:00,332,220627,Justin,13,2,45,0,0,14.8,19,,False,15.0,15.3,15.5,1,1,1,17713,9830,61247,19221,1.4,a,,,,6.0,2,12,180
2026-09-01T05:08:38+00:00,333,437738,Bornauw,13,2,45,0,0,0.0,0,,False,0.0,0.0,0.0,0,0,0,0,31,0,201,0.0,u,0,Has joined Hamburg SV on loan for the rest of the season,2026-08-19T13:56:14.645970Z,0.0,0,0,0
2026-09-01T05:08:38+00:00,334,522047,Muharemović,13,2,50,0,0,5.5,31,,False,5.9,6.3,6.7,1,1,1,18200,16923,39739,28765,3.3,a,,,,5.0,4,10,180
2026-09-01T05:08:38+00:00,335,466525,Stach,13,3,60,0,0,30.6,20,,False,30.8,31.1,31.3,2,2,2,26683,22195,108027,35874,2.8,a,,,,8.5,4,17,180
2026-09-01T05:08:38+00:00,336,435997,Okafor,13,3,59,-1,-1,-18.4,-24,,False,-22.4,-27.9,-33.3,-2,-2,-2,1063,5078,2418,14246,0.4,a,,,,1.5,2,3,92
2026-09-01T05:08:38+00:00,337,427637,Aaronson,13,3,55,0,0,-60.1,-46,,False,-66.3,-74.6,-82.9,-3,-3,-3,1052,7210,3645,15643,0.8,a,,,,2.0,1,4,126
2026-09-01T05:08:38+00:00,338,199598,Ampadu,13,3,55,0,0,-31.7,-50,,False,-36.0,-41.7,-47.4,-2,-3,-3,1670,8442,6261,17883,1.2,a,,,,3.5,2,7,180
2026-09-01T05:08:38+00:00,339,180135,Longstaff,13,3,50,0,0,-68.6,-5,,False,-72.7,-78.1,-83.5,-3,-3,-3,325,1205,900,2836,0.1,a,,,,0.5,0,1,8
2026-09-01T05:08:38+00:00,341,492859,Gnonto,13,3,50,0,0,0.0,0,2026-09-05T13:30:07.441139Z,False,0.0,0.0,0.0,0,0,0,143,164,161,860,0.0,a,100,,2026-08-17T20:30:08.092366Z,0.0,0,0,0
2026-09-01T05:08:38+00:00,342,221399,Harrison,13,3,50,0,0,0.0,0,,False,0.0,0.0,0.0,0,0,0,0,9,0,45,0.0,u,0,Has joined New England Revolution permanently,2026-07-28T12:59:09.492431Z,0.0,0,0,0
2026-09-01T05:08:38+00:00,343,200617,James,13,3,50,0,0,-32.7,-5,,False,-36.9,-42.5,-48.1,-2,-3,-3,868,1044,1731,2780,0.1,a,,,,0.5,1,1,22
2026-09-01T05:08:38+00:00,344,486520,Gruev,13,3,50,0,0,0.0,0,2026-09-06T23:30:08.268488Z,False,0.0,0.0,0.0,0,0,0,14,39,23,168,0.0,d,25,Knee injury - 25% chance of playing,2026-08-14T23:00:06.272027Z,0.0,0,0,0
2026-09-01T05:08:38+00:00,345,248056,Tanaka,13,3,49,-1,-1,0.0,0,,False,0.0,0.0,0.0,0,0,0,761,2060,1660,6293,0.2,a,,,,0.5,1,1,45
2026-09-01T05:08:38+00:00,346,177815,Calvert-Lewin,13,4,60,0,0,-17.4,489,,False,-15.5,-12.9,-10.4,-1,-1,-1,89908,148146,174222,337082,27.1,a,,,,4.5,8,9,180
2026-09-01T05:08:38+00:00,347,174594,Nmecha,13,4,55,0,0,-85.3,0,,False,-85.3,-85.3,-85.3,-3,-3,-3,2264,4058,4181,13602,0.5,a,,,,2.0,4,4,21
2026-09-01T05:08:38+00:00,348,235826,Piroe,13,4,50,0,0,0.0,-4,,False,0.0,0.0,0.0,0,0,0,0,1683,0,7034,0.1,u,0,Has joined West Ham United on loan for the rest of the season,2026-08-19T13:56:14.666726Z,0.0,0,0,0
2026-09-01T05:08:38+00:00,349,565297,Mateo Joseph,13,4,45,0,0,-26.4,0,,False,-26.4,-26.4,-26.4,-2,-2,-2,434,572,759,1623,0.1,i,0,Knee injury - Unknown return date,2026-07-29T18:00:10.338170Z,0.0,0,0,0
2026-09-01T05:08:38+00:00,385,432720,Trafford,13,1,50,0,0,22.6,63,,False,23.2,24.1,25.0,2,2,2,39459,20919,103253,36023,5.0,a,,,,6.0,3,12,180
2026-09-01T05:08:38+00:00,598,173774,Elvedi,13,2,45,0,0,0.0,0,2026-09-02T14:01:33.181261Z,False,0.0,0.0,0.0,0,0,0,258,212,612,491,0.0,a,,,,0.5,1,1,56
2026-09-01T05:08:38+00:00,603,643970,Lienou,13,2,40,0,0,0.0,0,2026-09-04T19:31:28.542354Z,False,0.0,0.0,0.0,0,0,0,1227,589,2715,908,0.1,a,,,,0.0,0,0,0
2026-09-01T05:08:38+00:00,604,592740,Cresswell,13,3,45,0,0,0.0,0,2026-09-04T19:31:41.718342Z,False,0.0,0.0,0.0,0,0,0,2907,1015,5936,1725,0.1,a,,,,0.0,0,0,0
2026-09-01T05:08:38+00:00,625,97846,Cairns,13,1,40,0,0,0.0,0,2026-09-12T18:33:52.851482Z,False,0.0,0.0,0.0,0,0,0,4749,373,4749,373,0.1,a,,,,0.0,0,0,0
2026-09-01T05:08:38+00:00,350,116535,A.Becker,14,1,55,0,0,-5.4,-77,,False,-7.5,-10.4,-13.3,-1,-1,-1,17897,27050,43204,48273,3.8,a,,,,1.0,0,2,180
2026-09-01T05:08:38+00:00,351,449027,Mamardashvili,14,1,50,0,0,-86.4,-8,,False,-92.3,-100.2,-108.0,-3,-5,-5,443,1597,1101,3635,0.1,a,,,,0.0,0,0,0
2026-09-01T05:08:38+00:00,352,155503,Woodman,14,1,40,0,0,-1.7,26,,False,0.1,0.4,0.8,1,1,1,5054,3806,8317,9329,1.1,a,,,,0.0,0,0,0
2026-09-01T05:08:38+00:00,353,586268,Pecsi,14,1,40,0,0,0.0,0,,False,0.0,0.0,0.0,0,0,0,0,146,0,594,0.0,u,0,Has joined TSV Hartberg on loan for the rest of the season,2026-08-18T14:11:18.638344Z,0.0,0,0,0
2026-09-01T05:08:38+00:00,354,432987,Jaros,14,1,40,0,0,-0.7,0,,False,-0.7,-0.7,-0.7,-1,-1,-1,175,112,338,291,0.0,i,0,Knee injury - Unknown return date,2026-07-29T18:00:10.351066Z,0.0,0,0,0
2026-09-01T05:08:38+00:00,355,464353,Davies,14,1,40,0,0,0.1,1,,False,0.1,0.1,0.1,1,1,1,729,512,1373,1225,0.1,a,,,,0.0,0,0,0
2026-09-01T05:08:38+00:00,356,97032,Virgil,14,2,65,0,0,-19.9,-754,,False,-24.2,-29.9,-35.7,-2,-2,-2,29283,133818,103897,212938,18.5,a,,,,1.5,1,3,180
2026-09-01T05:08:38+00:00,357,216094,Frimpong,14,2,55,0,0,-38.3,-117,,False,-42.1,-47.3,-52.5,-3,-3,-3,11491,34632,36011,68201,3.2,a,,,,0.5,1,1,160
2026-09-01T05:08:38+00:00,358,544877,Kerkez,14,2,55,0,0,-57.3,-133,,False,-61.7,-67.6,-73.4,-3,-3,-3,5868,31460,21513,65847,3.2,a,,,,0.5,1,1,160
2026-09-01T05:08:38+00:00,359,171287,Gomez,14,2,50,0,0,-58.8,0,,False,-58.8,-58.8,-58.8,-3,-3,-3,39,185,118,594,0.0,i,0,Muscular injury - Unknown return date,2026-07-26T08:30:10.078473Z,0.0,0,0,0
2026-09-01T05:08:38+00:00,360,492777,Bradley,14,2,50,0,0,-33.0,0,,False,-33.0,-33.0,-33.0,-2,-2,-2,61,104,140,323,0.0,i,0,Knee injury - Unknown return date,2026-07-23T12:01:23.565711Z,0.0,0,0,0
2026-09-01T05:08:38+00:00,361,519440,Lucky,14,2,40,0,0,-14.6,5,,False,-10.8,-5.6,-0.4,-1,-1,-1,627,721,1235,1858,0.1,a,,,,0.0,0,0,0
2026-09-01T05:08:38+00:00,362,606702,Jacquet,14,2,50,0,0,7.7,55,,False,8.2,9.0,9.7,1,1,1,25896,17309,48608,35465,2.5,a,100,,2026-07-23T12:01:23.581126Z,2.0,3,4,145
2026-09-01T05:08:38+00:00,363,647681,Leoni,14,2,40,0,0,-18.5,0,,False,-18.5,-18.5,-18.5,-1,-1,-1,185,328,367,847,0.0,i,0,Knee injury - Unknown return date,2026-07-23T12:01:23.596909Z,0.0,0,0,0
2026-09-01T05:08:38+00:00,364,214285,Tsimikas,14,2,50,0,0,-57.0,-4,,False,-61.9,-68.5,-75.0,-3,-3,-3,228,529,567,1511,0.1,a,,,,0.5,1,1,19
2026-09-01T05:08:38+00:00,365,489580,Ramsay,14,2,40,0,0,0.0,-23,,False,0.0,0.0,0.0,0,0,0,0,3227,638,6979,0.1,u,0,Has joined St Mirren on loan for the rest of the season,2026-08-26T14:05:26.748768Z,0.0,0,0,0
2026-09-01T05:08:38+00:00,366,494595,Wirtz,14,3,75,0,0,-67.8,-290,,False,-70.7,-74.6,-78.5,-3,-3,-3,23473,89569,48396,212831,10.5,a,,,,3.0,4,6,152
2026-09-01T05:08:38+00:00,367,243298,Gakpo,14,3,70,0,0,91.2,273,,False,94.0,97.7,101.4,3,4,5,89901,55704,295605,83455,7.5,a,,,,8.5,5,17,160
2026-09-01T05:08:38+00:00,368,424876,Szoboszlai,14,3,70,0,0,51.5,-390,,False,47.5,42.2,36.9,3,3,2,101075,178965,346078,246370,42.0,a,,,,6.0,4,12,180
2026-09-01T05:08:38+00:00,369,611922,Ngumoha,14,3,59,-1,-1,-1.7,-75,,False,-6.8,-13.5,-20.2,-1,-1,-2,1754,16633,7301,31510,0.9,a,,,,1.5,1,3,81
2026-09-01T05:08:38+00:00,370,223541,Chiesa,14,3,54,-1,-1,-9.1,-19,,False,-14.2,-21.0,-27.8,-1,-2,-2,28,2773,613,6323,0.1,i,0,Back injury - Unknown return date,2026-08-27T13:30:07.598926Z,0.0,0,0,0
2026-09-01T05:08:38+00:00,371,441266,Gravenberch,14,3,60,0,0,-39.6,-142,,False,-48.0,-59.2,-70.4,-3,-3,-3,4871,23019,19876,38202,1.8,a,,,,3.0,1,6,96
2026-09-01T05:08:38+00:00,372,243016,Mac Allister,14,3,55,0,0,-66.2,-63,,False,-70.7,-76.6,-82.5,-3,-3,-3,5248,13897,11815,35405,1.5,a,,,,1.5,2,3,103
2026-09-01T05:08:38+00:00,373,206915,C.Jones,14,3,55,0,0,0.0,-4,,False,0.0,0.0,0.0,0,0,0,1,539,34,1667,0.0,u,0,Has joined Internazionale permanently,2026-08-16T18:30:07.426408Z,0.0,0,0,0
2026-09-01T05:08:38+00:00,374,158983,Endo,14,3,50,0,0,-59.6,-2,,False,-62.3,-65.9,-69.5,-3,-3,-3,387,785,872,1770,0.1,a,100,,2026-07-23T12:01:23.612529Z,0.0,0,0,0
2026-09-01T05:08:38+00:00,375,591386,Nyoni,14,3,50,0,0,-86.2,-1,,False,-89.5,-93.9,-98.3,-3,-3,-4,232,389,371,1062,0.0,a,,,,0.5,1,1,13
2026-09-01T05:08:38+00:00,376,535928,Bajcetic,14,3,50,0,0,-33.7,0,,False,-33.7,-33.7,-33.7,-2,-2,-2,9,20,17,49,0.0,i,0,Hamstring injury - Unknown return date,2026-07-23T12:01:23.628373Z,0.0,0,0,0
2026-09-01T05:08:38+00:00,377,551499,Munoz,14,3,65,0,0,13.3,201,,False,15.3,18.1,20.8,1,1,2,39128,8826,45614,14739,1.0,a,,,,5.0,6,10,117
2026-09-01T05:08:38+00:00,378,491501,McConnell,14,3,45,0,0,-46.4,-6,,False,-49.1,-52.7,-56.3,-3,-3,-3,663,1646,1546,4546,0.2,a,,,,0.0,0,0,0
2026-09-01T05:08:38+00:00,379,219168,Isak,14,4,90,0,0,-9.1,160,,False,-8.0,-6.6,-5.2,-1,-1,-1,64189,94129,137225,195262,16.2,a,,,,5.0,8,10,180
2026-09-01T05:08:38+00:00,380,510663,Ekitiké,14,4,75,0,0,-69.9,-10,,False,-72.7,-76.4,-80.0,-3,-3,-3,354,2005,1063,5812,0.1,i,0,Achilles injury - Unknown return date,2026-07-23T12:01:23.643771Z,0.0,0,0,0
2026-09-01T05:08:38+00:00,381,514514,Koumas,14,3,50,0,0,-27.4,0,,False,-27.4,-27.4,-27.4,-2,-2,-2,85,195,241,405,0.0,a,,,,0.5,0,1,12
2026-09-01T05:08:38+00:00,382,500058,Danns,14,4,45,0,0,-11.9,1,,False,-10.7,-9.0,-7.3,-1,-1,-1,363,355,672,917,0.0,i,0,Unspecified injury - Unknown return date,2026-07-23T12:01:23.659279Z,0.0,0,0,0
2026-09-01T05:08:38+00:00,383,444884,Elliott,14,3,54,-1,-1,-1.5,-9,,False,-9.2,-19.5,-29.7,-1,-1,-2,352,983,732,2199,0.1,a,,,,0.0,0,0,0
2026-09-01T05:08:38+00:00,579,445087,Araujo,14,2,55,0,0,-92.2,-293,,False,-105.3,-122.8,-140.3,-5,-5,-5,6715,44727,30622,78501,2.4,a,,,,0.5,0,1,33
2026-09-01T05:08:38+00:00,238,114283,Grealish,15,3,65,0,0,-73.2,1,,False,-72.8,-72.3,-71.9,-3,-3,-3,835,2649,2037,5052,0.2,a,100,,2026-07-29T10:00:10.492904Z,0.5,0,1,8
2026-09-01T05:08:38+00:00,384,204936,Donnarumma,15,1,55,0,0,-21.0,-179,,False,-23.4,-26.5,-29.7,-2,-2,-2,27602,63174,61610,108126,8.1,a,,,,1.5,0,3,180
2026-09-01T05:08:38+00:00,386,122074,Bettinelli,15,1,45,0,0,-32.9,-1,,False,-37.3,-43.1,-49.0,-2,-3,-3,73,192,208,428,0.0,a,,,,0.0,0,0,0
2026-09-01T05:08:38+00:00,387,472769,O'Reilly,15,2,65,0,0,-25.0,-574,,False,-28.1,-32.2,-36.4,-2,-2,-2,38455,139720,107239,247050,19.6,a,,,,2.0,2,4,150
2026-09-01T05:08:38+00:00,388,209036,Guéhi,15,2,60,0,0,52.7,-76,,False,51.9,50.9,49.8,3,3,3,65869,88203,248614,129961,19.2,a,,,,6.0,2,12,180
2026-09-01T05:08:38+00:00,389,465351,Matheus N.,15,2,60,0,0,-65.1,-149,,False,-72.2,-81.8,-91.3,-3,-3,-3,103,21106,3134,38599,1.2,d,75,Unspecified injury - 75% chance of playing,2026-08-27T11:30:08.171622Z,0.5,0,1,33
2026-09-01T05:08:38+00:00,390,171314,Rúben,15,2,55,0,0,-4.0,7,,False,-3.6,-3.0,-2.5,-1,-1,-1,8723,11509,18581,24066,1.8,a,,,,2.0,2,4,180
2026-09-01T05:08:38+00:00,391,477424,Gvardiol,15,2,56,1,1,14.3,957,,False,17.9,22.6,27.4,1,2,2,275547,43362,503965,78719,16.9,a,,,,7.0,5,14,164
2026-09-01T05:08:38+00:00,392,448514,Aït-Nouri,15,2,54,-1,-1,-45.6,-96,,False,-54.6,-66.7,-78.8,-3,-3,-3,1207,13848,3823,30627,0.7,a,,,,0.0,0,0,0
2026-09-01T05:08:38+00:00,393,578153,Khusanov,15,2,55,0,0,-37.1,-52,,False,-40.4,-44.8,-49.3,-3,-3,-3,4606,11710,10692,26247,1.7,a,,,,2.0,2,4,178
2026-09-01T05:08:38+00:00,394,494307,Alleyne,15,2,50,0,0,0.0,0,,False,0.0,0.0,0.0,0,0,0,0,74,0,431,0.0,u,0,Has joined Burnley on loan for the rest of the season,2026-08-18T14:11:56.324656Z,0.0,0,0,0
2026-09-01T05:08:38+00:00,395,477064,Lewis,15,2,45,0,0,-14.5,-7,,False,-17.5,-21.5,-25.6,-1,-2,-2,1061,3083,4681,5606,0.2,a,,,,0.5,0,1,56
2026-09-01T05:08:38+00:00,396,616222,Vitor Reis,15,2,45,0,0,-34.6,0,,False,-34.6,-34.6,-34.6,-2,-2,-2,65,137,167,377,0.0,a,,,,0.5,1,1,1
2026-09-01T05:08:38+00:00,397,437730,Semenyo,15,3,85,0,0,-54.8,-946,,False,-59.5,-65.6,-71.8,-3,-3,-3,27678,206468,76778,379678,21.6,a,,,,3.5,5,7,180
2026-09-01T05:08:38+00:00,398,209244,Foden,15,3,70,0,0,11.2,503,,False,16.3,23.1,30.0,1,2,2,78483,27749,98630,74270,4.7,a,,,,5.0,9,10,171
2026-09-01T05:08:38+00:00,399,466052,Cherki,15,3,77,2,2,7.7,5796,,False,29.4,58.5,87.5,2,3,3,899177,26972,1102495,68374,21.5,a,,,,11.0,14,22,108
2026-09-01T05:08:38+00:00,400,248875,Doku,15,3,74,-1,-1,-16.3,-112,,False,-18.7,-21.9,-25.1,-1,-2,-2,273,18989,767,89004,1.0,i,0,Calf injury - Expected back 5 Sep,2026-08-18T17:00:08.385597Z,0.0,0,0,0
2026-09-01T05:08:38+00:00,402,220566,Rodrigo,15,3,65,0,0,0.0,-2,,False,0.0,0.0,0.0,0,0,0,0,189,0,985,0.0,u,0,Has joined Barcelona permanently,2026-07-23T12:01:23.675537Z,0.0,0,0,0
2026-09-01T05:08:38+00:00,404,433036,Reijnders,15,3,60,0,0,0.0,-14,,False,0.0,0.0,0.0,0,0,0,0,1053,0,6677,0.0,u,0,Has joined Al Qadsiah permanently,2026-08-20T14:02:58.154273Z,0.0,0,0,0
2026-09-01T05:08:38+00:00,406,91651,Kovačić,15,3,55,0,0,-63.1,-3,,False,-66.5,-71.1,-75.8,-3,-3,-3,366,1071,1195,2360,0.1,a,,,,1.0,1,2,42
2026-09-01T05:08:38+00:00,407,575204,Echeverri,15,3,50,0,0,-101.2,0,,False,-101.2,-101.2,-101.2,-5,-5,-5,71,211,164,508,0.0,a,,,,0.0,0,0,0
2026-09-01T05:08:38+00:00,408,155405,Phillips,15,3,50,0,0,0.0,-2,,False,0.0,0.0,0.0,0,0,0,0,86,0,391,0.0,u,0,Has joined Sheffield United on loan for the rest of the season,2026-08-18T14:11:56.348781Z,0.0,0,0,0
2026-09-01T05:08:38+00:00,409,590039,Mukasa,15,3,45,0,0,-72.4,-3,,False,-74.3,-76.7,-79.2,-3,-3,-3,447,1667,1374,4153,0.2,a,,,,0.0,0,0,0
2026-09-01T05:08:38+00:00,410,649208,Monga,15,3,49,-1,-1,-0.5,-2,,False,-8.9,-20.3,-31.7,-1,-2,-2,72,183,148,466,0.0,a,,,,0.0,0,0,0
2026-09-01T05:08:38+00:00,411,223094,Haaland,15,4,155,0,0,30.1,752,,False,37.7,48.0,58.2,2,3,3,184501,19664,254106,123516,69.9,a,,,,7.5,13,15,180
2026-09-01T05:08:38+00:00,481,215379,Anderson,15,3,64,0,-1,-40.8,-279,,False,-46.2,-53.3,-60.5,-3,-3,-3,13595,61720,23831,215025,5.5,a,100,,2026-08-23T17:00:07.952697Z,2.5,3,5,143
2026-09-01T05:08:38+00:00,587,106921,Rulli,15,1,50,0,0,-29.7,-1,,False,-35.8,-44.0,-52.1,-2,-3,-3,57,158,151,382,0.0,a,,,,0.0,0,0,0
2026-09-01T05:08:38+00:00,616,637238,Bouaddi,15,3,55,0,0,0.0,0,2026-09-09T14:56:53.434190Z,False,0.0,0.0,0.0,0,0,0,5818,1489,8873,1838,0.1,a,,,,1.0,1,1,8
2026-09-01T05:08:38+00:00,621,616288,McAidoo,15,3,45,0,0,0.0,0,2026-09-10T21:22:22.867343Z,False,0.0,0.0,0.0,0,0,0,4003,1010,4003,1010,0.1,a,,,,1.0,1,1,8
2026-09-01T05:08:38+00:00,622,554054,Braithwaite,15,2,40,0,0,0.0,0,2026-09-10T21:22:36.261131Z,False,0.0,0.0,0.0,0,0,0,4804,944,4804,944,0.1,a,,,,1.0,1,1,1
2026-09-01T05:08:38+00:00,43,166989,Tielemans,16,3,60,0,0,-86.3,-137,,False,-93.0,-102.0,-111.0,-3,-5,-5,6045,24082,18676,59786,2.2,a,100,,2026-07-23T12:01:23.321726Z,3.0,4,6,156
2026-09-01T05:08:38+00:00,131,535301,Baleba,16,3,50,0,0,-43.5,-15,,False,-46.9,-51.6,-56.2,-3,-3,-3,1054,2894,3378,7315,0.2,i,0,Ankle injury - Expected back 19 Sep,2026-08-06T16:00:10.997714Z,0.0,0,0,0
2026-09-01T05:08:38+00:00,162,532605,Andrey Santos,16,3,50,0,0,-76.8,-79,,False,-86.1,-98.5,-111.0,-3,-4,-5,3850,12214,11306,27363,0.9,a,,,,1.5,1,3,76
2026-09-01T05:08:38+00:00,325,59735,Darlow,16,1,45,0,0,-8.6,-2,,False,-13.9,-21.0,-28.1,-1,-2,-2,170,251,412,508,0.0,a,100,,2026-07-23T12:01:23.549136Z,0.0,0,0,0
2026-09-01T05:08:38+00:00,412,465247,Lammens,16,1,50,0,0,-25.3,-358,,False,-27.9,-31.4,-34.9,-2,-2,-2,16083,87071,50797,175681,14.5,a,,,,1.5,2,3,180
2026-09-01T05:08:38+00:00,413,451302,Bayindir,16,1,45,0,0,0.0,0,,False,0.0,0.0,0.0,0,0,0,0,177,0,765,0.0,u,0,Has joined Celta Vigo on loan for the rest of the season,2026-08-10T14:02:28.608415Z,0.0,0,0,0
2026-09-01T05:08:38+00:00,414,21205,Heaton,16,1,40,0,0,-22.1,-5,,False,-24.2,-27.0,-29.9,-2,-2,-2,195,522,410,1527,0.1,i,0,Hamstring injury - Unknown return date,2026-08-15T16:00:07.854151Z,0.0,0,0,0
2026-09-01T05:08:38+00:00,415,596777,Dorgu,16,3,59,-1,-1,-42.1,-124,,False,-50.5,-61.6,-72.7,-3,-3,-3,1941,17932,6749,46593,0.9,a,,,,0.5,1,1,55
2026-09-01T05:08:38+00:00,416,209365,De Ligt,16,2,50,0,0,-45.3,0,,False,-45.3,-45.3,-45.3,-3,-3,-3,57,266,174,764,0.0,i,0,Back injury - Unknown return date,2026-07-23T12:01:23.690880Z,0.0,0,0,0
2026-09-01T05:08:38+00:00,417,216051,Dalot,16,2,50,0,0,-66.8,-96,,False,-71.2,-77.0,-82.9,-3,-3,-3,4505,16845,12695,50477,2.3,a,,,,1.5,2,3,83
2026-09-01T05:08:38+00:00,418,95658,Maguire,16,2,50,0,0,-30.6,-330,,False,-32.8,-35.8,-38.8,-2,-2,-2,25188,113979,78141,220290,15.7,a,,,,2.5,4,5,180
2026-09-01T05:08:38+00:00,419,221820,Martinez,16,2,50,0,0,-59.2,-34,,False,-62.0,-65.8,-69.6,-3,-3,-3,4067,8459,10842,28034,1.3,a,100,,2026-07-24T20:00:10.337107Z,0.5,1,1,90
2026-09-01T05:08:38+00:00,420,550864,Yoro,16,2,49,-1,-1,-1.4,-41,,False,-5.7,-11.4,-17.1,-1,-1,-1,702,5634,2238,16378,0.6,a,,,,0.5,1,1,16
2026-09-01T05:08:38+00:00,421,606745,Heaven,16,2,45,0,0,-51.5,-46,,False,-64.3,-81.4,-98.5,-3,-3,-4,803,4231,3891,8422,0.4,a,,,,0.5,0,1,90
2026-09-01T05:08:38+00:00,422,230001,Mazraoui,16,2,45,0,0,-22.3,-26,,False,-26.4,-31.8,-37.2,-2,-2,-2,1867,6307,7721,12399,0.7,a,,,,1.0,1,2,96
2026-09-01T05:08:38+00:00,423,106760,Shaw,16,2,45,0,0,-39.6,-755,,False,-44.1,-50.1,-56.1,-3,-3,-3,15388,137265,58315,254354,17.7,a,,,,1.5,2,3,162
2026-09-01T05:08:38+00:00,424,577974,Amass,16,2,40,0,0,-28.2,-5,,False,-31.1,-34.8,-38.6,-2,-2,-2,684,1186,1572,3167,0.2,a,,,,0.0,0,0,0
2026-09-01T05:08:38+00:00,425,547676,Fredricson,16,2,40,0,0,0.0,0,,False,0.0,0.0,0.0,0,0,0,0,191,0,871,0.0,u,0,Has joined Lausanne-Sport permanently,2026-08-18T14:12:31.904433Z,0.0,0,0,0
2026-09-01T05:08:38+00:00,426,141746,B.Fernandes,16,3,120,0,0,-17.1,819,,False,-15.4,-12.9,-10.5,-1,-1,-1,192004,184169,240522,412749,48.1,a,,,,12.5,23,25,180
2026-09-01T05:08:38+00:00,427,446008,Mbeumo,16,3,80,0,0,-63.4,-1503,,False,-68.5,-75.2,-81.9,-3,-3,-3,39522,359235,121747,579423,31.5,a,,,,6.5,11,13,180
2026-09-01T05:08:38+00:00,428,430871,Cunha,16,3,80,0,0,-65.7,-282,,False,-69.1,-73.8,-78.5,-3,-3,-3,11374,74301,38228,167258,8.6,a,,,,5.5,9,11,158
2026-09-01T05:08:38+00:00,429,176297,Rashford,16,3,70,0,0,-44.3,-21,,False,-45.7,-47.5,-49.4,-3,-3,-3,9576,18735,24640,40813,1.6,a,,,,1.5,2,3,124
2026-09-01T05:08:38+00:00,430,184341,Mount,16,3,55,0,0,-74.5,-3,,False,-80.2,-87.7,-95.3,-3,-3,-4,31,286,66,981,0.0,d,75,Foot injury - 75% chance of playing,2026-08-15T16:00:07.879135Z,0.0,0,0,0
2026-09-01T05:08:38+00:00,431,493250,Amad,16,3,59,0,-1,-75.4,-166,,False,-84.5,-96.6,-108.7,-3,-4,-5,136,22543,1712,82002,0.7,i,0,Unspecified injury - Unknown return date,2026-08-22T11:00:08.617283Z,0.0,0,0,0
2026-09-01T05:08:38+00:00,432,516895,Mainoo,16,3,55,0,0,-38.0,84,,False,-29.3,-17.6,-5.9,-2,-1,-1,8230,6629,11690,20322,1.0,a,,,,2.5,4,5,102
2026-09-01T05:08:38+00:00,433,232112,Ugarte,16,3,50,0,0,-46.7,0,,False,-46.7,-46.7,-46.7,-3,-3,-3,14,44,38,132,0.0,i,0,Knee injury - Unknown return date,2026-07-23T12:01:23.706702Z,0.0,0,0,0
2026-09-01T05:08:38+00:00,434,547037,J.Fletcher,16,3,50,0,0,-68.0,0,,False,-68.0,-68.0,-68.0,-3,-3,-3,39,92,80,261,0.0,a,,,,0.0,0,0,0
2026-09-01T05:08:38+00:00,435,576628,Lacey,16,3,50,0,0,-53.4,-2,,False,-58.2,-64.7,-71.1,-3,-3,-3,187,568,514,1158,0.1,a,,,,0.5,0,1,10
2026-09-01T05:08:38+00:00,436,490881,Collyer,16,3,50,0,0,-54.5,-2,,False,-68.9,-88.1,-107.4,-3,-3,-5,77,123,137,357,0.0,a,,,,0.0,0,0,0
2026-09-01T05:08:38+00:00,437,576620,Bendito Mantato,16,3,45,0,0,-39.3,-4,,False,-41.6,-44.7,-47.9,-3,-3,-3,893,1425,1854,3796,0.2,a,,,,0.0,0,0,0
2026-09-01T05:08:38+00:00,438,519913,Fletcher,16,3,45,0,0,-47.0,-2,,False,-47.6,-48.4,-49.2,-3,-3,-3,1000,2233,2328,6217,0.3,a,,,,0.0,0,0,0
2026-09-01T05:08:38+00:00,439,485711,Šeško,16,4,70,0,0,0.5,-187,,False,-8.6,-24.2,-39.8,-1,-2,-2,8566,25231,39120,40357,1.7,a,100,,2026-07-23T12:01:23.722029Z,1.0,1,2,33
2026-09-01T05:08:38+00:00,440,458249,Zirkzee,16,4,54,-1,-1,-18.2,-54,,False,-25.0,-34.1,-43.1,-2,-2,-3,2623,6517,4668,19648,0.5,a,,,,0.0,0,0,0
2026-09-01T05:08:38+00:00,441,596047,Obi,16,4,45,0,0,-11.0,6,,False,-10.5,-9.7,-9.0,-1,-1,-1,9195,7448,15511,19017,1.2,a,,,,0.0,0,0,0
2026-09-01T05:08:38+00:00,405,465694,N.Gonzalez,17,3,55,0,0,2.0,24,,False,2.3,2.6,2.9,1,1,1,4758,1335,7145,3077,0.2,a,,,,1.0,2,2,70
2026-09-01T05:08:38+00:00,442,98747,Pope,17,1,50,0,0,-64.8,-79,,False,-71.8,-81.2,-90.5,-3,-3,-3,2511,9874,5217,22178,1.2,a,,,,0.0,0,0,0
2026-09-01T05:08:38+00:00,443,81441,Gillespie,17,1,45,0,0,-14.5,-1,,False,-18.0,-22.8,-27.5,-1,-2,-2,115,194,277,425,0.0,a,,,,0.0,0,0,0
2026-09-01T05:08:38+00:00,444,554578,Jaouen,17,1,45,0,0,-64.3,-1,,False,-69.0,-75.3,-81.5,-3,-3,-3,90,270,214,618,0.0,a,,,,0.0,0,0,0
2026-09-01T05:08:38+00:00,445,465642,Thiaw,17,2,50,0,0,8.9,66,,False,9.5,10.4,11.3,1,1,1,24918,12805,44716,23703,1.9,a,,,,4.5,6,9,180
2026-09-01T05:08:38+00:00,446,119471,Schär,17,2,50,0,0,-25.2,-16,,False,-31.7,-40.6,-49.4,-2,-3,-3,950,2648,2845,4533,0.2,a,100,,2026-08-15T16:30:07.209742Z,0.5,0,1,1
2026-09-01T05:08:38+00:00,447,220237,Botman,17,2,50,0,0,5.3,49,,False,5.8,6.5,7.1,1,1,1,7589,2906,16474,6188,0.6,a,,,,4.0,5,8,180
2026-09-01T05:08:38+00:00,448,78916,Burn,17,2,49,-1,-1,-12.5,-134,,False,-14.7,-17.7,-20.8,-1,-1,-2,383,27234,6630,102545,1.3,i,0,Ankle injury - Expected back 14 Sep,2026-08-23T18:00:08.367241Z,0.0,0,0,0
2026-09-01T05:08:38+00:00,449,487838,Hall,17,2,50,0,0,97.1,1651,,False,113.9,136.3,158.7,5,5,5,239751,26002,292452,45438,6.8,a,,,,7.0,11,14,180
2026-09-01T05:08:38+00:00,450,441191,Livramento,17,2,50,0,0,-98.5,0,,False,-98.5,-98.5,-98.5,-4,-4,-4,56,482,147,1710,0.0,i,0,Calf injury - Unknown return date,2026-07-23T12:01:23.753221Z,0.0,0,0,0
2026-09-01T05:08:38+00:00,451,545477,A.Murphy,17,2,40,0,0,0.0,-5,,False,0.0,0.0,0.0,0,0,0,0,1152,0,4428,0.1,u,0,Has joined FC Kaiserslautern on loan for the rest of the season,2026-08-12T14:05:29.224600Z,0.0,0,0,0
2026-09-01T05:08:38+00:00,453,201666,Barnes,17,3,60,0,0,2.5,9,,False,2.6,2.7,2.9,1,1,1,8243,10121,23238,20451,1.1,a,,,,2.5,3,5,180
2026-09-01T05:08:38+00:00,454,449434,Elanga,17,3,61,1,1,18.7,2717,,False,28.9,42.5,56.1,2,3,3,379887,30670,475328,42543,6.5,a,,,,8.5,8,17,156
2026-09-01T05:08:38+00:00,456,232653,J.Ramsey,17,3,50,0,0,-70.8,-16,,False,-75.9,-82.8,-89.6,-3,-3,-3,931,3135,2373,7815,0.3,a,,,,0.5,1,1,42
2026-09-01T05:08:38+00:00,457,114243,J.Murphy,17,3,59,-1,-1,-1.4,-12,,False,-6.5,-13.4,-20.2,-1,-1,-2,434,1790,1151,4472,0.1,a,,,,0.5,1,1,22
2026-09-01T05:08:38+00:00,458,180974,Joelinton,17,3,54,-1,-1,-0.5,-4,,False,-4.2,-9.1,-14.0,-1,-1,-1,58,357,106,1425,0.0,i,0,Unspecified injury - Unknown return date,2026-08-16T08:00:08.074045Z,0.0,0,0,0
2026-09-01T05:08:38+00:00,459,547719,L.Miley,17,3,55,0,0,0.6,4,,False,0.6,0.7,0.7,1,1,1,981,687,2372,1221,0.1,a,100,,2026-07-23T12:01:23.785456Z,3.0,3,6,165
2026-09-01T05:08:38+00:00,460,200089,Willock,17,3,50,0,0,6.2,65,,False,6.8,7.7,8.6,1,1,1,10245,3138,19008,5070,0.3,a,,,,4.5,3,9,104
2026-09-01T05:08:38+00:00,461,611665,Touré,17,3,59,-1,-1,-27.2,-10,,False,-30.5,-34.9,-39.3,-2,-2,-2,413,3381,926,7839,0.2,a,,,,0.5,1,1,1
2026-09-01T05:08:38+00:00,462,636852,Steur,17,3,50,0,0,-48.1,-4,,False,-52.6,-58.5,-64.5,-3,-3,-3,313,1272,1075,2272,0.1,a,,,,1.0,1,2,74
2026-09-01T05:08:38+00:00,463,470313,Woltemade,17,4,59,-1,-1,-2.5,-171,,False,-10.0,-20.1,-30.2,-1,-2,-2,5131,16969,12324,47753,1.4,a,,,,2.0,4,4,19
2026-09-01T05:08:38+00:00,464,216646,Wissa,17,4,61,1,1,21.9,3764,,False,36.0,54.9,73.7,2,3,3,438850,33742,597807,57830,8.6,a,,,,6.0,8,12,171
2026-09-01T05:08:38+00:00,465,538207,Osula,17,4,60,0,0,-80.7,-150,,False,-89.3,-100.7,-112.2,-3,-5,-5,286,22579,20630,49086,0.7,i,0,Foot injury - Unknown return date,2026-08-25T19:00:08.004915Z,2.0,0,4,55
2026-09-01T05:08:38+00:00,466,599303,Neave,17,4,45,0,0,1.1,29,,False,1.4,1.8,2.2,1,1,1,8581,5637,15059,13762,0.8,a,,,,0.0,0,0,0
2026-09-01T05:08:38+00:00,559,632794,Bamba,17,3,50,0,0,-60.7,-6,,False,-65.5,-71.9,-78.4,-3,-3,-3,473,1375,1163,3042,0.1,a,,,,0.5,0,1,14
2026-09-01T05:08:38+00:00,567,470551,Horníček,17,1,50,0,0,6.9,115,,False,8.1,9.6,11.2,1,1,1,25871,6813,31408,11071,1.0,a,,,,4.0,7,8,180
2026-09-01T05:08:38+00:00,593,463726,Dedić,17,2,45,0,0,0.0,0,2026-09-01T14:00:38.519566Z,False,0.0,0.0,0.0,0,0,0,109823,13992,120182,16148,1.5,a,,,,6.0,11,12,180
2026-09-01T05:08:38+00:00,609,553746,Shahar,17,2,40,0,0,0.0,0,2026-09-05T18:21:27.993732Z,False,0.0,0.0,0.0,0,0,0,5855,1567,9848,2212,0.2,a,,,,0.0,0,0,0
2026-09-01T05:08:38+00:00,167,463034,Delap,18,4,55,0,0,5.5,87,,False,6.4,7.5,8.7,1,1,1,17272,5537,25012,13102,0.6,a,,,,0.5,1,1,24
2026-09-01T05:08:38+00:00,467,85633,Sels,18,1,50,0,0,-30.5,-15,,False,-31.6,-33.0,-34.4,-2,-2,-2,3877,7487,7227,19233,1.5,a,,,,1.5,1,3,180
2026-09-01T05:08:38+00:00,468,221389,John,18,1,45,0,0,-29.7,-4,,False,-35.6,-43.6,-51.5,-2,-3,-3,110,319,288,785,0.1,a,,,,0.0,0,0,0
2026-09-01T05:08:38+00:00,469,215136,N.Williams,18,2,50,0,0,-33.3,35,,False,-32.9,-32.3,-31.8,-2,-2,-2,25412,35955,39562,118089,8.6,a,,,,4.0,6,8,180
2026-09-01T05:08:38+00:00,470,485047,Morato,18,2,50,0,0,-81.8,-4,,False,-91.5,-104.4,-117.3,-3,-5,-5,126,442,356,1109,0.0,a,,,,0.0,0,0,0
2026-09-01T05:08:38+00:00,471,227444,Milenković,18,2,55,0,0,-43.4,-37,,False,-45.6,-48.7,-51.8,-3,-3,-3,2763,7305,5354,24346,1.7,a,,,,2.5,3,5,180
2026-09-01T05:08:38+00:00,472,575476,Murillo,18,2,55,0,0,-15.0,-47,,False,-18.1,-22.2,-26.3,-1,-2,-2,4721,8758,13301,20595,1.6,a,100,,2026-07-23T12:01:23.801183Z,2.5,1,5,180
2026-09-01T05:08:38+00:00,473,159506,Aina,18,2,45,0,0,-15.5,-103,,False,-18.8,-23.2,-27.6,-1,-2,-2,10932,22836,28702,45673,3.3,a,,,,2.5,0,5,158
2026-09-01T05:08:38+00:00,474,575458,Jair Cunha,18,2,45,0,0,-33.5,-4,,False,-35.6,-38.4,-41.1,-2,-2,-3,457,898,716,2457,0.2,a,,,,1.0,1,2,180
2026-09-01T05:08:38+00:00,475,500151,Savona,18,2,45,0,0,0.0,0,,False,0.0,0.0,0.0,0,0,0,13,37,126,85,0.0,i,0,Knee injury - Unknown return date,2026-07-23T12:01:23.816304Z,0.0,0,0,0
2026-09-01T05:08:38+00:00,476,204822,O.Richards,18,2,40,0,0,-32.3,-7,,False,-35.5,-39.9,-44.2,-2,-2,-3,497,1068,992,3076,0.2,a,,,,0.0,0,0,0
2026-09-01T05:08:38+00:00,477,549067,Abbott,18,2,40,0,0,-20.8,-3,,False,-22.2,-24.1,-26.0,-2,-2,-2,885,1315,1881,3538,0.2,a,,,,0.0,0,0,0
2026-09-01T05:08:38+00:00,478,470315,Netz,18,2,45,0,0,-39.2,0,,False,-39.2,-39.2,-39.2,-2,-2,-2,94,218,206,506,0.0,a,,,,1.0,1,2,20
2026-09-01T05:08:38+00:00,479,538638,Bindon,18,2,40,0,0,-27.3,-4,,False,-29.7,-32.9,-36.1,-2,-2,-2,369,797,734,2214,0.2,a,,,,0.0,0,0,0
2026-09-01T05:08:38+00:00,480,222531,Gibbs-White,18,3,79,-1,-1,15.3,248,,False,17.8,21.2,24.6,1,2,2,84931,52366,93711,335459,8.9,a,100,,2026-08-24T15:30:08.350159Z,7.5,13,15,180
2026-09-01T05:08:38+00:00,482,209046,Hudson-Odoi,18,3,59,-1,-1,-18.5,-20,,False,-24.4,-32.3,-40.3,-2,-2,-3,813,2291,1539,7775,0.2,a,100,,2026-07-23T12:01:23.832709Z,0.5,1,1,1
2026-09-01T05:08:38+00:00,483,456512,Ndoye,18,3,55,0,0,3.6,72,,False,4.3,5.3,6.3,1,1,1,16935,4587,18426,9849,0.6,a,,,,6.0,9,12,126
2026-09-01T05:08:38+00:00,484,503301,Hutchinson,18,3,54,-1,-1,-1.4,-12,,False,-6.5,-13.4,-20.3,-1,-1,-2,179,1478,393,3724,0.1,a,,,,0.0,0,0,0
2026-09-01T05:08:38+00:00,485,476887,Bakwa,18,3,55,0,0,0.0,0,,False,0.0,0.0,0.0,0,0,0,0,319,107,724,0.0,u,0,Has joined Lille on loan for the rest of the season,2026-08-27T14:53:03.381941Z,0.0,0,0,0
2026-09-01T05:08:38+00:00,486,432714,McAtee,18,3,55,0,0,0.7,11,,False,0.8,0.9,1.1,1,1,1,1831,624,2505,1099,0.1,a,,,,2.5,2,5,163
2026-09-01T05:08:38+00:00,487,250199,Dominguez,18,3,50,0,0,-70.4,2,,False,-68.2,-65.3,-62.4,-3,-3,-3,185,533,399,1595,0.1,a,,,,0.5,1,1,1
2026-09-01T05:08:38+00:00,488,210462,I.Sangaré,18,3,50,0,0,-75.0,-146,,False,-82.7,-92.9,-103.2,-3,-3,-5,124,14597,2974,32574,0.7,i,0,Calf injury - Unknown return date,2026-08-28T09:30:07.471668Z,1.0,0,2,90
2026-09-01T05:08:38+00:00,489,204968,Yates,18,3,45,0,0,-0.1,0,2026-09-05T09:30:07.492167Z,False,-0.1,-0.1,-0.1,-1,-1,-1,9828,9707,11571,46790,1.5,a,100,,2026-08-17T20:30:08.195072Z,0.0,0,0,0
2026-09-01T05:08:38+00:00,490,60689,Wood,18,4,59,-1,-1,-24.4,-115,,False,-29.6,-36.7,-43.8,-2,-2,-3,3689,22281,8258,51632,1.4,a,,,,0.5,0,1,28
2026-09-01T05:08:38+00:00,491,482973,Igor Jesus,18,4,60,0,0,-101.9,-168,,False,-107.3,-114.5,-121.6,-5,-5,-5,9548,38639,19785,97189,3.3,a,,,,1.5,1,3,180
2026-09-01T05:08:38+00:00,493,465680,Kalimuendo,18,4,55,0,0,-82.8,0,,False,-82.8,-82.8,-82.8,-3,-3,-3,218,640,557,1397,0.0,a,,,,0.5,0,1,1
2026-09-01T05:08:38+00:00,558,204561,Schlager,18,3,50,0,0,-36.1,0,,False,-36.1,-36.1,-36.1,-2,-2,-2,663,556,821,1700,0.1,a,,,,2.5,4,5,106
2026-09-01T05:08:38+00:00,581,568420,Diomande,18,2,55,0,0,-77.8,-40,,False,-84.3,-92.9,-101.6,-3,-3,-5,1731,8230,5215,20331,0.7,a,,,,0.0,0,0,0
2026-09-01T05:08:38+00:00,590,428971,Benda,18,1,45,0,0,0.0,5,,False,0.1,0.1,0.2,1,1,1,477,434,1102,978,0.1,a,,,,0.0,0,0,0
2026-09-01T05:08:38+00:00,112,469142,Van Hecke,19,2,50,0,0,-73.8,-664,,False,-82.1,-93.3,-104.5,-3,-3,-5,9253,101144,45857,199912,8.4,a,,,,1.0,1,2,180
2026-09-01T05:08:38+00:00,401,438234,Marmoush,19,4,70,0,0,25.7,214,,False,27.9,30.8,33.7,2,2,2,52851,17822,92659,37183,1.8,a,,,,1.0,2,2,90
2026-09-01T05:08:38+00:00,403,510281,Sávio,19,3,65,0,0,19.2,-94,,False,18.2,16.9,15.6,1,1,1,10898,17965,66645,24829,0.8,d,75,Muscular injury - 75% chance of playing,2026-08-29T16:30:08.380416Z,0.0,0,0,0
2026-09-01T05:08:38+00:00,455,432422,Tonali,19,3,54,-1,-1,-2.0,-263,,False,-7.0,-13.7,-20.4,-1,-1,-2,4658,47194,18777,99410,3.2,a,,,,2.0,2,4,164
2026-09-01T05:08:38+00:00,494,184254,Vicario,19,1,45,0,0,0.0,-26,,False,0.0,0.0,0.0,0,0,0,0,3546,0,14983,0.2,u,0,Has joined Juventus on loan for the rest of the season,2026-08-19T13:55:33.193962Z,0.0,0,0,0
2026-09-01T05:08:38+00:00,495,214572,Austin,19,1,40,0,0,0.4,5,,False,0.5,0.5,0.6,1,1,1,4157,2600,7369,6302,0.9,a,,,,0.0,0,0,0
2026-09-01T05:08:38+00:00,496,485055,Kinsky,19,1,45,0,0,-19.7,-413,,False,-21.7,-24.5,-27.3,-2,-2,-2,20842,122688,61467,204839,20.9,a,,,,1.5,1,3,180
2026-09-01T05:08:38+00:00,497,67089,Dubravka,19,1,40,0,0,-7.7,-75,,False,-8.1,-8.7,-9.3,-1,-1,-1,51875,53306,86961,117123,18.2,a,,,,0.0,0,0,0
2026-09-01T05:08:38+00:00,498,221466,Senesi,19,2,60,0,0,-95.2,-885,,False,-109.7,-129.1,-148.5,-5,-5,-5,3110,94275,19052,158510,6.5,a,,,,1.5,0,3,90
2026-09-01T05:08:38+00:00,499,441164,Pedro Porro,19,2,55,0,0,-5.7,-721,,False,-11.7,-19.8,-27.9,-1,-1,-2,26880,100230,47454,417748,12.6,a,100,,2026-08-21T15:22:48.149081Z,0.5,1,1,90
2026-09-01T05:08:38+00:00,500,221632,Romero,19,2,50,0,0,0.0,-12,,False,0.0,0.0,0.0,0,0,0,0,2412,0,13191,0.1,u,0,Has joined Atletico Madrid permanently,2026-08-17T13:49:05.465401Z,0.0,0,0,0
2026-09-01T05:08:38+00:00,501,135720,Danso,19,2,50,0,0,-76.6,-21,,False,-90.4,-108.8,-127.3,-3,-5,-5,338,1721,1358,4153,0.2,a,,,,0.0,0,0,0
2026-09-01T05:08:38+00:00,502,122798,Robertson,19,2,45,0,0,-15.7,-94,,False,-18.5,-22.2,-25.9,-1,-2,-2,7331,27046,29502,50344,3.5,a,,,,2.5,2,5,157
2026-09-01T05:08:38+00:00,503,491279,Van de Ven,19,2,50,0,0,-5.9,-223,,False,-11.7,-19.6,-27.4,-1,-1,-2,9070,37371,17444,162074,4.0,a,100,,2026-08-21T15:00:07.610517Z,0.0,0,0,90
2026-09-01T05:08:38+00:00,505,232859,Spence,19,2,45,0,0,0.0,-46,,False,0.0,0.0,0.0,0,0,0,0,9162,0,54944,0.4,u,0,Has joined Internazionale permanently,2026-08-18T14:13:08.454214Z,0.0,0,0,0
2026-09-01T05:08:38+00:00,506,487053,Udogie,19,2,45,0,0,-54.3,-20,,False,-58.9,-65.0,-71.2,-3,-3,-3,606,3292,2291,7984,0.4,a,,,,1.0,1,2,26
2026-09-01T05:08:38+00:00,507,548308,Phillips,19,2,45,0,0,0.0,0,,False,0.0,0.0,0.0,0,0,0,0,202,0,860,0.0,u,0,Has joined Middlesbrough permanently,2026-08-18T14:13:08.474144Z,0.0,0,0,0
2026-09-01T05:08:38+00:00,508,115556,Davies,19,2,40,0,0,-38.0,-25,,False,-40.7,-44.2,-47.7,-3,-3,-3,1795,5837,4672,14820,1.0,a,,,,0.0,0,0,0
2026-09-01T05:08:38+00:00,509,640419,Byfield,19,2,40,0,0,-16.7,0,,False,-16.7,-16.7,-16.7,-1,-1,-1,240,308,559,866,0.1,a,,,,0.0,0,0,0
2026-09-01T05:08:38+00:00,510,499716,Rowswell,19,2,40,0,0,-23.0,-2,,False,-25.5,-28.7,-31.9,-2,-2,-2,277,462,612,1157,0.1,a,,,,0.0,0,0,0
2026-09-01T05:08:38+00:00,511,616221,Souza,19,2,40,0,0,-25.2,-3,,False,-26.4,-28.0,-29.6,-2,-2,-2,1180,1731,2373,4425,0.3,a,,,,0.0,0,0,0
2026-09-01T05:08:38+00:00,512,460842,Kudus,19,3,65,0,0,0.4,9,,False,0.5,0.6,0.7,1,1,1,1844,984,2113,3390,0.1,a,100,,2026-07-23T12:01:23.848657Z,0.5,1,1,22
2026-09-01T05:08:38+00:00,513,493362,Xavi,19,3,60,0,0,-66.0,-1,,False,-69.4,-73.8,-78.3,-3,-3,-3,41,215,118,571,0.0,i,0,Knee injury - Unknown return date,2026-07-23T12:01:23.864304Z,0.0,0,0,0
2026-09-01T05:08:38+00:00,514,511499,Tel,19,3,59,-1,-1,-15.4,-40,,False,-21.5,-29.6,-37.7,-2,-2,-2,918,9002,5092,19463,0.4,a,,,,2.0,2,4,157
2026-09-01T05:08:38+00:00,515,172780,Maddison,19,3,64,-1,-1,-41.4,-165,,False,-48.8,-58.7,-68.6,-3,-3,-3,114,20903,2800,57889,0.7,d,75,Shoulder injury - 75% chance of playing,2026-08-25T14:30:07.623508Z,0.5,0,1,22
2026-09-01T05:08:38+00:00,516,202993,Bentancur,19,3,55,0,0,-54.3,-6,,False,-57.8,-62.4,-67.1,-3,-3,-3,414,1204,1016,3235,0.2,a,,,,1.5,2,3,135
2026-09-01T05:08:38+00:00,517,550839,Odobert,19,3,55,0,0,-26.6,0,,False,-26.6,-26.6,-26.6,-2,-2,-2,13,24,29,43,0.0,i,0,Knee injury - Unknown return date,2026-07-23T12:01:23.879434Z,0.0,0,0,0
2026-09-01T05:08:38+00:00,518,482442,P.M.Sarr,19,3,49,0,-1,-0.0,0,2026-09-05T18:30:08.546151Z,False,-0.0,-0.0,-0.0,0,0,0,3418,2130,3531,12594,0.2,a,100,,2026-08-21T14:30:08.419690Z,0.0,0,0,0
2026-09-01T05:08:38+00:00,519,232787,Gallagher,19,3,54,-1,-1,-8.7,-24,,False,-14.7,-22.7,-30.7,-1,-2,-2,581,3203,1789,7850,0.2,a,,,,0.0,0,0,45
2026-09-01T05:08:38+00:00,520,570526,Bergvall,19,3,55,0,0,-73.9,-8,,False,-78.4,-84.4,-90.5,-3,-3,-3,253,1671,888,3870,0.2,a,,,,0.5,0,1,45
2026-09-01T05:08:38+00:00,521,445044,Kulusevski,19,3,65,0,0,-45.1,-2,,False,-52.0,-61.4,-70.7,-3,-3,-3,37,86,112,327,0.0,i,0,Knee injury - Unknown return date,2026-07-23T12:01:23.895175Z,0.0,0,0,0
2026-09-01T05:08:38+00:00,522,547701,Gray,19,3,50,0,0,-25.8,-10,,False,-30.5,-36.7,-42.9,-2,-2,-3,1212,1987,2923,4531,0.2,a,,,,2.0,2,4,152
2026-09-01T05:08:38+00:00,523,499721,Moore,19,3,50,0,0,-38.1,-18,,False,-49.0,-63.6,-78.1,-3,-3,-3,631,2394,3050,4920,0.2,a,,,,1.5,1,3,89
2026-09-01T05:08:38+00:00,524,499726,Olusesi,19,3,45,0,0,-58.0,-16,,False,-60.2,-63.3,-66.3,-3,-3,-3,808,5100,2822,14412,0.8,a,,,,0.0,0,0,0
2026-09-01T05:08:38+00:00,525,551226,Fernandes,19,3,59,-1,-1,-11.7,-127,,False,-17.3,-24.8,-32.4,-1,-2,-2,2163,22058,6692,53387,1.4,a,,,,1.5,2,3,135
2026-09-01T05:08:38+00:00,526,154566,Solanke,19,4,59,-1,-1,-2.0,-137,,False,-9.2,-18.9,-28.6,-1,-1,-2,3235,17684,11447,38502,1.2,a,,,,1.0,1,2,37
2026-09-01T05:08:38+00:00,527,212319,Richarlison,19,4,59,-1,-1,-17.4,-369,,False,-27.6,-41.3,-55.0,-2,-3,-3,4019,54175,18742,100646,2.2,a,,,,1.0,0,2,67
2026-09-01T05:08:38+00:00,528,490145,Scarlett,19,4,45,0,0,2.3,82,,False,3.2,4.3,5.4,1,1,1,19718,12137,32902,29317,1.9,a,,,,0.0,0,0,0
2026-09-01T05:08:38+00:00,601,611917,Williams-Barnett,19,3,45,0,0,0.0,0,2026-09-04T19:30:49.058576Z,False,0.0,0.0,0.0,0,0,0,2361,1098,4997,1682,0.1,a,,,,0.0,0,0,0
2026-09-01T05:08:38+00:00,529,498016,Roefs,20,1,50,0,0,-35.1,-16,,False,-35.6,-36.2,-36.8,-2,-2,-2,4010,22717,8776,53051,3.6,a,,,,3.5,6,7,180
2026-09-01T05:08:38+00:00,530,232571,Patterson,20,1,40,0,0,0.0,-4,,False,0.0,0.0,0.0,0,0,0,0,959,0,3266,0.1,u,0,Has joined Wrexham permanently,2026-08-12T14:08:03.064533Z,0.0,0,0,0
2026-09-01T05:08:38+00:00,531,515046,Ellborg,20,1,45,0,0,-42.2,1,,False,-40.8,-38.9,-37.0,-3,-2,-2,157,434,366,1288,0.1,a,,,,0.0,0,0,0
2026-09-01T05:08:38+00:00,532,223827,Ballard,20,2,50,0,0,-51.4,-70,,False,-53.1,-55.2,-57.4,-3,-3,-3,6847,38296,19645,88000,4.5,a,,,,4.0,8,8,180
2026-09-01T05:08:38+00:00,533,200834,Mukiele,20,2,55,0,0,-58.6,50,,False,-56.4,-53.5,-50.6,-3,-3,-3,10607,11127,16195,49714,2.4,a,100,,2026-08-09T08:30:05.954750Z,4.5,9,9,90
2026-09-01T05:08:38+00:00,534,487676,Hume,20,2,45,0,0,-23.3,-66,,False,-24.5,-26.1,-27.7,-2,-2,-2,8202,36346,21821,73717,5.9,a,,,,4.0,6,8,169
2026-09-01T05:08:38+00:00,535,201895,Alderete,20,2,50,0,0,-61.7,-26,,False,-68.7,-78.0,-87.3,-3,-3,-3,842,4601,3439,9865,0.4,a,100,,2026-08-09T08:30:05.962393Z,0.5,0,1,23
2026-09-01T05:08:38+00:00,536,434399,Reinildo,20,2,45,0,0,-28.3,-2,,False,-28.6,-29.1,-29.6,-2,-2,-2,916,1826,1891,5404,0.4,a,,,,3.5,6,7,180
2026-09-01T05:08:38+00:00,537,519634,Seelt,20,2,45,0,0,0.0,-1,,False,0.0,0.0,0.0,0,0,0,3,204,61,331,0.0,u,0,Has joined Swansea City on loan for the rest of the season,2026-08-29T00:34:52.425076Z,0.0,0,0,0
2026-09-01T05:08:38+00:00,538,477547,Hjelde,20,2,40,0,0,0.0,-2,,False,0.0,0.0,0.0,0,0,0,0,410,0,1400,0.0,u,0,Has joined KV Mechelen on loan for the rest of the season,2026-08-12T14:08:03.081789Z,0.0,0,0,0
2026-09-01T05:08:38+00:00,539,167512,O'Nien,20,2,40,0,0,-24.2,-71,,False,-26.6,-29.7,-32.9,-2,-2,-2,2445,15311,7047,32850,3.2,a,,,,0.5,0,1,66
2026-09-01T05:08:38+00:00,540,105717,Masuaku,20,2,40,0,0,0.0,-6,,False,0.0,0.0,0.0,0,0,0,0,1862,0,6730,0.2,u,0,Has joined Konyaspor permanently,2026-08-12T14:08:03.097784Z,0.0,0,0,0
2026-09-01T05:08:38+00:00,541,93605,Meunier,20,2,45,0,0,-3.0,0,,False,-3.0,-3.0,-3.0,-1,-1,-1,1272,1029,2282,2747,0.3,a,100,,2026-08-16T08:30:07.830062Z,3.5,6,7,180
2026-09-01T05:08:38+00:00,542,484420,E.Le Fée,20,3,59,-1,-1,-14.7,-690,,False,-20.7,-28.6,-36.6,-2,-2,-2,3230,120551,14616,235661,7.2,a,,,,2.5,3,5,168
2026-09-01T05:08:38+00:00,543,547027,Diarra,20,3,55,0,0,-66.9,-5,,False,-71.8,-78.4,-84.9,-3,-3,-3,108,866,443,2043,0.1,d,75,Unspecified injury - 75% chance of playing,2026-08-30T16:30:08.428960Z,2.5,4,5,28
2026-09-01T05:08:38+00:00,544,84450,Xhaka,20,3,55,0,0,12.5,20,,False,12.7,13.0,13.2,1,1,1,19469,20964,62250,39179,4.6,a,,,,7.5,6,15,180
2026-09-01T05:08:38+00:00,545,577669,Sadiki,20,3,50,0,0,-42.3,-6,,False,-44.3,-47.1,-49.8,-3,-3,-3,909,2231,2074,5728,0.3,a,,,,2.5,3,5,180
2026-09-01T05:08:38+00:00,546,535818,Adingra,20,3,49,-1,-1,-15.1,-2,,False,-16.1,-17.5,-18.8,-1,-1,-1,126,1012,179,4571,0.1,i,0,Ankle injury - Unknown return date,2026-08-20T14:00:08.416985Z,0.0,0,0,0
2026-09-01T05:08:38+00:00,547,461199,Mundle,20,3,50,0,0,-77.9,-1,,False,-93.1,-113.4,-133.8,-3,-5,-5,35,70,75,220,0.0,a,,,,0.5,1,1,1
2026-09-01T05:08:38+00:00,548,554197,Rigg,20,3,50,0,0,-60.4,-1,,False,-62.5,-65.2,-67.9,-3,-3,-3,68,410,167,1030,0.1,a,,,,1.0,1,2,17
2026-09-01T05:08:38+00:00,549,549912,Talbi,20,3,54,-1,-1,-2.1,-14,,False,-6.7,-12.8,-19.0,-1,-1,-1,131,1940,415,4784,0.2,a,,,,0.5,0,1,31
2026-09-01T05:08:38+00:00,550,699989,Jocelin.T,20,3,50,0,0,-50.0,0,,False,-50.0,-50.0,-50.0,-3,-3,-3,39,50,90,151,0.0,a,,,,0.0,0,0,0
2026-09-01T05:08:38+00:00,551,536661,Angulo,20,3,50,0,0,2.3,5,,False,2.3,2.4,2.4,1,1,1,2398,1422,7741,2801,0.1,a,,,,4.0,3,8,122
2026-09-01T05:08:38+00:00,552,441264,Brobbey,20,4,60,0,0,-83.3,-864,,False,-91.6,-102.8,-114.0,-3,-5,-5,13111,159322,51380,278949,10.9,a,,,,2.0,2,4,129
2026-09-01T05:08:38+00:00,553,437505,Isidor,20,4,55,0,0,-18.7,180,,False,0.1,2.6,5.0,1,1,1,13080,6261,15550,19182,0.9,a,,,,4.5,8,9,49
2026-09-01T05:08:38+00:00,612,638411,Methalie,20,2,45,0,0,0.0,0,2026-09-07T23:30:08.541669Z,False,0.0,0.0,0.0,0,0,0,91,33,186,60,0.0,a,100,,2026-08-28T13:00:08.950445Z,0.0,0,0,0
2026-09-01T05:08:38+00:00,613,696104,Ahoka,20,3,45,0,0,0.0,0,2026-09-08T14:02:40.674207Z,False,0.0,0.0,0.0,0,0,0,7354,2081,9829,2479,0.2,a,,,,0.0,0,0,0
