ts,element,code,web_name,team,element_type,now_cost,cost_change_event,cost_change_start,price_change_percent,price_change_hourly_rate,price_change_locked_until,price_change_calibrating,proj0_percent,proj1_percent,proj2_percent,proj0_likelihood,proj1_likelihood,proj2_likelihood,transfers_in_event,transfers_out_event,transfers_in,transfers_out,selected_by_percent,status,chance_of_playing_next_round,news,news_added,form,event_points,total_points,minutes
2026-10-01T00:32:18+00:00,1,154561,Raya,1,1,61,1,1,1.4,12,,False,1.4,1.5,1.5,1,1,1,125642,47350,966041,639754,42.3,a,,,,6.0,1,30,450
2026-10-01T00:32:18+00:00,2,109745,Arrizabalaga,1,1,49,0,-1,-48.8,0,,False,-48.8,-48.8,-48.8,-3,-3,-3,109,255,1486,4268,0.1,a,,,,0.0,0,0,0
2026-10-01T00:32:18+00:00,3,437495,Meslier,1,1,49,0,-1,-39.0,0,,False,-39.0,-39.0,-39.0,-2,-2,-2,46,122,513,1582,0.0,a,,,,0.0,0,0,0
2026-10-01T00:32:18+00:00,4,226597,Gabriel,1,2,80,0,0,-88.3,0,,False,-88.3,-88.3,-88.3,-3,-3,-3,24376,66124,234619,909015,22.7,a,,,,4.0,1,25,450
2026-10-01T00:32:18+00:00,5,445122,J.Timber,1,2,65,0,0,11.0,4,,False,11.1,11.1,11.2,1,1,1,12443,4076,34099,14829,0.4,a,100,,2026-07-23T12:01:23.272929Z,0.3,0,1,104
2026-10-01T00:32:18+00:00,6,462424,Saliba,1,2,59,0,-1,-25.3,-1,,False,-25.6,-25.9,-26.2,-2,-2,-2,388,1097,3470,18650,0.2,i,0,Back injury - Unknown return date,2026-07-23T12:01:23.289376Z,0.0,0,0,0
2026-10-01T00:32:18+00:00,7,499169,Lewis-Skelly,1,3,54,-1,-1,-15.8,-2,,False,-16.1,-16.5,-16.9,-1,-1,-1,912,4930,29589,49734,0.6,a,,,,1.0,0,9,271
2026-10-01T00:32:18+00:00,8,466075,Calafiori,1,2,58,0,3,93.6,5,,False,93.7,93.7,93.8,3,3,3,75676,63176,1655684,401683,50.5,a,,,,3.0,1,29,416
2026-10-01T00:32:18+00:00,9,448104,Hincapie,1,2,52,-1,-3,-5.5,0,,False,-5.5,-5.5,-5.5,-1,-1,-1,1431,5700,16250,117411,0.9,a,,,,0.3,0,2,32
2026-10-01T00:32:18+00:00,10,198869,White,1,2,55,0,0,-47.8,-11,,False,-48.0,-48.2,-48.3,-3,-3,-3,3244,66905,456002,565686,4.9,d,75,Groin injury - 75% chance of playing,2026-09-20T19:30:08.247780Z,1.0,0,21,315
2026-10-01T00:32:18+00:00,11,500040,Mosquera,1,2,53,0,-2,-25.2,0,,False,-25.2,-25.2,-25.2,-2,-2,-2,1191,9373,31356,468102,1.6,a,100,,2026-09-04T14:00:08.080310Z,0.0,0,12,168
2026-10-01T00:32:18+00:00,12,223340,Saka,1,3,95,0,0,90.7,20,,False,91.0,91.3,91.6,3,3,3,107821,47002,787443,396853,13.7,a,,,,4.0,2,32,416
2026-10-01T00:32:18+00:00,13,204480,Rice,1,3,74,0,-1,-33.6,-32,,False,-33.9,-34.1,-34.3,-2,-2,-2,7558,82564,119404,725238,11.6,d,75,Unspecified injury - 75% chance of playing,2026-09-21T13:00:08.896379Z,4.0,1,20,411
2026-10-01T00:32:18+00:00,14,232413,Eze,1,3,62,-1,-3,-0.7,0,,False,-0.7,-0.7,-0.7,-1,-1,-1,2259,6751,23178,139595,1.0,a,,,,0.7,1,4,85
2026-10-01T00:32:18+00:00,15,184029,Ødegaard,1,3,68,0,3,-1.3,24,,False,-0.9,-0.6,-0.2,-1,-1,-1,75889,87831,1631609,547280,19.8,a,,,,5.0,2,29,377
2026-10-01T00:32:18+00:00,16,248857,Madueke,1,3,62,0,-3,-25.5,0,,False,-25.5,-25.5,-25.5,-2,-2,-2,738,1559,6018,25979,0.2,a,,,,0.3,0,2,23
2026-10-01T00:32:18+00:00,17,195384,Merino,1,3,57,-1,-3,0.0,0,,False,0.0,0.0,0.0,0,0,0,742,2869,9479,48159,0.4,a,,,,0.7,1,4,81
2026-10-01T00:32:18+00:00,18,444145,Martinelli,1,3,63,0,-2,0.0,0,,False,0.0,0.0,0.0,0,0,0,0,561,2483,21862,0.1,u,0,Has joined Al Hilal permanently,2026-09-04T12:34:46.738449Z,0.0,0,0,0
2026-10-01T00:32:18+00:00,19,481655,Zubimendi,1,3,53,0,-2,-47.5,0,,False,-47.5,-47.5,-47.5,-3,-3,-3,506,3692,8521,66635,0.6,a,,,,1.0,1,5,89
2026-10-01T00:32:18+00:00,20,616077,Dowman,1,3,53,0,-2,-26.4,0,,False,-26.4,-26.4,-26.4,-2,-2,-2,457,576,3045,7295,0.1,a,,,,0.3,1,1,9
2026-10-01T00:32:18+00:00,22,499175,Nwaneri,1,3,54,0,-1,0.0,0,,False,0.0,0.0,0.0,0,0,0,0,49,233,1249,0.0,u,0,Has joined Borussia Dortmund on loan for the rest of the season,2026-09-02T16:01:07.058827Z,0.0,0,0,0
2026-10-01T00:32:18+00:00,23,438098,Fábio Vieira,1,3,55,0,0,0.0,0,,False,0.0,0.0,0.0,0,0,0,0,39,255,918,0.0,u,0,Has joined Hamburger SV permanently,2026-09-02T16:00:28.446370Z,0.0,0,0,0
2026-10-01T00:32:18+00:00,24,200641,Nelson,1,3,55,0,0,0.0,0,,False,0.0,0.0,0.0,0,0,0,0,24,68,678,0.0,u,0,has departed the club as a free agent.,2026-08-29T00:33:08.556767Z,0.0,0,0,0
2026-10-01T00:32:18+00:00,25,224117,Gyökeres,1,4,71,-1,-4,-3.4,9,,False,-3.1,-2.9,-2.6,-1,-1,-1,11017,16772,39240,611096,3.1,a,,,,0.7,1,2,29
2026-10-01T00:32:18+00:00,26,219847,Havertz,1,4,76,0,1,5.1,-20,,False,4.8,4.5,4.2,1,1,1,50370,61949,653603,422421,8.3,d,75,Hamstring injury - 75% chance of playing,2026-09-24T22:00:09.120308Z,3.7,2,19,437
2026-10-01T00:32:18+00:00,27,205651,G.Jesus,1,4,59,0,-1,0.0,0,,False,0.0,0.0,0.0,0,0,0,0,1011,4164,29286,0.1,u,0,Has joined FC Barcelona permanently,2026-09-02T16:00:28.475184Z,0.0,0,0,0
2026-10-01T00:32:18+00:00,31,199798,Konsa,1,2,46,1,1,0.8,5,,False,0.8,0.9,0.9,1,1,1,89935,45508,1463242,636616,19.4,a,,,,3.7,1,12,281
2026-10-01T00:32:18+00:00,452,208706,Bruno G.,1,3,67,0,-3,0.4,2,,False,0.4,0.5,0.5,1,1,1,5587,7567,30533,244640,1.8,a,100,,2026-09-04T14:00:08.328779Z,2.7,1,9,123
2026-10-01T00:32:18+00:00,557,439509,Tzolis,1,3,63,-1,-2,-11.5,-8,,False,-11.6,-11.6,-11.7,-1,-1,-1,11974,138028,462341,1601236,12.2,a,,,,3.3,2,16,362
2026-10-01T00:32:18+00:00,29,72147,M.Bizot,2,1,45,0,0,-37.4,0,,False,-37.4,-37.4,-37.4,-2,-2,-2,60,1005,4654,7381,0.1,i,0,Back injury - Expected back 10 Oct,2026-09-17T07:30:09.058151Z,0.0,0,1,90
2026-10-01T00:32:18+00:00,30,101188,Digne,2,2,45,0,0,0.0,0,,False,0.0,0.0,0.0,0,0,0,0,231,0,8642,0.0,u,0,Has joined Paris Saint-Germain permanently,2026-08-10T14:03:30.089007Z,0.0,0,0,0
2026-10-01T00:32:18+00:00,32,199796,Cash,2,2,44,0,-1,-22.8,-2,,False,-22.8,-22.9,-23.0,-2,-2,-2,2632,24914,95283,418903,4.8,a,100,,2026-09-09T14:30:08.192142Z,1.7,-1,6,296
2026-10-01T00:32:18+00:00,33,149484,Mings,2,2,45,0,0,0.7,0,,False,0.7,0.7,0.7,1,1,1,1671,1392,16391,17416,0.4,a,,,,3.0,3,10,261
2026-10-01T00:32:18+00:00,34,244954,Pau,2,2,44,-1,-1,-0.1,-1,,False,-0.2,-0.4,-0.5,-1,-1,-1,44,3109,11237,27467,0.3,i,0,Hamstring injury - Expected back 10 Oct,2026-09-12T18:00:08.712707Z,0.3,0,3,187
2026-10-01T00:32:18+00:00,35,515597,Bogarde,2,3,49,-1,-1,-3.3,1,,False,-1.7,0.0,0.0,-1,0,0,173,440,2914,4768,0.1,a,,,,0.0,0,1,16
2026-10-01T00:32:18+00:00,36,441302,Maatsen,2,2,44,-1,-1,-2.3,-4,,False,-2.5,-2.8,-3.0,-1,-1,-1,50,6096,31892,61834,0.5,i,0,Ankle injury - Unknown return date,2026-09-12T18:00:08.729468Z,2.7,0,9,335
2026-10-01T00:32:18+00:00,37,184667,Lindelöf,2,2,45,0,0,1.0,0,,False,1.0,1.0,1.0,1,1,1,1004,1272,14604,14295,0.3,a,,,,2.7,1,8,450
2026-10-01T00:32:18+00:00,38,606798,A.García,2,2,40,0,0,-34.6,-2,,False,-34.8,-35.0,-35.2,-2,-2,-2,1827,6022,45273,67922,1.5,a,,,,0.0,0,0,0
2026-10-01T00:32:18+00:00,39,578545,Nedeljkovic,2,2,40,0,0,0.0,0,,False,0.0,0.0,0.0,0,0,0,0,553,0,15238,0.1,u,0,Has joined Rangers on loan for the rest of the season,2026-08-19T13:56:46.385411Z,0.0,0,0,0
2026-10-01T00:32:18+00:00,41,195546,Buendía,2,3,59,0,-1,-36.7,0,,False,-36.7,-36.7,-36.7,-2,-2,-2,12049,4114,60033,95259,1.0,a,,,,5.7,12,21,401
2026-10-01T00:32:18+00:00,44,215711,Bailey,2,3,54,0,-1,0.0,0,,False,0.0,0.0,0.0,0,0,0,0,486,2096,13217,0.1,u,0,Has joined Olympiakos permanently,2026-09-04T12:35:14.472260Z,0.0,0,0,0
2026-10-01T00:32:18+00:00,45,122806,McGinn,2,3,54,0,-1,-20.2,1,,False,-20.2,-20.2,-20.1,-2,-2,-2,6731,8395,70562,155357,2.2,a,,,,5.0,6,17,434
2026-10-01T00:32:18+00:00,46,88894,Barkley,2,3,50,0,0,0.5,0,,False,0.5,0.5,0.5,1,1,1,557,1755,16114,16232,0.3,a,,,,2.0,1,10,308
2026-10-01T00:32:18+00:00,47,226944,Kamara,2,3,50,0,0,-79.7,0,,False,-79.7,-79.7,-79.7,-3,-3,-3,1293,1554,14502,21502,0.3,a,100,,2026-07-23T12:01:23.337269Z,3.7,6,15,443
2026-10-01T00:32:18+00:00,48,449871,Onana,2,3,49,0,-1,-10.8,0,,False,-10.8,-10.8,-10.8,-1,-1,-1,40,94,511,1664,0.0,i,0,Knee injury - Unknown return date,2026-07-23T12:01:23.352497Z,0.0,0,0,0
2026-10-01T00:32:18+00:00,49,469247,Iling Jr,2,3,50,0,0,0.0,0,,False,0.0,0.0,0.0,0,0,0,0,10,0,235,0.0,u,0,Has joined Bolton Wanderers on loan for the rest of the season,2026-08-17T13:52:28.532616Z,0.0,0,0,0
2026-10-01T00:32:18+00:00,50,645618,Burrowes,2,3,45,0,0,-78.3,0,,False,-78.3,-78.3,-78.3,-3,-3,-3,632,3368,21457,35092,0.6,a,,,,0.0,0,0,0
2026-10-01T00:32:18+00:00,51,577285,George Hemmings,2,3,45,0,0,13.6,-1,,False,13.6,13.6,13.6,1,1,1,3169,9557,115852,69490,1.2,a,,,,1.7,1,9,297
2026-10-01T00:32:18+00:00,52,653481,Alysson,2,3,50,0,0,-1.9,0,,False,-1.9,-1.9,-1.9,-1,-1,-1,68,777,3354,3640,0.0,d,75,Unspecified injury - 75% chance of playing,2026-09-19T11:30:09.355376Z,2.3,0,8,87
2026-10-01T00:32:18+00:00,53,614071,Manzambi,2,3,59,0,-1,8.3,2,,False,8.3,8.3,8.3,1,1,1,27880,3210,30866,19829,0.4,a,100,,2026-08-15T15:30:06.388335Z,4.7,13,14,98
2026-10-01T00:32:18+00:00,54,448089,Gomes,2,3,55,0,0,0.1,0,,False,0.1,0.1,0.1,1,1,1,457,194,1296,4103,0.0,a,100,,2026-09-16T19:30:08.742410Z,1.3,4,2,129
2026-10-01T00:32:18+00:00,55,178301,Watkins,2,4,78,0,-2,0.0,-4,,False,0.0,0.0,0.0,0,0,0,0,12506,14882,759887,2.5,u,0,Has joined Al Hilal permanently,2026-09-01T13:15:16.698799Z,0.0,0,0,0
2026-10-01T00:32:18+00:00,56,173879,Abraham,2,4,55,0,0,3.4,0,,False,3.4,3.4,3.4,1,1,1,1658,1707,15706,12883,0.2,a,100,,2026-08-15T16:00:07.558543Z,1.0,1,4,71
2026-10-01T00:32:18+00:00,160,493105,Garnacho,2,3,58,0,-2,-65.7,-4,,False,-67.4,-69.1,-70.9,-3,-3,-3,526,2745,7474,41198,0.3,a,,,,0.3,0,3,31
2026-10-01T00:32:18+00:00,166,517052,N.Jackson,2,4,65,0,0,51.3,1,,False,51.4,51.4,51.4,3,3,3,35550,7911,180812,84851,1.5,a,,,,2.7,6,10,286
2026-10-01T00:32:18+00:00,582,690838,Madjo,2,4,54,0,-1,-24.6,-1,,False,-24.9,-25.3,-25.6,-2,-2,-2,196,1758,2881,30529,0.2,i,0,Unspecified injury - Unknown return date,2026-08-15T16:00:07.974271Z,0.0,0,0,0
2026-10-01T00:32:18+00:00,596,487992,Ruggeri,2,2,45,0,0,-74.2,0,,False,-74.2,-74.2,-74.2,-3,-3,-3,511,327,3154,5591,0.1,a,,,,1.3,3,5,113
2026-10-01T00:32:18+00:00,597,433969,Suzuki,2,1,50,0,0,29.5,1,,False,29.5,29.6,29.6,2,2,2,13400,6421,150964,62280,1.9,a,,,,4.7,2,16,360
2026-10-01T00:32:18+00:00,606,569577,Rowe,2,2,40,0,0,0.2,0,,False,0.2,0.2,0.2,1,1,1,313,891,13009,6146,0.2,a,,,,0.0,0,0,0
2026-10-01T00:32:18+00:00,607,571380,Lynch,2,3,45,0,0,0.0,0,,False,0.0,0.0,0.0,0,0,0,0,701,7103,8145,0.1,u,0,Has joined Oxford United on loan until January,2026-09-04T12:35:39.820426Z,0.0,0,0,0
2026-10-01T00:32:18+00:00,611,214590,Wan-Bissaka,2,2,45,0,0,2.1,0,,False,2.1,2.1,2.1,1,1,1,1429,1413,18282,7746,0.2,a,,,,1.7,1,6,152
2026-10-01T00:32:18+00:00,618,119090,Goretzka,2,3,59,0,-1,-41.1,0,,False,-41.1,-41.1,-41.1,-3,-3,-3,23,416,4632,4730,0.0,i,0,Knee injury - Expected back 10 Oct,2026-09-09T09:30:08.229436Z,0.0,0,0,0
2026-10-01T00:32:18+00:00,630,245719,Harwood-Bellis,2,2,45,0,0,0.0,0,,False,0.0,0.0,0.0,0,0,0,186,182,2163,988,0.0,a,,,,0.0,0,0,0
2026-10-01T00:32:18+00:00,631,638987,Mbaye,2,3,60,0,0,0.3,0,,False,0.3,0.3,0.3,1,1,1,889,1105,10397,4786,0.1,a,,,,0.7,1,2,33
2026-10-01T00:32:18+00:00,667,481283,Wright,2,1,40,0,0,0.0,0,2026-10-02T19:12:30.130761Z,False,0.0,0.0,0.0,0,0,0,7088,824,7088,824,0.1,a,,,,0.0,0,0,0
2026-10-01T00:32:18+00:00,57,457569,Petrović,3,1,45,0,0,0.2,0,,False,0.2,0.2,0.2,1,1,1,6122,11570,112105,124241,3.0,a,,,,1.3,2,9,450
2026-10-01T00:32:18+00:00,58,40383,Forster,3,1,40,0,0,4.6,0,,False,4.6,4.6,4.6,1,1,1,8092,7226,117286,79047,3.5,a,,,,0.0,0,0,0
2026-10-01T00:32:18+00:00,59,444172,Dennis,3,1,40,0,0,0.0,0,,False,0.0,0.0,0.0,0,0,0,0,547,1133,7515,0.1,u,0,Has joined MK Dons permanently,2026-08-27T14:53:48.692835Z,0.0,0,0,0
2026-10-01T00:32:18+00:00,60,463981,Hill,3,2,55,0,0,-33.3,0,,False,-33.3,-33.3,-33.3,-2,-2,-2,3113,3083,30854,43677,0.8,a,,,,2.3,4,12,450
2026-10-01T00:32:18+00:00,61,494521,Truffert,3,2,54,-1,-1,-1.4,-1,,False,-1.4,-1.4,-1.5,-1,-1,-1,4509,12035,56378,160318,3.0,a,,,,1.7,2,10,450
2026-10-01T00:32:18+00:00,62,242882,Diakité,3,2,49,-1,-1,-5.5,0,,False,-5.5,-5.5,-5.5,-1,-1,-1,465,953,7123,12018,0.2,a,,,,0.0,0,0,0
2026-10-01T00:32:18+00:00,63,620487,Milosavljević,3,2,49,0,-1,-3.6,0,,False,-3.6,-3.6,-3.6,-1,-1,-1,30,45,336,842,0.0,i,0,Thigh injury - Unknown return date,2026-08-06T10:00:10.456051Z,0.0,0,0,0
2026-10-01T00:32:18+00:00,64,54469,Smith,3,2,45,0,0,0.3,0,,False,0.3,0.3,0.3,1,1,1,397,474,7195,7302,0.1,a,,,,0.7,2,4,434
2026-10-01T00:32:18+00:00,65,436893,J.Araujo,3,2,44,0,-1,-11.9,0,,False,-11.9,-11.9,-11.9,-1,-1,-1,37,53,421,1292,0.0,i,0,Thigh injury - Unknown return date,2026-08-09T08:00:05.645826Z,0.0,0,0,0
2026-10-01T00:32:18+00:00,66,575901,Soler,3,2,40,0,0,1.4,0,,False,1.4,1.4,1.4,1,1,1,730,1110,13821,10995,0.3,a,100,,2026-08-15T16:30:07.021055Z,0.0,0,0,0
2026-10-01T00:32:18+00:00,67,499604,Rayan,3,3,63,-1,-2,-9.8,2,,False,-9.7,-9.5,-9.4,-1,-1,-1,3957,9676,52627,169172,1.6,a,,,,2.0,2,10,434
2026-10-01T00:32:18+00:00,68,201658,Tavernier,3,3,61,0,1,30.3,-1,,False,30.3,30.3,30.3,2,2,2,81684,43515,692877,218239,6.8,a,,,,6.7,2,31,424
2026-10-01T00:32:18+00:00,69,503139,Scott,3,3,61,0,1,0.4,-6,,False,0.3,0.2,0.2,1,1,1,23675,38204,547578,208380,5.8,a,,,,5.3,2,30,446
2026-10-01T00:32:18+00:00,70,222683,Kluivert,3,3,60,0,0,-53.5,-7,,False,-53.9,-54.4,-54.8,-3,-3,-3,2297,17828,52654,82710,0.9,i,0,Unspecified injury - Unknown return date,2026-09-20T15:30:09.074071Z,3.0,0,15,294
2026-10-01T00:32:18+00:00,71,155408,Cook,3,3,50,0,0,-11.9,0,,False,-11.9,-11.9,-11.9,-1,-1,-1,264,1140,13098,13921,0.2,a,,,,0.7,1,8,180
2026-10-01T00:32:18+00:00,72,496208,Gannon-Doak,3,3,49,0,-1,-64.2,0,,False,-64.2,-64.2,-64.2,-3,-3,-3,137,375,1637,4635,0.1,a,,,,1.0,1,4,12
2026-10-01T00:32:18+00:00,73,200785,Adams,3,3,50,0,0,1.5,-1,,False,1.5,1.5,1.5,1,1,1,1092,1639,18301,16630,0.3,a,100,,2026-08-15T16:30:07.029928Z,3.3,4,12,279
2026-10-01T00:32:18+00:00,74,111317,Brooks,3,3,50,0,0,-19.6,0,,False,-19.6,-19.6,-19.6,-1,-1,-1,175,324,3357,3782,0.1,a,100,,2026-08-15T16:30:07.037929Z,0.7,1,3,45
2026-10-01T00:32:18+00:00,75,158499,Christie,3,3,50,0,0,0.4,0,,False,0.4,0.4,0.4,1,1,1,292,247,3547,2192,0.0,a,100,,2026-07-24T17:30:10.035483Z,1.3,2,5,102
2026-10-01T00:32:18+00:00,76,614574,Tóth.A,3,3,49,0,-1,-11.7,0,,False,-11.7,-11.7,-11.7,-1,-1,-1,26,54,383,783,0.0,a,,,,0.3,1,2,17
2026-10-01T00:32:18+00:00,77,489888,Adli,3,3,49,0,-1,-83.4,0,,False,-83.4,-83.4,-83.4,-3,-3,-3,22,75,291,2216,0.0,i,0,Calf injury - Unknown return date,2026-08-15T16:00:07.590566Z,0.0,0,0,0
2026-10-01T00:32:18+00:00,78,560262,Kroupi.Jr,3,3,74,0,-1,-75.1,0,,False,-75.1,-75.1,-75.1,-3,-3,-3,186,844,1232,27362,0.2,i,0,Foot injury - Expected back 7 Nov,2026-07-29T17:30:09.796802Z,0.0,0,0,0
2026-10-01T00:32:18+00:00,79,444102,Evanilson,3,4,60,0,0,50.7,6,,False,50.8,50.9,50.9,3,3,3,17492,20811,252953,175638,3.2,a,,,,3.0,2,18,424
2026-10-01T00:32:18+00:00,80,168636,Enes Ünal,3,4,55,0,0,0.0,0,,False,0.0,0.0,0.0,0,0,0,0,48,0,1980,0.0,u,0,Has joined Getafe permanently,2026-08-14T14:14:21.881112Z,0.0,0,0,0
2026-10-01T00:32:18+00:00,81,561245,Rodríguez,3,4,60,0,0,-32.9,0,,False,-32.9,-32.9,-32.9,-2,-2,-2,763,717,5470,6848,0.1,a,100,,2026-08-15T16:30:07.054142Z,0.3,0,2,10
2026-10-01T00:32:18+00:00,566,483067,Silva,3,2,50,0,0,1.4,0,,False,1.4,1.4,1.4,1,1,1,6014,3551,31476,24992,0.4,a,,,,2.3,3,13,450
2026-10-01T00:32:18+00:00,573,494928,Sanchez,3,2,44,0,-1,-12.5,0,,False,-12.5,-12.5,-12.5,-1,-1,-1,151,433,1571,7090,0.2,a,,,,0.0,0,0,0
2026-10-01T00:32:18+00:00,608,523700,Jebbison,3,4,50,0,0,0.6,0,,False,0.6,0.6,0.6,1,1,1,876,887,13239,7242,0.1,a,,,,0.7,1,3,31
2026-10-01T00:32:18+00:00,615,230650,Di Gregorio,3,1,45,0,0,-28.8,0,,False,-28.8,-28.8,-28.8,-2,-2,-2,183,193,2926,1742,0.0,a,,,,0.0,0,0,0
2026-10-01T00:32:18+00:00,82,200720,Kelleher,4,1,50,0,0,20.3,-1,,False,20.2,20.2,20.2,2,2,2,19685,13375,251322,213641,6.1,a,,,,3.7,6,20,450
2026-10-01T00:32:18+00:00,83,507433,Valdimarsson,4,1,45,0,0,-74.3,0,,False,-74.3,-74.3,-74.3,-3,-3,-3,294,328,2859,4578,0.1,a,,,,0.0,0,0,0
2026-10-01T00:32:18+00:00,84,432830,Collins,4,2,54,0,-1,-28.4,0,,False,-28.4,-28.4,-28.4,-2,-2,-2,118,9308,58737,156664,1.0,i,0,Calf injury - Unknown return date,2026-09-05T18:00:06.182495Z,0.3,0,10,196
2026-10-01T00:32:18+00:00,85,444765,Van den Berg,4,2,49,0,-1,-79.8,0,,False,-79.8,-79.8,-79.8,-3,-3,-3,38,341,411,8947,0.1,i,0,Groin injury - Unknown return date,2026-08-15T15:30:06.416627Z,0.0,0,0,0
2026-10-01T00:32:18+00:00,86,249231,Lewis-Potter,4,3,55,0,0,32.1,-3,,False,32.1,32.0,32.0,2,2,2,3649,11866,190294,120247,1.7,a,,,,2.0,3,22,406
2026-10-01T00:32:18+00:00,87,191866,Ajer,4,2,45,0,0,30.6,-1,,False,30.6,30.5,30.5,2,2,2,11100,22578,316587,276270,3.9,a,,,,3.3,7,21,450
2026-10-01T00:32:18+00:00,88,607464,Kayode,4,2,46,0,1,-37.6,0,,False,-37.6,-37.6,-37.6,-2,-2,-2,13042,21004,595740,367238,7.6,a,,,,2.7,6,23,294
2026-10-01T00:32:18+00:00,89,194010,Henry,4,2,44,0,-1,-15.5,-1,,False,-16.5,-17.5,-18.4,-1,-1,-1,159,582,1983,8580,0.2,a,,,,0.0,0,1,2
2026-10-01T00:32:18+00:00,90,472713,Hickey,4,2,45,0,0,-29.1,0,,False,-29.1,-29.1,-29.1,-2,-2,-2,179,247,2093,2980,0.1,a,,,,1.0,1,5,152
2026-10-01T00:32:18+00:00,92,570241,Ji-soo,4,2,44,-1,-1,-4.9,0,,False,-4.9,-4.9,-4.9,-1,-1,-1,58,88,492,960,0.0,a,,,,0.0,0,0,0
2026-10-01T00:32:18+00:00,93,513086,Schuster,4,2,45,0,0,5.0,0,,False,5.0,5.0,5.0,1,1,1,14993,2283,16555,6771,0.3,a,,,,7.0,14,21,253
2026-10-01T00:32:18+00:00,94,513418,Schade,4,3,62,1,2,12.8,66,,False,13.1,13.5,13.8,1,1,1,388696,24454,1008551,244458,11.5,a,,,,8.7,9,39,447
2026-10-01T00:32:18+00:00,95,533463,O.Dango,4,3,63,0,-2,-48.2,0,,False,-48.2,-48.2,-48.2,-3,-3,-3,801,3620,15162,82199,0.5,a,,,,1.0,1,7,179
2026-10-01T00:32:18+00:00,96,440089,Damsgaard,4,3,54,0,-1,-8.3,1,,False,-7.9,-7.5,-7.0,-1,-1,-1,1555,2023,15066,30139,0.4,a,,,,4.0,3,16,283
2026-10-01T00:32:18+00:00,97,207283,Jensen,4,3,54,0,-1,-56.4,0,,False,-56.4,-56.4,-56.4,-3,-3,-3,20,635,4505,15069,0.1,i,0,Unspecified injury - Expected back 10 Oct,2026-08-30T12:30:08.176795Z,0.0,0,6,66
2026-10-01T00:32:18+00:00,98,204580,Janelt,4,3,50,0,0,77.4,0,,False,77.4,77.4,77.4,3,3,3,19325,17653,306385,106744,2.5,a,,,,6.0,3,28,450
2026-10-01T00:32:18+00:00,99,543295,Milambo,4,3,50,0,0,-42.5,0,,False,-42.5,-42.5,-42.5,-3,-3,-3,6,7,115,159,0.0,i,0,Knee injury - Unknown return date,2026-07-23T12:01:23.384798Z,0.0,0,0,0
2026-10-01T00:32:18+00:00,100,244858,Carvalho,4,3,50,0,0,0.3,0,,False,0.3,0.3,0.3,1,1,1,606,174,1904,1452,0.0,a,100,,2026-08-18T13:58:17.442072Z,2.0,6,6,3
2026-10-01T00:32:18+00:00,102,508395,Yarmoliuk,4,3,48,0,-2,-17.7,0,,False,-17.7,-17.7,-17.7,-1,-1,-1,1322,3243,5775,61593,0.6,a,,,,2.3,3,9,216
2026-10-01T00:32:18+00:00,103,183656,Dasilva,4,3,49,0,-1,-61.2,0,,False,-61.2,-61.2,-61.2,-3,-3,-3,9,102,400,1947,0.0,i,0,Hamstring injury - Expected back 10 Oct,2026-09-04T13:30:08.371955Z,0.0,0,0,0
2026-10-01T00:32:18+00:00,105,444180,Anthony,4,3,59,0,-1,0.8,-1,,False,0.8,0.8,0.7,1,1,1,2311,606,7309,11007,0.1,a,,,,4.0,10,15,267
2026-10-01T00:32:18+00:00,106,502500,Thiago,4,4,78,0,-2,10.0,15,,False,10.2,10.4,10.7,1,1,1,57070,37772,277493,1034680,9.1,a,,,,2.7,5,10,442
2026-10-01T00:32:18+00:00,107,593174,Furo,4,4,45,0,0,-5.8,0,,False,-5.8,-5.8,-5.8,-1,-1,-1,616,9447,61689,66609,0.9,i,0,Unspecified injury - Unknown return date,2026-09-14T14:00:09.985723Z,0.0,0,0,0
2026-10-01T00:32:18+00:00,108,75115,Wilson,4,4,54,-1,-1,-11.8,0,,False,-11.8,-11.8,-11.8,-1,-1,-1,1192,2444,15541,26509,0.3,a,,,,0.3,0,3,13
2026-10-01T00:32:18+00:00,565,513545,M.Sangaré,4,3,56,-1,1,-31.4,-9,,False,-31.5,-31.6,-31.7,-2,-2,-2,8344,138027,1227632,819916,9.9,a,,,,1.3,0,22,321
2026-10-01T00:32:18+00:00,620,613804,Diouf,4,2,45,0,0,-35.5,0,,False,-35.5,-35.5,-35.5,-2,-2,-2,467,675,13628,7337,0.1,a,,,,0.7,1,2,39
2026-10-01T00:32:18+00:00,657,626464,Nunes,4,3,45,0,0,0.0,0,,False,0.0,0.0,0.0,0,0,0,341,267,2083,660,0.0,a,,,,0.0,0,0,0
2026-10-01T00:32:18+00:00,660,612534,Fredrick,4,2,40,0,0,0.0,0,2026-10-01T21:16:22.650713Z,False,0.0,0.0,0.0,0,0,0,519,66,519,66,0.0,a,,,,0.0,0,0,0
2026-10-01T00:32:18+00:00,661,235448,Balcombe,4,1,40,0,0,0.0,0,2026-10-01T21:16:40.866514Z,False,0.0,0.0,0.0,0,0,0,2866,540,2866,540,0.0,a,,,,0.0,0,0,0
2026-10-01T00:32:18+00:00,109,489639,Verbruggen,5,1,45,0,0,63.8,4,,False,63.9,63.9,64.0,3,3,3,71623,71354,765098,607208,21.6,a,,,,5.7,6,23,450
2026-10-01T00:32:18+00:00,111,49262,Steele,5,1,40,0,0,-0.6,-1,,False,-0.7,-0.7,-0.8,-1,-1,-1,7095,14640,147282,120395,4.1,a,,,,0.0,0,0,0
2026-10-01T00:32:18+00:00,113,231416,F.Kadıoğlu,5,2,44,0,-1,-60.0,2,,False,-59.8,-59.6,-59.4,-3,-3,-3,3942,6828,30355,134371,1.6,a,100,,2026-08-23T13:00:07.595211Z,4.3,5,13,332
2026-10-01T00:32:18+00:00,114,204120,Boscagli,5,2,45,0,0,2.7,0,,False,2.7,2.7,2.7,1,1,1,2004,775,16221,11852,0.3,a,,,,4.7,6,19,437
2026-10-01T00:32:18+00:00,115,465730,De Cuyper,5,2,50,1,5,2.1,38,,False,2.3,2.5,2.7,1,1,1,297516,21041,2715855,406072,27.8,a,,,,7.0,6,38,423
2026-10-01T00:32:18+00:00,116,83299,Dunk,5,2,45,0,0,20.1,0,,False,20.1,20.1,20.1,2,2,2,7560,9667,89121,50731,1.5,d,75,Neck injury - 75% chance of playing,2026-09-22T09:30:09.629652Z,5.7,0,22,360
2026-10-01T00:32:18+00:00,117,550090,Coppola,5,2,45,0,0,-11.9,0,,False,-11.9,-11.9,-11.9,-1,-1,-1,108,97,920,1060,0.0,a,,,,0.0,0,0,0
2026-10-01T00:32:18+00:00,118,223434,Igor,5,2,45,0,0,0.0,0,,False,0.0,0.0,0.0,0,0,0,0,288,915,5931,0.0,u,0,Has joined Burnley permanently,2026-09-02T15:38:15.529699Z,0.0,0,0,0
2026-10-01T00:32:18+00:00,119,451490,Costinha,5,2,45,0,0,0.0,0,,False,0.0,0.0,0.0,0,0,0,170,134,1275,1459,0.0,a,,,,1.0,1,4,68
2026-10-01T00:32:18+00:00,120,454490,Svoboda,5,2,50,0,0,0.5,0,,False,0.5,0.5,0.5,1,1,1,1319,463,4495,3985,0.1,a,,,,0.3,1,1,4
2026-10-01T00:32:18+00:00,121,451340,Mitoma,5,3,59,0,-1,-25.1,0,,False,-25.1,-25.1,-25.1,-2,-2,-2,125,173,551,3110,0.0,i,0,Hamstring injury - Expected back 10 Oct,2026-07-24T18:30:10.661894Z,0.0,0,0,0
2026-10-01T00:32:18+00:00,122,592031,Minteh,5,3,58,-1,-2,-5.1,0,,False,-5.1,-5.1,-5.1,-1,-1,-1,45,222,335,6896,0.0,i,0,Leg injury - Expected back 28 Nov,2026-08-14T18:00:06.418033Z,0.0,0,0,0
2026-10-01T00:32:18+00:00,123,532529,Hinshelwood,5,3,59,0,-1,-39.3,-2,,False,-39.5,-39.7,-39.9,-2,-2,-2,272,6735,147893,215961,0.6,i,0,Ankle injury - Expected back 10 Oct,2026-08-27T19:30:07.780933Z,0.0,0,16,63
2026-10-01T00:32:18+00:00,124,60307,Groß,5,3,58,1,3,92.0,115,,False,92.6,93.2,93.9,3,3,3,785126,11747,2145619,541530,28.9,a,,,,10.7,14,47,450
2026-10-01T00:32:18+00:00,125,463067,Georginio,5,4,53,-1,-2,-0.0,1,,False,0.0,0.0,0.1,0,0,1,2634,3801,34631,76429,0.5,a,100,,2026-08-26T16:00:07.608056Z,0.3,1,6,104
2026-10-01T00:32:18+00:00,126,219249,O'Riley,5,3,54,0,-1,-8.6,0,,False,-8.6,-8.6,-8.6,-1,-1,-1,421,563,3595,6519,0.1,a,,,,0.7,1,2,10
2026-10-01T00:32:18+00:00,127,514254,Gomez,5,3,50,0,0,31.0,-2,,False,31.0,30.9,30.9,2,2,2,12105,38095,334612,299726,4.0,a,,,,4.3,8,24,433
2026-10-01T00:32:18+00:00,128,536916,Buonanotte,5,3,50,0,0,0.0,0,,False,0.0,0.0,0.0,0,0,0,0,7,0,330,0.0,u,0,Has joined Elche on loan for the rest of the season,2026-08-10T14:03:07.561436Z,0.0,0,0,0
2026-10-01T00:32:18+00:00,129,509416,Ayari,5,3,54,0,-1,-45.6,0,,False,-45.6,-45.6,-45.6,-3,-3,-3,2297,1977,12538,41532,0.4,a,100,,2026-08-30T18:00:07.935334Z,4.3,3,15,333
2026-10-01T00:32:18+00:00,130,467779,Wieffer,5,2,49,0,-1,-30.4,0,,False,-30.4,-30.4,-30.4,-2,-2,-2,30,1957,25945,43389,0.2,i,0,Knee injury - Unknown return date,2026-09-04T09:30:08.612904Z,0.0,0,7,156
2026-10-01T00:32:18+00:00,132,597320,Howell,5,3,45,0,0,0.0,0,,False,0.0,0.0,0.0,0,0,0,0,200,0,3678,0.0,u,0,Has joined Leicester City on loan for the rest of the season,2026-08-17T13:53:19.019938Z,0.0,0,0,0
2026-10-01T00:32:18+00:00,133,549074,Watson,5,3,50,0,0,0.0,0,,False,0.0,0.0,0.0,0,0,0,0,5,0,136,0.0,u,0,Has joined Leicester City on loan for the rest of the season,2026-08-03T14:05:44.459483Z,0.0,0,0,0
2026-10-01T00:32:18+00:00,134,556637,Oriola,5,3,45,0,0,-81.1,0,,False,-81.1,-81.1,-81.1,-3,-3,-3,354,1335,8758,14203,0.2,a,,,,0.0,0,0,0
2026-10-01T00:32:18+00:00,135,700308,Yohanna,5,3,48,-1,-2,-0.9,0,,False,-0.9,-0.9,-0.9,-1,-1,-1,24,389,1267,5496,0.0,i,0,Unspecified injury - Expected back 10 Oct,2026-09-10T13:00:08.617941Z,0.0,0,1,12
2026-10-01T00:32:18+00:00,137,608181,Tzimas,5,4,54,0,-1,-3.2,0,,False,-3.2,-3.2,-3.2,-1,-1,-1,37,51,334,749,0.0,i,0,Knee injury - Unknown return date,2026-07-23T12:01:23.432796Z,0.0,0,0,0
2026-10-01T00:32:18+00:00,138,647850,Kostoulas,5,4,56,1,1,19.6,58,,False,19.9,20.2,20.5,1,2,2,310085,18668,414776,51178,4.1,a,,,,7.3,10,28,353
2026-10-01T00:32:18+00:00,139,487117,Ferguson,5,4,50,0,0,-58.5,0,,False,-58.5,-58.5,-58.5,-3,-3,-3,132,255,1583,2524,0.0,i,0,Ankle injury - Expected back 10 Oct,2026-07-23T12:01:23.448357Z,0.0,0,0,0
2026-10-01T00:32:18+00:00,328,222694,Struijk,5,2,49,0,-1,-7.6,0,,False,-7.6,-7.6,-7.6,-1,-1,-1,640,852,5669,12103,0.2,d,75,Hamstring injury - 75% chance of playing,2026-09-22T10:00:09.404233Z,2.3,5,7,98
2026-10-01T00:32:18+00:00,504,610799,Vuskovic,5,2,50,0,0,55.3,11,,False,55.4,55.6,55.7,3,3,3,55504,13154,258604,137966,3.7,a,,,,8.7,8,32,437
2026-10-01T00:32:18+00:00,594,538007,David,5,4,59,-1,-1,0.6,0,,False,0.6,0.6,0.6,1,1,1,3150,2196,15012,22469,0.2,a,,,,0.0,0,1,23
2026-10-01T00:32:18+00:00,600,612855,Osman,5,3,50,0,0,-67.6,0,,False,-67.6,-67.6,-67.6,-3,-3,-3,115,126,946,1093,0.0,a,,,,0.3,0,3,40
2026-10-01T00:32:18+00:00,605,611695,Yalcouyé,5,3,45,0,0,53.8,-1,,False,53.8,53.8,53.8,3,3,3,25905,32680,554794,170634,4.0,a,,,,3.7,1,20,236
2026-10-01T00:32:18+00:00,614,512123,Hadjam,5,2,45,0,0,-5.1,0,,False,-5.1,-5.1,-5.1,-1,-1,-1,247,249,3986,1954,0.0,a,,,,0.0,0,0,0
2026-10-01T00:32:18+00:00,624,519324,Cozier-Duberry,5,3,50,0,0,0.0,0,,False,0.0,0.0,0.0,0,0,0,0,5,117,113,0.0,u,0,Has joined Middlesbrough on loan for the rest of the season,2026-09-02T15:38:15.552951Z,0.0,0,0,0
2026-10-01T00:32:18+00:00,639,592984,Andrés,5,3,55,0,0,1.4,0,,False,1.4,1.4,1.4,1,1,1,2727,309,3971,777,0.0,a,,,,4.0,8,12,109
2026-10-01T00:32:18+00:00,652,471551,Azeez,5,3,55,0,0,-29.1,0,,False,-29.1,-29.1,-29.1,-2,-2,-2,19,44,442,201,0.0,i,0,Hamstring injury - Expected back 10 Oct,2026-09-04T11:30:08.661589Z,0.0,0,0,0
2026-10-01T00:32:18+00:00,658,661016,Ibrahim,5,3,45,0,0,0.0,0,,False,0.0,0.0,0.0,0,0,0,311,216,1474,484,0.0,a,,,,0.0,0,0,0
2026-10-01T00:32:18+00:00,28,98980,Martinez,6,1,50,0,0,-6.3,4,,False,-6.2,-6.1,-5.9,-1,-1,-1,7500,21826,245267,246407,4.7,a,,,,2.3,2,9,360
2026-10-01T00:32:18+00:00,40,244850,Rogers,6,3,77,0,2,86.3,28,,False,86.7,87.1,87.5,3,3,3,146186,69649,2475609,661336,40.5,a,,,,5.3,2,29,437
2026-10-01T00:32:18+00:00,101,56979,Henderson,6,3,49,0,-1,0.0,0,,False,0.0,0.0,0.0,0,0,0,506,153,1119,2627,0.0,a,100,,2026-08-09T09:30:07.136250Z,0.7,2,2,90
2026-10-01T00:32:18+00:00,136,50175,Welbeck,6,4,59,0,-1,6.7,-4,,False,6.6,6.6,6.5,1,1,1,7444,9200,61380,83104,1.0,a,100,,2026-08-20T14:00:07.949090Z,1.3,2,4,85
2026-10-01T00:32:18+00:00,140,215059,Sánchez,6,1,49,0,-1,0.0,0,,False,0.0,0.0,0.0,0,0,0,0,4780,10847,176388,0.7,u,0,Has joined Como on loan for the rest of the season,2026-09-02T16:20:41.841936Z,0.0,0,2,90
2026-10-01T00:32:18+00:00,141,508479,Jörgensen,6,1,50,0,0,0.0,0,,False,0.0,0.0,0.0,0,0,0,0,31,0,949,0.0,u,0,Has joined RC Strasbourg on loan for the rest of the season,2026-08-12T14:07:02.607115Z,0.0,0,0,0
2026-10-01T00:32:18+00:00,142,225796,James,6,2,54,0,-1,-94.8,-9,,False,-94.9,-95.0,-95.1,-3,-4,-4,613,77192,168818,599881,5.8,d,75,Hamstring injury - 75% chance of playing,2026-09-18T10:30:09.719371Z,0.7,0,3,292
2026-10-01T00:32:18+00:00,143,180736,Chalobah,6,2,55,0,0,0.0,-1,,False,0.0,0.0,0.0,0,0,0,0,313,0,13943,0.1,u,0,Has joined Como permanently,2026-08-10T14:03:50.769483Z,0.0,0,0,0
2026-10-01T00:32:18+00:00,144,482609,Gusto,6,2,49,-1,-1,-3.3,-1,,False,-3.4,-3.5,-3.6,-1,-1,-1,1559,6847,36886,67327,1.0,a,,,,0.7,0,4,272
2026-10-01T00:32:18+00:00,145,444463,Fofana,6,2,50,0,0,4.6,0,,False,4.6,4.6,4.6,1,1,1,2444,1281,18550,8222,0.2,a,100,,2026-07-23T12:01:23.464591Z,2.7,4,8,312
2026-10-01T00:32:18+00:00,146,242880,B.Badiashile,6,2,45,0,0,0.0,0,,False,0.0,0.0,0.0,0,0,0,0,43,232,1940,0.0,u,0,Has joined Napoli on loan for the rest of the season,2026-08-25T14:03:47.079414Z,0.0,0,0,0
2026-10-01T00:32:18+00:00,148,551210,Hato,6,2,45,0,0,12.5,0,,False,12.5,12.5,12.5,1,1,1,807,7284,91202,59611,0.8,a,,,,1.0,0,8,258
2026-10-01T00:32:18+00:00,149,460028,Colwill,6,2,48,-1,-2,-9.8,-1,,False,-9.9,-10.0,-10.1,-1,-1,-1,1048,5357,26704,98382,0.9,a,,,,0.7,1,3,341
2026-10-01T00:32:18+00:00,150,574458,M.Sarr,6,2,45,0,0,0.0,0,,False,0.0,0.0,0.0,0,0,0,0,168,429,5984,0.0,u,0,Has joined Real Sociedad on loan for the rest of the season,2026-08-29T00:34:23.077418Z,0.0,0,0,0
2026-10-01T00:32:18+00:00,151,577016,Acheampong,6,2,45,0,0,-11.4,0,,False,-11.4,-11.4,-11.4,-1,-1,-1,413,1925,21125,22484,0.3,a,,,,0.3,0,5,221
2026-10-01T00:32:18+00:00,152,620109,Palestra,6,2,53,0,-2,-1.3,1,,False,-1.1,-1.0,-0.8,-1,-1,-1,217,3777,6677,220318,0.6,d,50,Thigh injury - 50% chance of playing,2026-08-24T18:30:07.421239Z,0.0,0,0,0
2026-10-01T00:32:18+00:00,154,244851,Palmer,6,3,97,0,2,-13.0,-49,,False,-13.3,-13.7,-14.1,-1,-1,-1,47958,165953,1951334,661259,25.7,d,75,Muscular injury - 75% chance of playing,2026-09-21T13:00:09.022726Z,2.7,2,28,442
2026-10-01T00:32:18+00:00,156,247632,Neto,6,3,65,0,0,-7.4,2,,False,-7.2,-7.0,-6.7,-1,-1,-1,5077,9563,82202,91214,1.4,a,,,,2.0,2,14,332
2026-10-01T00:32:18+00:00,157,624773,Estêvão,6,3,63,0,-2,-32.6,0,,False,-32.6,-32.6,-32.6,-2,-2,-2,1751,4306,17665,87041,0.7,a,,,,1.0,1,4,23
2026-10-01T00:32:18+00:00,158,463936,Gittens,6,3,58,-1,-2,-3.9,0,,False,-3.9,-3.9,-3.9,-1,-1,-1,153,253,1132,2883,0.0,d,75,Ankle injury - 75% chance of playing,2026-09-26T05:30:09.245832Z,0.0,0,0,0
2026-10-01T00:32:18+00:00,159,486672,Caicedo,6,3,53,0,-2,-2.1,0,,False,-2.1,-2.1,-2.1,-1,-1,-1,409,8827,15047,281219,1.0,d,50,Calf injury - 50% chance of playing,2026-08-30T16:00:08.393562Z,0.0,0,1,13
2026-10-01T00:32:18+00:00,161,514356,Lavia,6,3,50,0,0,4.6,0,,False,4.6,4.6,4.6,1,1,1,425,2436,25800,15546,0.2,a,,,,1.0,0,11,258
2026-10-01T00:32:18+00:00,163,491007,D.Essugo,6,3,45,0,0,0.0,0,,False,0.0,0.0,0.0,0,0,0,0,718,2698,14430,0.1,u,0,Has joined RC Strasbourg on loan for the rest of the season,2026-09-02T16:20:41.865225Z,0.0,0,0,0
2026-10-01T00:32:18+00:00,164,593117,Quenda,6,3,53,0,-2,-27.5,0,,False,-27.5,-27.5,-27.5,-2,-2,-2,71,177,903,3397,0.0,a,100,,2026-07-24T20:30:10.609931Z,0.3,1,2,27
2026-10-01T00:32:18+00:00,165,475168,João Pedro,6,4,77,-1,2,-1.9,-42,,False,-1.9,-1.9,-2.0,-1,-1,-1,62049,390997,1576790,1463493,65.1,d,75,Knee injury - 75% chance of playing,2026-09-16T19:00:09.919929Z,4.3,0,33,360
2026-10-01T00:32:18+00:00,168,499309,Marc Guiu,6,4,50,0,0,0.0,0,,False,0.0,0.0,0.0,0,0,0,0,1527,4102,33251,0.2,u,0,Has joined RB Leipzig permanently,2026-09-01T13:24:48.857362Z,0.0,0,0,0
2026-10-01T00:32:18+00:00,169,567119,Mheuka,6,4,45,0,0,4.4,0,,False,4.4,4.4,4.4,1,1,1,4471,3497,32192,25286,0.5,a,,,,0.0,0,0,0
2026-10-01T00:32:18+00:00,170,503037,Emegha,6,4,49,-1,-1,-0.4,0,,False,-0.4,-0.4,-0.4,-1,-1,-1,75,1083,6075,12590,0.1,i,0,Hamstring injury - Expected back 10 Oct,2026-09-09T15:00:09.063849Z,0.0,0,0,0
2026-10-01T00:32:18+00:00,200,437499,Lacroix,6,2,59,-1,-1,-7.3,-4,,False,-7.3,-7.4,-7.4,-1,-1,-1,7737,28999,174391,424575,6.8,a,,,,2.0,3,13,364
2026-10-01T00:32:18+00:00,560,549939,Penders,6,1,44,0,-1,-0.4,0,,False,-0.4,-0.4,-0.4,-1,-1,-1,244,293,2019,3613,0.1,a,,,,0.0,0,0,0
2026-10-01T00:32:18+00:00,561,622758,Anselmino,6,2,45,0,0,-1.0,0,,False,-1.0,-1.0,-1.0,-1,-1,-1,65,102,822,1250,0.0,a,100,,2026-08-23T19:00:08.536705Z,0.0,0,0,0
2026-10-01T00:32:18+00:00,568,543158,Barco,6,3,54,0,-1,-14.4,0,,False,-14.4,-14.4,-14.4,-1,-1,-1,231,445,3154,7012,0.1,a,,,,0.7,2,3,115
2026-10-01T00:32:18+00:00,583,498444,Chavarria,6,2,49,0,-1,-50.6,0,,False,-50.6,-50.6,-50.6,-3,-3,-3,407,540,3367,11146,0.1,a,,,,1.0,1,5,208
2026-10-01T00:32:18+00:00,662,636846,Nicoll-Jazuli,6,3,45,0,0,0.0,0,2026-10-01T21:17:24.996715Z,False,0.0,0.0,0.0,0,0,0,333,72,333,72,0.0,a,,,,1.0,1,1,3
2026-10-01T00:32:18+00:00,91,231065,Pinnock,7,2,45,0,0,-73.5,0,,False,-73.5,-73.5,-73.5,-3,-3,-3,381,227,2550,3998,0.1,a,,,,4.3,8,14,282
2026-10-01T00:32:18+00:00,104,428580,Onyeka,7,3,49,0,-1,-33.1,0,,False,-33.1,-33.1,-33.1,-2,-2,-2,174,446,3984,9573,0.1,a,100,,2026-09-15T09:00:07.851220Z,2.3,3,9,314
2026-10-01T00:32:18+00:00,110,472739,Rushworth,7,1,45,0,0,-57.9,0,,False,-57.9,-57.9,-57.9,-3,-3,-3,2542,5882,23689,59046,0.8,a,,,,4.3,11,16,450
2026-10-01T00:32:18+00:00,171,484389,Dovin,7,1,40,0,0,0.0,0,,False,0.0,0.0,0.0,0,0,0,0,4702,8924,57870,1.0,u,0,Has joined Leyton Orient on loan for the rest of the season,2026-09-02T15:44:14.839336Z,0.0,0,0,0
2026-10-01T00:32:18+00:00,172,110690,Wilson,7,1,44,0,-1,-5.9,0,,False,-5.9,-5.9,-5.9,-1,-1,-1,239,666,1409,12363,0.4,a,,,,0.0,0,0,0
2026-10-01T00:32:18+00:00,173,461102,Thomas,7,2,40,0,0,17.1,0,,False,17.1,17.1,17.1,1,1,1,25749,31605,363183,284629,8.5,a,,,,4.3,9,24,437
2026-10-01T00:32:18+00:00,174,436761,Kitching,7,2,40,0,0,0.0,0,,False,0.0,0.0,0.0,0,0,0,0,1803,981,32896,0.3,u,0,Has joined Sheffield United on loan for the rest of the season,2026-09-02T16:21:03.612394Z,0.0,0,0,0
2026-10-01T00:32:18+00:00,175,451284,van Ewijk,7,2,40,0,0,-48.4,-7,,False,-48.5,-48.5,-48.6,-3,-3,-3,1159,75327,123064,500001,8.7,d,75,Hamstring injury - 75% chance of playing,2026-09-19T16:00:09.486751Z,1.0,0,6,360
2026-10-01T00:32:18+00:00,176,173878,Dasilva,7,2,40,0,0,-31.1,2,,False,-30.7,-30.3,-29.9,-2,-2,-2,6234,1739,15517,22705,0.7,a,,,,5.7,15,20,444
2026-10-01T00:32:18+00:00,177,465390,Kesler-Hayden,7,2,39,-1,-1,0.2,0,,False,0.2,0.2,0.2,1,1,1,1015,566,1614,3791,0.0,i,0,Hamstring injury - Unknown return date,2026-08-27T14:56:28.704361Z,0.0,0,0,0
2026-10-01T00:32:18+00:00,178,80178,Bidwell,7,2,40,0,0,-30.0,0,,False,-30.0,-30.0,-30.0,-2,-2,-2,181,298,2488,3529,0.1,a,,,,0.0,0,0,0
2026-10-01T00:32:18+00:00,179,204813,Latibeaudiere,7,2,40,0,0,-75.4,0,,False,-75.4,-75.4,-75.4,-3,-3,-3,73,135,984,1738,0.0,a,,,,0.3,1,1,1
2026-10-01T00:32:18+00:00,180,220583,Woolfenden,7,2,40,0,0,-96.4,0,,False,-96.4,-96.4,-96.4,-4,-4,-4,30,499,2265,9008,0.1,i,0,Knee injury - Unknown return date,2026-08-27T14:56:28.718566Z,0.0,0,0,0
2026-10-01T00:32:18+00:00,181,577411,Brau,7,2,40,0,0,0.0,0,,False,0.0,0.0,0.0,0,0,0,0,99,275,2169,0.0,u,0,Has joined Academico de Viseu on loan for the rest of the season,2026-08-29T00:35:59.980316Z,0.0,0,0,0
2026-10-01T00:32:18+00:00,182,539142,Amenda,7,2,40,0,0,-53.7,0,,False,-53.7,-53.7,-53.7,-3,-3,-3,35,6744,11480,33646,0.6,i,0,Calf injury - Unknown return date,2026-09-17T07:30:09.329041Z,0.7,0,4,360
2026-10-01T00:32:18+00:00,183,480457,Rudoni,7,3,49,0,-1,0.1,1,,False,0.1,0.1,0.2,1,1,1,897,663,4367,8052,0.1,a,100,,2026-07-23T12:01:23.481435Z,3.0,5,13,297
2026-10-01T00:32:18+00:00,184,168144,Grimes,7,3,49,0,-1,-28.5,0,,False,-28.5,-28.5,-28.5,-2,-2,-2,183,855,4080,11246,0.1,a,,,,2.3,3,11,443
2026-10-01T00:32:18+00:00,185,501459,Sakamoto,7,3,48,0,-2,-22.7,-1,,False,-25.4,-28.3,-31.3,-2,-2,-2,128,382,1018,5754,0.1,a,,,,0.0,0,1,31
2026-10-01T00:32:18+00:00,186,241293,Mason-Clark,7,3,53,-1,-2,-2.2,0,,False,-2.2,-2.2,-2.2,-1,-1,-1,72,360,1111,5964,0.1,a,100,,2026-08-19T18:00:08.310507Z,1.3,1,5,231
2026-10-01T00:32:18+00:00,187,439668,Eccles,7,3,48,-1,-2,-4.5,0,,False,-4.5,-4.5,-4.5,-1,-1,-1,18,89,631,1465,0.0,i,0,Unspecified injury - Expected back 12 Oct,2026-09-10T18:30:08.877110Z,0.0,0,0,0
2026-10-01T00:32:18+00:00,188,226965,Torp,7,3,53,-1,-2,-11.4,0,,False,-11.4,-11.4,-11.4,-1,-1,-1,43,431,796,7963,0.1,a,,,,0.3,0,3,53
2026-10-01T00:32:18+00:00,189,684268,Shepherd,7,3,44,0,-1,0.8,1,,False,0.8,0.8,0.8,1,1,1,4044,2250,10764,15121,0.3,a,,,,0.0,0,0,0
2026-10-01T00:32:18+00:00,190,469272,Tchaouna,7,3,54,0,-1,-80.9,0,,False,-80.9,-80.9,-80.9,-3,-3,-3,24,340,3140,8217,0.1,a,,,,0.7,1,5,211
2026-10-01T00:32:18+00:00,191,492498,Borges Rodrigues,7,3,45,0,0,0.0,0,,False,0.0,0.0,0.0,0,0,0,0,670,1943,11494,0.1,u,0,Has joined Burton Albion on loan for the rest of the season,2026-09-02T15:44:14.868001Z,0.0,0,0,0
2026-10-01T00:32:18+00:00,192,629397,Andrews,7,3,45,0,0,0.0,0,,False,0.0,0.0,0.0,0,0,0,0,1950,2718,41055,0.3,u,0,Has joined Oxford United on loan for the rest of the season,2026-08-29T00:35:59.998520Z,0.0,0,0,0
2026-10-01T00:32:18+00:00,193,176412,Wright,7,4,53,-1,-2,-0.1,0,,False,-0.1,-0.1,-0.1,-1,-1,-1,48,546,615,12472,0.1,i,0,Thigh injury - Unknown return date,2026-08-14T22:00:07.214508Z,0.0,0,0,0
2026-10-01T00:32:18+00:00,194,230730,Thomas-Asante,7,4,50,0,0,2.8,0,,False,2.8,2.8,2.8,1,1,1,7931,5813,58556,56838,0.8,a,,,,2.0,4,9,227
2026-10-01T00:32:18+00:00,195,218997,Simms,7,4,49,-1,-1,-0.1,0,,False,-0.1,-0.1,-0.1,-1,-1,-1,1840,5206,40344,64424,0.6,a,,,,0.7,1,4,104
2026-10-01T00:32:18+00:00,196,551262,Markelo,7,4,50,0,0,0.0,0,,False,0.0,0.0,0.0,0,0,0,0,60,0,1187,0.0,u,0,Has joined Shabab Al-Ahli Dubai permanently,2026-08-17T13:53:55.791223Z,0.0,0,0,0
2026-10-01T00:32:18+00:00,197,549653,Bassette,7,4,45,0,0,0.0,0,,False,0.0,0.0,0.0,0,0,0,0,145,0,2104,0.0,u,0,Has joined KVC Westerlo on loan for the rest of the season,2026-07-28T12:58:50.001768Z,0.0,0,0,0
2026-10-01T00:32:18+00:00,492,210156,Awoniyi,7,4,54,-1,-1,-13.2,-1,,False,-13.3,-13.4,-13.5,-1,-1,-1,67,4969,21340,64764,0.4,s,0,Suspended until 19 Oct,2026-09-13T15:00:09.305127Z,0.0,0,3,232
2026-10-01T00:32:18+00:00,575,661888,Yirenkyi,7,3,48,-1,-2,-2.7,0,,False,-2.7,-2.7,-2.7,-1,-1,-1,291,1001,2943,13668,0.1,a,,,,1.7,3,9,265
2026-10-01T00:32:18+00:00,584,196100,Hamer,7,3,54,0,-1,-84.7,0,,False,-84.7,-84.7,-84.7,-3,-3,-3,42,396,792,6403,0.1,a,,,,0.3,0,3,32
2026-10-01T00:32:18+00:00,599,627221,Cherif,7,4,50,0,0,-6.6,0,,False,-6.6,-6.6,-6.6,-1,-1,-1,525,748,7452,7587,0.1,a,,,,0.3,0,1,30
2026-10-01T00:32:18+00:00,623,79602,Bentley,7,1,40,0,0,2.1,0,,False,2.1,2.1,2.1,1,1,1,7985,2286,78363,19178,0.6,a,,,,0.0,0,0,0
2026-10-01T00:32:18+00:00,655,242893,Gboho,7,3,55,0,0,0.0,0,,False,0.0,0.0,0.0,0,0,0,68,52,266,101,0.0,a,,,,0.0,0,0,0
2026-10-01T00:32:18+00:00,656,566213,Mfuni,7,2,40,0,0,0.0,2,,False,0.1,0.1,0.1,1,1,1,1832,848,10144,2649,0.1,a,,,,3.0,6,6,90
2026-10-01T00:32:18+00:00,42,485337,Guessand,8,3,54,0,-1,-27.1,0,,False,-27.1,-27.1,-27.1,-2,-2,-2,108,264,2401,3635,0.0,a,,,,0.0,0,2,54
2026-10-01T00:32:18+00:00,153,220362,Disasi,8,2,45,0,0,-61.1,0,,False,-61.1,-61.1,-61.1,-3,-3,-3,26,757,9427,10338,0.1,s,0,Suspended until 25 Oct,2026-09-12T15:30:09.445078Z,0.0,0,1,139
2026-10-01T00:32:18+00:00,198,172649,Henderson,8,1,50,0,0,-97.2,-2,,False,-97.3,-97.4,-97.5,-4,-4,-4,145,10990,55271,119898,1.3,i,0,Foot injury - Expected back 11 Oct,2026-09-12T14:00:09.378740Z,0.7,0,5,270
2026-10-01T00:32:18+00:00,199,121709,Benitez,8,1,45,0,0,-24.5,0,,False,-24.5,-24.5,-24.5,-2,-2,-2,664,368,3756,4785,0.1,a,,,,2.7,6,8,180
2026-10-01T00:32:18+00:00,202,427623,Richards,8,2,49,-1,-1,0.0,0,,False,0.0,0.0,0.0,0,0,0,1561,2157,22473,37888,0.6,a,,,,3.7,8,14,450
2026-10-01T00:32:18+00:00,203,651426,Canvot,8,2,48,-1,-2,-0.5,0,,False,-0.5,-0.5,-0.5,-1,-1,-1,391,849,5733,19499,0.2,a,,,,3.0,8,10,360
2026-10-01T00:32:18+00:00,204,244723,Mitchell,8,2,45,0,0,26.3,5,,False,26.4,26.5,26.5,2,2,2,14070,15815,310605,264217,6.1,a,,,,7.7,7,24,419
2026-10-01T00:32:18+00:00,205,218364,Sosa,8,2,45,0,0,0.0,0,,False,0.0,0.0,0.0,0,0,0,0,104,236,2073,0.0,u,0,Has joined FC Cologne on loan for the rest of the season,2026-09-02T16:03:25.710518Z,0.0,0,0,0
2026-10-01T00:32:18+00:00,206,515621,Chadi Riad,8,2,43,-1,-2,-4.3,0,,False,-4.3,-4.3,-4.3,-1,-1,-1,25,120,649,5671,0.0,i,0,Knee injury - Unknown return date,2026-08-22T18:00:07.352049Z,0.0,0,1,72
2026-10-01T00:32:18+00:00,207,242313,Mingueza,8,2,44,0,-1,-88.8,0,,False,-88.8,-88.8,-88.8,-3,-3,-3,75,276,1985,4832,0.1,a,,,,0.3,0,2,16
2026-10-01T00:32:18+00:00,208,232185,Sarr,8,3,62,0,-3,0.0,-1,,False,0.0,0.0,-0.1,0,0,-1,2492,2169,6546,376620,0.6,a,100,,2026-08-22T18:00:07.363165Z,0.3,1,1,8
2026-10-01T00:32:18+00:00,210,496221,Wharton,8,3,54,-1,-1,-2.3,0,,False,-2.3,-2.3,-2.3,-1,-1,-1,1151,4497,29558,48487,0.7,a,100,,2026-07-23T12:01:23.498963Z,2.0,2,12,436
2026-10-01T00:32:18+00:00,211,488024,Yeremy,8,3,55,0,0,4.7,0,,False,4.7,4.7,4.7,1,1,1,688,2584,45232,30981,0.3,a,,,,2.7,2,14,307
2026-10-01T00:32:18+00:00,212,108413,Hughes,8,3,44,0,-1,-19.9,-3,,False,-20.0,-20.1,-20.1,-2,-2,-2,8948,43607,122347,482222,7.3,a,,,,0.7,0,2,29
2026-10-01T00:32:18+00:00,213,152551,Lerma,8,3,48,-1,-2,-1.9,0,,False,-1.9,-1.9,-1.9,-1,-1,-1,89,369,1295,5550,0.1,a,,,,0.3,0,1,51
2026-10-01T00:32:18+00:00,214,209400,Kamada,8,3,50,0,0,11.4,0,,False,11.4,11.4,11.4,1,1,1,3168,2949,49915,24566,0.5,a,,,,5.3,3,21,441
2026-10-01T00:32:18+00:00,215,489706,Devenny,8,3,50,0,0,0.0,0,,False,0.0,0.0,0.0,0,0,0,0,33,132,947,0.0,u,0,Has joined Stoke City permanently,2026-09-02T15:41:07.346849Z,0.0,0,0,0
2026-10-01T00:32:18+00:00,216,606921,Esse,8,3,50,0,0,0.0,0,,False,0.0,0.0,0.0,0,0,0,0,120,399,3231,0.0,u,0,Has joined Millwall on loan for the rest of the season,2026-09-02T15:41:07.376544Z,0.0,0,0,0
2026-10-01T00:32:18+00:00,217,536694,M.França,8,3,49,0,-1,0.0,0,,False,0.0,0.0,0.0,0,0,0,0,156,1007,3438,0.0,u,0,Has joined Alverca on loan for the rest of the season,2026-09-11T14:42:19.322912Z,0.0,0,0,0
2026-10-01T00:32:18+00:00,218,438464,Doucouré,8,3,48,-1,-2,-2.2,0,,False,-2.2,-2.2,-2.2,-1,-1,-1,109,291,2083,4456,0.0,a,,,,0.0,0,0,0
2026-10-01T00:32:18+00:00,219,450542,J.Rak-Sakyi,8,3,49,0,-1,0.0,0,,False,0.0,0.0,0.0,0,0,0,0,23,145,465,0.0,u,0,has joined  Kasimpasa on loan for the rest of the seaon.,2026-09-10T09:12:47.224598Z,0.0,0,0,0
2026-10-01T00:32:18+00:00,220,590014,Cardines,8,2,45,0,0,0.0,0,,False,0.0,0.0,0.0,0,0,0,0,3,0,128,0.0,u,0,Has joined Bristol City on loan for the rest of the season,2026-08-12T14:08:46.501813Z,0.0,0,0,0
2026-10-01T00:32:18+00:00,221,672492,Drakes-Thomas,8,3,45,0,0,-93.9,0,,False,-93.9,-93.9,-93.9,-3,-3,-3,136,418,2684,4663,0.1,a,,,,0.0,0,0,0
2026-10-01T00:32:18+00:00,222,247412,Strand Larsen,8,4,60,0,0,5.1,-1,,False,5.1,5.1,5.1,1,1,1,4786,3825,50011,40879,0.7,a,,,,3.7,2,14,298
2026-10-01T00:32:18+00:00,223,231747,Mateta,8,4,63,0,-2,-25.3,0,,False,-25.3,-25.3,-25.3,-2,-2,-2,203,8984,25956,454471,1.3,i,0,Hamstring injury - Expected back 11 Oct,2026-08-28T21:00:08.020382Z,0.0,0,2,62
2026-10-01T00:32:18+00:00,224,205533,Nketiah,8,4,55,0,0,-17.8,0,,False,-17.8,-17.8,-17.8,-1,-1,-1,1246,3297,47227,49944,0.5,a,100,,2026-09-12T14:00:09.427136Z,1.7,1,8,175
2026-10-01T00:32:18+00:00,225,660392,Uche,8,4,50,0,0,0.0,0,,False,0.0,0.0,0.0,0,0,0,0,0,0,0,0.0,u,0,has returned to Getafe CF,2026-07-23T12:18:56.275922Z,0.0,0,0,0
2026-10-01T00:32:18+00:00,241,433154,McNeil,8,3,54,0,-1,-95.3,0,,False,-95.3,-95.3,-95.3,-4,-4,-4,70,467,1777,8196,0.1,a,,,,0.0,0,3,84
2026-10-01T00:32:18+00:00,555,169593,Matthews,8,1,40,0,0,-9.2,0,,False,-9.2,-9.2,-9.2,-1,-1,-1,1079,2987,23263,31427,1.7,a,,,,0.0,0,0,0
2026-10-01T00:32:18+00:00,577,223723,Tomiyasu,8,2,44,0,-1,-13.5,0,,False,-13.5,-13.5,-13.5,-1,-1,-1,148,1151,3477,13271,0.3,d,75,Calf injury - 75% chance of playing,2026-09-21T13:30:09.030724Z,0.3,1,3,189
2026-10-01T00:32:18+00:00,588,570794,Khalaili,8,2,50,0,0,6.7,0,,False,6.7,6.7,6.7,1,1,1,2029,1085,34722,15339,0.3,a,,,,5.3,6,19,379
2026-10-01T00:32:18+00:00,595,559152,Gozo,8,3,49,-1,-1,-0.9,0,,False,-0.9,-0.9,-0.9,-1,-1,-1,39,90,489,883,0.0,a,,,,0.3,0,2,28
2026-10-01T00:32:18+00:00,633,605972,Ahanor,8,2,45,0,0,0.1,0,,False,0.1,0.1,0.1,1,1,1,136,105,1911,557,0.0,a,,,,1.0,0,3,90
2026-10-01T00:32:18+00:00,643,172850,Chilwell,8,2,45,0,0,-73.2,0,,False,-73.2,-73.2,-73.2,-3,-3,-3,553,2904,43107,18114,0.4,a,,,,2.7,0,8,29
2026-10-01T00:32:18+00:00,644,450063,Timber,8,3,50,0,0,0.2,0,,False,0.2,0.2,0.2,1,1,1,451,311,4274,1503,0.0,a,,,,3.0,3,9,253
2026-10-01T00:32:18+00:00,647,533646,Osorio,8,3,55,0,0,-73.5,0,,False,-73.5,-73.5,-73.5,-3,-3,-3,26,74,945,410,0.0,a,,,,0.3,0,1,1
2026-10-01T00:32:18+00:00,21,128295,Nørgaard,9,3,48,-1,-2,-0.2,0,,False,-0.2,-0.2,-0.2,-1,-1,-1,54,320,494,7422,0.0,i,0,Groin injury - Unknown return date,2026-08-15T20:00:06.779594Z,0.0,0,0,0
2026-10-01T00:32:18+00:00,209,242898,Johnson,9,3,59,0,-1,-19.3,0,,False,-19.3,-19.3,-19.3,-1,-1,-1,397,695,5292,10410,0.1,a,,,,2.3,3,9,238
2026-10-01T00:32:18+00:00,226,111234,Pickford,9,1,55,0,0,29.3,-3,,False,29.3,29.2,29.2,2,2,2,28320,15272,295837,235391,9.1,a,,,,5.0,8,25,450
2026-10-01T00:32:18+00:00,227,229600,Travers,9,1,50,0,0,-32.3,0,,False,-32.3,-32.3,-32.3,-2,-2,-2,248,260,1806,2122,0.0,a,,,,0.0,0,0,0
2026-10-01T00:32:18+00:00,228,138001,King,9,1,45,0,0,-41.3,0,,False,-41.3,-41.3,-41.3,-3,-3,-3,112,167,1179,1734,0.0,a,,,,0.0,0,0,0
2026-10-01T00:32:18+00:00,229,17761,Tarkowski,9,2,62,1,2,0.0,25,,False,0.1,0.3,0.4,1,1,1,231116,20074,941924,283660,16.5,a,,,,8.3,14,43,450
2026-10-01T00:32:18+00:00,230,480455,Branthwaite,9,2,55,0,0,35.4,0,,False,35.4,35.4,35.4,2,2,2,19309,7065,139481,71530,2.4,a,,,,5.7,8,27,450
2026-10-01T00:32:18+00:00,231,106611,Keane,9,2,48,0,-2,-38.7,0,,False,-38.7,-38.7,-38.7,-2,-2,-2,379,3800,9284,90599,0.7,a,,,,0.0,0,0,0
2026-10-01T00:32:18+00:00,232,512462,O'Brien,9,2,48,-1,-2,-3.7,0,,False,-3.7,-3.7,-3.7,-1,-1,-1,324,1116,4579,24587,0.3,a,,,,0.7,1,2,16
2026-10-01T00:32:18+00:00,233,224967,Mykolenko,9,2,46,1,1,1.3,0,,False,1.3,1.3,1.3,1,1,1,40956,21243,412148,117696,4.2,a,,,,5.7,5,27,450
2026-10-01T00:32:18+00:00,234,243571,Patterson,9,2,45,0,0,0.0,0,,False,0.0,0.0,0.0,0,0,0,0,121,371,2434,0.0,u,0,Has joined Torino permanently,2026-09-02T16:05:23.326971Z,0.0,0,0,0
2026-10-01T00:32:18+00:00,235,499300,Aznou,9,2,40,0,0,0.0,0,,False,0.0,0.0,0.0,0,0,0,0,551,1728,11145,0.1,u,0,Has joined Malaga on loan for the rest of the season,2026-09-01T13:23:16.934847Z,0.0,0,0,0
2026-10-01T00:32:18+00:00,236,215413,Dewsbury-Hall,9,3,66,1,1,-15.5,-2,,False,-15.5,-15.6,-15.6,-1,-1,-1,33954,43990,584718,323354,6.0,a,,,,2.3,3,20,450
2026-10-01T00:32:18+00:00,238,114283,Grealish,9,3,65,0,0,8.6,0,,False,8.6,8.6,8.6,1,1,1,3641,2931,40685,23215,0.5,a,100,,2026-07-29T10:00:10.492904Z,1.7,3,6,135
2026-10-01T00:32:18+00:00,239,232928,Garner,9,3,60,0,0,3.5,0,,False,3.5,3.5,3.5,1,1,1,1704,1958,21156,13858,0.2,a,100,,2026-09-06T18:00:08.301702Z,3.0,3,11,328
2026-10-01T00:32:18+00:00,242,550615,George,9,3,55,0,0,30.0,0,,False,30.0,30.0,30.0,2,2,2,2400,10621,107065,42285,0.9,a,,,,4.7,1,19,309
2026-10-01T00:32:18+00:00,243,502697,Alcaraz,9,3,49,0,-1,-46.1,0,,False,-46.1,-46.1,-46.1,-3,-3,-3,158,403,2859,5836,0.1,a,,,,0.0,0,1,5
2026-10-01T00:32:18+00:00,244,609873,Armstrong,9,3,50,0,0,9.3,0,,False,9.3,9.3,9.3,1,1,1,813,3283,53873,32637,0.4,a,100,,2026-09-17T08:30:08.942299Z,2.0,2,16,446
2026-10-01T00:32:18+00:00,245,496661,Dibling,9,3,54,0,-1,-89.7,0,,False,-89.7,-89.7,-89.7,-3,-3,-3,115,154,1170,2653,0.0,a,,,,0.3,1,1,24
2026-10-01T00:32:18+00:00,246,513466,Röhl,9,3,49,0,-1,-45.2,0,,False,-45.2,-45.2,-45.2,-3,-3,-3,7,579,1962,4679,0.0,i,0,Unspecified injury - Expected back 11 Oct,2026-09-16T18:00:09.541933Z,0.3,0,6,249
2026-10-01T00:32:18+00:00,247,244860,Hackney,9,3,54,-1,-1,-5.1,0,,False,-5.1,-5.1,-5.1,-1,-1,-1,190,1069,3741,11909,0.2,a,100,,2026-08-26T22:00:07.797766Z,2.0,1,10,137
2026-10-01T00:32:18+00:00,248,486385,Beto,9,4,54,0,-1,0.0,-4,,False,0.0,0.0,0.0,0,0,0,0,7216,16222,219538,0.6,u,0,Has joined Fiorentina permanently,2026-09-02T16:05:23.357221Z,0.0,0,2,31
2026-10-01T00:32:18+00:00,249,586309,Barry,9,4,57,1,2,0.3,9,,False,0.3,0.4,0.4,1,1,1,83652,38351,965807,356527,8.3,a,,,,3.3,6,20,417
2026-10-01T00:32:18+00:00,649,154043,Maitland-Niles,9,2,45,0,0,17.3,0,,False,17.3,17.3,17.3,1,1,1,19196,4610,92228,14502,1.4,a,,,,7.0,8,21,177
2026-10-01T00:32:18+00:00,654,629068,Graham,9,3,45,0,0,-34.0,-1,,False,-35.7,-37.5,-39.2,-2,-2,-2,228,994,11274,5299,0.1,a,,,,0.0,0,0,0
2026-10-01T00:32:18+00:00,250,80201,Leno,10,1,45,0,0,8.7,4,,False,8.7,8.8,8.8,1,1,1,38355,11033,149252,102075,3.4,a,,,,4.3,3,18,450
2026-10-01T00:32:18+00:00,251,86873,Lecomte,10,1,40,0,0,-23.8,0,,False,-23.8,-23.8,-23.8,-2,-2,-2,2457,2467,25185,25902,1.1,a,,,,0.0,0,0,0
2026-10-01T00:32:18+00:00,252,505079,McNally,10,1,40,0,0,0.0,0,,False,0.0,0.0,0.0,0,0,0,0,596,2589,6592,0.1,u,0,Has joined York City on loan for the rest of the season,2026-09-01T13:25:11.231240Z,0.0,0,0,0
2026-10-01T00:32:18+00:00,253,174874,Andersen,10,2,50,0,0,0.8,1,,False,0.8,0.8,0.8,1,1,1,2675,1073,14549,9183,0.2,a,100,,2026-07-23T12:01:23.516350Z,0.7,1,3,190
2026-10-01T00:32:18+00:00,254,169528,Robinson,10,2,45,0,0,-18.9,4,,False,-18.5,-18.1,-17.7,-1,-1,-1,15585,6529,58070,70504,1.5,a,,,,3.0,2,12,429
2026-10-01T00:32:18+00:00,255,246301,J.Cuenca,10,2,45,0,0,-72.0,0,,False,-72.0,-72.0,-72.0,-3,-3,-3,66,109,1546,2002,0.0,a,,,,0.0,0,3,90
2026-10-01T00:32:18+00:00,256,167074,Tete,10,2,44,0,-1,-0.4,0,,False,-0.4,-0.4,-0.4,-1,-1,-1,54,1028,1385,10473,0.2,a,100,,2026-09-18T12:30:09.546158Z,0.0,0,0,27
2026-10-01T00:32:18+00:00,257,232892,Bassey,10,2,45,0,0,0.0,1,,False,0.0,0.1,0.1,0,1,1,5274,1759,26288,29905,0.7,a,,,,4.3,6,15,450
2026-10-01T00:32:18+00:00,258,166477,Castagne,10,2,45,0,0,14.1,1,,False,14.1,14.1,14.1,1,1,1,14377,4780,91019,43509,0.9,a,,,,2.7,1,20,408
2026-10-01T00:32:18+00:00,261,153133,Iwobi,10,3,54,0,-1,-58.9,3,,False,-58.2,-57.6,-56.9,-3,-3,-3,3355,3173,22275,55534,0.7,a,,,,3.3,5,14,408
2026-10-01T00:32:18+00:00,262,209289,Smith Rowe,10,3,53,-1,-2,-0.9,0,,False,-0.9,-0.9,-0.9,-1,-1,-1,299,1320,4497,20979,0.2,a,,,,0.7,0,3,38
2026-10-01T00:32:18+00:00,263,560552,Kevin,10,3,53,0,-2,-13.3,0,,False,-13.3,-13.3,-13.3,-1,-1,-1,191,283,1995,4220,0.0,a,,,,0.7,1,4,61
2026-10-01T00:32:18+00:00,264,477555,Bobb,10,3,55,0,0,-48.5,-2,,False,-49.7,-50.9,-52.2,-3,-3,-3,2251,1763,16254,20869,0.3,a,,,,2.7,3,13,343
2026-10-01T00:32:18+00:00,265,207189,Berge,10,3,49,0,-1,-33.8,0,,False,-33.8,-33.8,-33.8,-2,-2,-2,614,1278,6345,18034,0.3,a,,,,2.3,3,11,349
2026-10-01T00:32:18+00:00,266,76357,Cairney,10,3,49,0,-1,-15.2,0,,False,-15.2,-15.2,-15.2,-1,-1,-1,8,20,109,331,0.0,i,0,Knee injury - Expected back 10 Oct,2026-08-14T18:00:06.460944Z,0.0,0,0,0
2026-10-01T00:32:18+00:00,268,577725,King,10,3,55,0,0,87.5,19,,False,87.8,88.1,88.4,3,3,3,86184,17889,330319,96457,2.6,a,,,,5.0,2,24,425
2026-10-01T00:32:18+00:00,269,184349,Sessegnon,10,2,43,-1,-2,-1.6,0,,False,-1.6,-1.6,-1.6,-1,-1,-1,295,1278,2738,18976,0.3,a,100,,2026-09-14T11:30:07.403957Z,0.3,0,3,50
2026-10-01T00:32:18+00:00,270,153366,Reed,10,3,44,0,-1,-11.2,0,,False,-11.2,-11.2,-11.2,-1,-1,-1,2773,6766,36265,72991,1.1,a,,,,0.0,0,0,0
2026-10-01T00:32:18+00:00,271,244042,Muniz,10,4,54,0,-1,-50.4,0,,False,-50.4,-50.4,-50.4,-3,-3,-3,1689,2629,16018,35070,0.4,a,,,,0.7,0,3,38
2026-10-01T00:32:18+00:00,272,631786,Kusi-Asare,10,4,45,0,0,-63.2,-3,,False,-63.3,-63.4,-63.5,-3,-3,-3,10727,32827,160198,300632,5.4,a,,,,0.0,0,0,0
2026-10-01T00:32:18+00:00,569,551466,Gonzalo,10,4,60,0,0,57.2,17,,False,57.5,57.7,58.0,3,3,3,66456,31907,428765,311292,4.0,a,,,,2.0,2,14,425
2026-10-01T00:32:18+00:00,570,571779,Palacios,10,3,54,0,-1,-7.0,0,,False,-7.0,-7.0,-7.0,-1,-1,-1,702,935,5991,10581,0.2,a,,,,3.0,1,12,226
2026-10-01T00:32:18+00:00,580,463210,Charles,10,3,50,0,0,-81.4,0,,False,-81.4,-81.4,-81.4,-3,-3,-3,584,423,2314,4099,0.1,a,,,,3.7,4,13,303
2026-10-01T00:32:18+00:00,610,547686,De Fougerolles,10,2,40,0,0,0.0,0,,False,0.0,0.0,0.0,0,0,0,0,497,5787,5243,0.1,u,0,has joined  Real Salt Lake on loan for the rest of the seaon.,2026-08-28T11:30:08.336405Z,0.0,0,0,0
2026-10-01T00:32:18+00:00,626,616069,Zepa,10,3,44,-1,-1,0.1,1,,False,0.2,0.2,0.2,1,1,1,600,2217,34767,18431,0.3,a,,,,0.0,0,0,0
2026-10-01T00:32:18+00:00,635,551050,Larsson,10,3,50,0,0,0.0,0,,False,0.0,0.0,0.0,0,0,0,92,70,837,303,0.0,a,,,,1.0,1,3,37
2026-10-01T00:32:18+00:00,636,500033,Ángel,10,3,50,0,0,0.0,0,,False,0.0,0.0,0.0,0,0,0,32,27,369,169,0.0,a,,,,0.0,0,0,0
2026-10-01T00:32:18+00:00,650,442299,Affengruber,10,2,45,0,0,1.2,2,,False,1.2,1.2,1.2,1,1,1,5445,1250,8323,1872,0.1,a,,,,4.0,4,12,180
2026-10-01T00:32:18+00:00,240,490094,Iroegbunam,11,3,50,0,0,0.1,0,,False,0.1,0.1,0.1,1,1,1,75,137,1113,1151,0.0,a,100,,2026-08-15T20:00:06.878792Z,0.3,1,2,70
2026-10-01T00:32:18+00:00,273,167825,Phillips,11,1,40,0,0,-28.0,-2,,False,-28.3,-28.5,-28.8,-2,-2,-2,2957,3453,29082,38336,1.4,a,,,,0.0,0,0,0
2026-10-01T00:32:18+00:00,274,105666,Butland,11,1,44,-1,-1,-0.7,0,,False,-0.7,-0.7,-0.7,-1,-1,-1,67,322,636,4935,0.1,i,0,Arm injury - Unknown return date,2026-08-08T19:00:05.601633Z,0.0,0,0,0
2026-10-01T00:32:18+00:00,275,494950,Cartwright,11,1,40,0,0,0.0,0,,False,0.0,0.0,0.0,0,0,0,0,25,0,327,0.0,u,0,Has joined Grimsby Town on loan for the rest of the season,2026-07-29T13:00:27.959925Z,0.0,0,0,0
2026-10-01T00:32:18+00:00,276,444307,Lo-Tutala,11,1,40,0,0,0.0,0,,False,0.0,0.0,0.0,0,0,0,0,113,0,1107,0.0,u,0,Has joined Colchester United on loan for the rest of the season,2026-08-17T13:50:27.125537Z,0.0,0,0,0
2026-10-01T00:32:18+00:00,277,108416,Egan,11,2,41,0,1,26.1,-6,,False,26.0,25.9,25.9,2,2,2,26796,29075,749955,215996,7.0,a,,,,3.0,1,26,437
2026-10-01T00:32:18+00:00,278,501902,Hughes,11,2,39,0,-1,0.5,0,,False,0.5,0.5,0.5,1,1,1,1083,1921,16872,12888,0.2,i,0,Groin injury - Unknown return date,2026-08-02T09:00:11.030017Z,0.0,0,0,0
2026-10-01T00:32:18+00:00,279,146426,Ajayi,11,2,42,0,2,69.4,-4,,False,69.3,69.3,69.2,3,3,3,43074,58377,1354459,308879,14.0,a,100,,2026-08-22T17:30:07.668197Z,2.3,1,27,423
2026-10-01T00:32:18+00:00,280,193278,Coyle,11,2,40,0,0,0.3,0,,False,0.3,0.3,0.3,1,1,1,2045,2010,27617,25818,0.7,a,100,,2026-08-29T16:30:08.151841Z,2.7,1,14,348
2026-10-01T00:32:18+00:00,281,433590,Drameh,11,2,40,0,0,0.0,0,,False,0.0,0.0,0.0,0,0,0,0,252,2118,4505,0.0,u,0,Has joined Genoa permanently,2026-09-02T16:09:06.479140Z,0.0,0,2,65
2026-10-01T00:32:18+00:00,282,232351,Giles,11,2,40,0,0,69.9,-2,,False,69.8,69.8,69.8,3,3,3,21093,13646,277910,65937,2.9,a,,,,4.0,0,24,444
2026-10-01T00:32:18+00:00,283,449428,Jacob,11,2,40,0,0,0.0,0,,False,0.0,0.0,0.0,0,0,0,0,34,114,691,0.0,u,0,Has joined Newport County on loan until January,2026-08-02T09:00:11.038361Z,0.0,0,0,0
2026-10-01T00:32:18+00:00,284,661800,McCarthy,11,2,40,0,0,0.4,-1,,False,0.4,0.4,0.4,1,1,1,390,430,4924,4582,0.1,a,,,,0.0,0,0,0
2026-10-01T00:32:18+00:00,285,160817,McNair,11,2,40,0,0,-41.9,0,,False,-41.9,-41.9,-41.9,-3,-3,-3,192,407,3145,4716,0.1,a,100,,2026-09-09T13:30:08.327907Z,0.0,0,1,26
2026-10-01T00:32:18+00:00,286,540324,Belloumi,11,3,51,0,1,36.6,4,,False,36.6,36.7,36.7,2,2,2,75334,24503,505270,84541,5.1,a,,,,7.3,4,31,394
2026-10-01T00:32:18+00:00,287,232905,Millar,11,3,50,0,0,0.0,0,,False,0.0,0.0,0.0,0,0,0,0,297,3178,7517,0.0,u,0,Has joined Birmingham on loan for the rest of the season,2026-09-02T15:36:41.038103Z,0.0,0,6,50
2026-10-01T00:32:18+00:00,288,171270,Dowell,11,3,45,0,0,-95.0,0,,False,-95.0,-95.0,-95.0,-4,-4,-4,582,1980,12339,21563,0.3,a,,,,0.0,0,0,0
2026-10-01T00:32:18+00:00,289,101282,Crooks,11,3,44,-1,-1,0.7,0,,False,0.7,0.7,0.7,1,1,1,5010,4133,24369,40362,0.5,a,100,,2026-08-29T15:00:08.569326Z,0.3,0,3,203
2026-10-01T00:32:18+00:00,290,243413,Slater,11,3,45,0,0,74.7,4,,False,74.8,74.8,74.9,3,3,3,15529,36823,498462,277822,5.2,a,,,,2.3,2,15,437
2026-10-01T00:32:18+00:00,291,465525,Matazo,11,3,45,0,0,-14.7,0,,False,-14.7,-14.7,-14.7,-1,-1,-1,29,53,380,491,0.0,i,0,Knee injury - Unknown return date,2026-07-23T12:01:23.532635Z,0.0,0,0,0
2026-10-01T00:32:18+00:00,292,208481,Ömür,11,3,49,0,-1,-10.0,0,,False,-10.0,-10.0,-10.0,-1,-1,-1,84,145,1202,1626,0.0,a,,,,0.0,0,0,0
2026-10-01T00:32:18+00:00,293,490161,Kamara,11,3,50,0,0,0.0,0,,False,0.0,0.0,0.0,0,0,0,0,12,0,374,0.0,u,0,Has joined Portsmouth permanently,2026-08-12T14:08:23.542043Z,0.0,0,0,0
2026-10-01T00:32:18+00:00,294,553783,Zambrano,11,3,45,0,0,-22.2,0,,False,-22.2,-22.2,-22.2,-2,-2,-2,148,486,3877,6815,0.1,a,100,,2026-08-04T18:30:11.016909Z,0.0,0,0,0
2026-10-01T00:32:18+00:00,295,169432,McBurnie,11,4,55,0,0,27.6,0,,False,27.6,27.6,27.6,2,2,2,7828,17733,188814,153080,1.9,a,,,,2.3,1,13,441
2026-10-01T00:32:18+00:00,296,213292,Akintola,11,3,50,0,0,0.0,-1,,False,0.0,0.0,0.0,0,0,0,0,265,2704,4878,0.0,u,0,Has joined Omonoia FC permanently,2026-09-11T14:42:38.120231Z,0.0,0,0,0
2026-10-01T00:32:18+00:00,297,470294,Gyabi,11,3,44,-1,-1,-0.6,0,,False,-0.6,-0.6,-0.6,-1,-1,-1,57,139,446,1607,0.0,i,0,Thigh injury - Unknown return date,2026-08-04T18:30:11.027155Z,0.0,0,0,0
2026-10-01T00:32:18+00:00,298,500957,Destan,11,4,45,0,0,0.0,0,,False,0.0,0.0,0.0,0,0,0,0,1306,0,22259,0.2,u,0,Has joined Konyaspor permanently,2026-08-17T13:50:27.145733Z,0.0,0,0,0
2026-10-01T00:32:18+00:00,299,534392,Burstow,11,4,45,0,0,0.0,0,,False,0.0,0.0,0.0,0,0,0,0,215,0,3065,0.0,u,0,Has joined Sheffield Wednesday on loan for the rest of the season,2026-08-03T14:05:20.234842Z,0.0,0,0,0
2026-10-01T00:32:18+00:00,340,462635,Gelhardt,11,3,50,0,0,0.0,0,,False,0.0,0.0,0.0,0,0,0,95,108,705,1015,0.0,a,100,,2026-08-17T21:30:07.799839Z,0.3,1,1,7
2026-10-01T00:32:18+00:00,556,169359,Targett,11,2,40,0,0,-74.0,0,,False,-74.0,-74.0,-74.0,-3,-3,-3,111,9764,24835,87040,1.6,d,75,Ankle injury - 75% chance of playing,2026-09-17T14:00:26.419938Z,0.0,0,1,5
2026-10-01T00:32:18+00:00,563,445028,Morita,11,3,49,-1,-1,-0.2,0,,False,-0.2,-0.2,-0.2,-1,-1,-1,24,176,727,1772,0.0,i,0,Calf injury - Expected back 11 Oct,2026-09-09T14:00:08.474217Z,0.0,0,1,45
2026-10-01T00:32:18+00:00,572,473284,Tzolakis,11,1,47,1,2,0.7,6,,False,0.7,0.7,0.8,1,1,1,124258,21475,995586,217125,12.8,a,,,,4.7,6,34,450
2026-10-01T00:32:18+00:00,574,552946,Hjertø-Dahl,11,3,49,0,-1,-75.1,0,,False,-75.1,-75.1,-75.1,-3,-3,-3,75,326,1436,4446,0.1,a,,,,0.3,0,1,8
2026-10-01T00:32:18+00:00,576,608227,Stroud,11,3,50,0,0,-52.1,0,,False,-52.1,-52.1,-52.1,-3,-3,-3,144,455,3666,4678,0.1,a,,,,1.3,0,7,249
2026-10-01T00:32:18+00:00,585,597462,Herrington,11,2,40,0,0,-27.2,0,,False,-27.2,-27.2,-27.2,-2,-2,-2,1027,1669,12826,18556,0.6,a,,,,1.0,1,5,197
2026-10-01T00:32:18+00:00,586,606930,Mendy,11,2,41,0,1,-0.5,0,,False,-0.5,-0.5,-0.5,-1,-1,-1,6907,33298,683199,358281,6.3,a,100,,2026-09-12T18:00:09.334142Z,3.0,0,25,249
2026-10-01T00:32:18+00:00,589,469266,Gourna-Douath,11,3,50,0,0,-78.9,0,,False,-78.9,-78.9,-78.9,-3,-3,-3,32,106,701,1341,0.0,a,,,,1.0,1,4,138
2026-10-01T00:32:18+00:00,617,490884,Cho,11,3,50,0,0,0.2,0,,False,0.2,0.2,0.2,1,1,1,347,148,1783,760,0.0,a,,,,2.7,6,9,72
2026-10-01T00:32:18+00:00,632,626751,Ansah,11,4,50,0,0,-64.2,0,,False,-64.2,-64.2,-64.2,-3,-3,-3,73,411,5120,3491,0.0,i,0,Back injury - Unknown return date,2026-09-09T10:00:08.919489Z,0.0,0,0,0
2026-10-01T00:32:18+00:00,637,631000,Vaz,11,4,50,0,0,1.2,0,,False,1.2,1.2,1.2,1,1,1,1817,1143,12322,3964,0.1,a,,,,0.7,1,2,20
2026-10-01T00:32:18+00:00,638,496181,Norton-Cuffy,11,2,40,0,0,-25.5,-1,,False,-25.9,-26.3,-26.7,-2,-2,-2,450,2552,26066,10378,0.2,d,75,Hamstring injury - 75% chance of playing,2026-09-21T08:30:09.561308Z,0.3,0,1,34
2026-10-01T00:32:18+00:00,642,243951,Thomas,11,3,55,0,0,0.3,0,,False,0.3,0.3,0.3,1,1,1,462,346,3066,1195,0.0,a,,,,1.3,2,4,119
2026-10-01T00:32:18+00:00,645,647839,Mouzakitis,11,3,50,0,0,0.0,0,,False,0.0,0.0,0.0,0,0,0,88,89,780,315,0.0,a,,,,0.0,0,0,0
2026-10-01T00:32:18+00:00,259,219924,Diop,12,2,40,0,0,-52.9,-6,,False,-53.0,-53.1,-53.1,-3,-3,-3,6957,54779,135994,507401,12.7,a,,,,2.7,4,12,450
2026-10-01T00:32:18+00:00,267,212314,Lukić,12,3,49,-1,-1,-5.3,0,,False,-5.3,-5.3,-5.3,-1,-1,-1,190,516,3418,6469,0.1,a,,,,1.7,2,11,400
2026-10-01T00:32:18+00:00,300,108813,Walton,12,1,44,0,-1,-7.3,0,,False,-7.3,-7.3,-7.3,-1,-1,-1,1658,1022,3343,14935,0.4,a,,,,0.7,2,2,90
2026-10-01T00:32:18+00:00,301,112520,Palmer,12,1,40,0,0,-25.5,0,,False,-25.5,-25.5,-25.5,-2,-2,-2,3925,11747,74521,112986,3.9,a,,,,0.0,0,0,0
2026-10-01T00:32:18+00:00,302,50093,Button,12,1,40,0,0,1.1,0,,False,1.1,1.1,1.1,1,1,1,1448,1309,31458,15161,0.6,a,,,,0.0,0,0,0
2026-10-01T00:32:18+00:00,303,183015,Kipré,12,2,39,0,-1,3.1,0,,False,3.1,3.1,3.1,1,1,1,4439,4337,49060,29084,0.9,a,,,,0.0,0,0,0
2026-10-01T00:32:18+00:00,304,216616,O'Shea,12,2,40,0,0,-40.1,0,,False,-40.1,-40.1,-40.1,-3,-3,-3,1949,14589,65368,127932,2.7,a,,,,2.0,2,10,450
2026-10-01T00:32:18+00:00,305,455084,Davis,12,2,40,0,0,72.3,4,,False,72.3,72.4,72.4,3,3,3,49750,27408,369953,185024,6.9,a,,,,5.7,2,25,450
2026-10-01T00:32:18+00:00,306,449429,Greaves,12,2,40,0,0,-90.3,0,,False,-90.3,-90.3,-90.3,-3,-3,-3,470,3420,8206,38161,1.1,a,,,,0.7,0,3,357
2026-10-01T00:32:18+00:00,307,222018,Johnson,12,2,40,0,0,0.0,0,,False,0.0,0.0,0.0,0,0,0,0,359,1137,6306,0.1,u,0,Has joined Stoke City on loan for the rest of the season,2026-09-04T12:36:56.236331Z,0.0,0,0,0
2026-10-01T00:32:18+00:00,308,176420,Furlong,12,2,39,0,-1,2.0,0,,False,2.0,2.0,2.0,1,1,1,6359,2874,18996,19651,0.6,a,,,,0.0,0,1,17
2026-10-01T00:32:18+00:00,309,501390,Núñez,12,3,49,0,-1,-34.8,0,,False,-34.8,-34.8,-34.8,-2,-2,-2,96,628,3113,7635,0.1,a,,,,0.0,0,6,140
2026-10-01T00:32:18+00:00,310,241117,Matusiwa,12,3,49,0,-1,0.0,0,,False,0.0,0.0,0.0,0,0,0,15,18,126,279,0.0,a,100,,2026-07-29T18:00:10.305484Z,0.0,0,0,0
2026-10-01T00:32:18+00:00,311,149929,Burns,12,3,50,0,0,0.0,0,,False,0.0,0.0,0.0,0,0,0,0,8,0,347,0.0,u,0,Has joined Leicester City permanently,2026-08-10T14:02:47.597478Z,0.0,0,0,0
2026-10-01T00:32:18+00:00,312,231899,Taylor,12,3,44,-1,-1,0.1,0,,False,0.1,0.1,0.1,1,1,1,379,268,955,2649,0.0,i,0,Knee injury - Unknown return date,2026-07-29T18:00:10.319370Z,0.0,0,0,0
2026-10-01T00:32:18+00:00,313,443261,Clarke,12,3,54,0,-1,-84.6,0,,False,-84.6,-84.6,-84.6,-3,-3,-3,143,917,5494,15711,0.2,a,,,,1.3,2,11,170
2026-10-01T00:32:18+00:00,314,229164,Ogbene,12,3,49,0,-1,0.0,0,,False,0.0,0.0,0.0,0,0,0,0,66,104,1208,0.0,u,0,Has joined Lincoln City on loan until January,2026-09-02T16:04:17.497385Z,0.0,0,0,0
2026-10-01T00:32:18+00:00,315,531442,Fatawu,12,3,54,0,-1,-33.5,-2,,False,-34.2,-34.9,-35.6,-2,-2,-2,55,2482,5357,13326,0.2,s,0,Suspended until 17 Oct,2026-09-19T15:30:10.126897Z,0.7,-1,8,352
2026-10-01T00:32:18+00:00,316,543968,Emersonn,12,4,55,0,0,83.6,4,,False,83.6,83.7,83.8,3,3,3,33829,22812,317527,142086,3.5,a,100,,2026-08-31T09:30:08.306145Z,5.3,2,26,317
2026-10-01T00:32:18+00:00,317,222625,Hirst,12,4,50,0,0,0.0,0,,False,0.0,0.0,0.0,0,0,0,0,472,0,17102,0.1,u,0,Has joined Stoke City permanently,2026-08-21T13:06:08.606019Z,0.0,0,0,0
2026-10-01T00:32:18+00:00,318,481624,Philogene,12,3,54,0,-1,-7.9,0,,False,-7.9,-7.9,-7.9,-1,-1,-1,33,156,301,9280,0.1,a,100,,2026-08-25T11:30:07.532993Z,0.7,1,2,52
2026-10-01T00:32:18+00:00,319,172453,Szmodics,12,3,50,0,0,0.0,0,,False,0.0,0.0,0.0,0,0,0,0,13,0,760,0.0,u,0,Has joined Derby County on loan for the rest of the season,2026-08-17T13:51:41.713979Z,0.0,0,0,0
2026-10-01T00:32:18+00:00,320,147675,Akpom,12,4,50,0,0,24.0,0,,False,24.0,24.0,24.0,2,2,2,4986,9514,130942,73947,1.2,a,,,,0.3,1,7,78
2026-10-01T00:32:18+00:00,321,557012,Walle Egeli,12,4,45,0,0,38.8,3,,False,38.8,38.9,38.9,2,2,2,17850,26430,330471,210917,3.5,a,,,,0.0,0,1,10
2026-10-01T00:32:18+00:00,322,462387,Al-Hamadi,12,4,50,0,0,0.0,0,,False,0.0,0.0,0.0,0,0,0,0,365,755,9910,0.0,u,0,Has joined Sheffield Wednesday on loan for the rest of the season,2026-08-27T14:54:10.215357Z,0.0,0,0,0
2026-10-01T00:32:18+00:00,323,461587,McAteer,12,3,44,-1,-1,-1.0,0,,False,-1.0,-1.0,-1.0,-1,-1,-1,1464,6351,28208,62198,1.0,a,,,,0.3,0,3,42
2026-10-01T00:32:18+00:00,324,232457,Mehmeti,12,3,48,-1,-2,-2.3,0,,False,-2.3,-2.3,-2.3,-1,-1,-1,73,140,399,2471,0.0,a,,,,0.0,0,0,0
2026-10-01T00:32:18+00:00,554,546600,Van Oevelen,12,1,45,0,0,0.0,0,,False,0.0,0.0,0.0,0,0,0,0,81,54,1955,0.0,u,0,Has joined Valencia on loan for the rest of the season,2026-08-25T14:04:09.529320Z,0.0,0,0,0
2026-10-01T00:32:18+00:00,562,442967,Maeda,12,3,53,-1,-2,-9.9,0,,False,-9.9,-9.9,-9.9,-1,-1,-1,135,1444,2863,20214,0.2,a,,,,1.3,1,8,259
2026-10-01T00:32:18+00:00,564,240514,Scherpen,12,1,45,0,0,-31.3,0,,False,-31.3,-31.3,-31.3,-2,-2,-2,618,2760,15185,23337,0.6,a,,,,1.0,0,7,360
2026-10-01T00:32:18+00:00,571,216055,Florentino,12,3,48,-1,-2,-2.5,0,,False,-2.5,-2.5,-2.5,-1,-1,-1,110,331,1055,7062,0.1,a,100,,2026-08-25T11:30:07.678802Z,0.7,1,2,30
2026-10-01T00:32:18+00:00,591,474120,Enciso,12,3,55,0,0,8.6,0,,False,8.6,8.6,8.6,1,1,1,2187,6039,93750,52328,0.8,a,100,,2026-08-22T18:00:07.551930Z,1.7,2,15,413
2026-10-01T00:32:18+00:00,592,572584,Ouattara,12,2,40,0,0,-31.8,0,,False,-31.8,-31.8,-31.8,-2,-2,-2,670,2044,13455,26180,0.9,a,,,,1.3,2,6,131
2026-10-01T00:32:18+00:00,602,524180,Humphreys,12,3,45,0,0,0.0,0,,False,0.0,0.0,0.0,0,0,0,0,237,2861,3231,0.0,u,0,Has joined Huddersfield Town on loan for the rest of the season,2026-09-02T16:04:17.524642Z,0.0,0,0,0
2026-10-01T00:32:18+00:00,619,218543,Palacios,12,3,50,0,0,1.0,0,,False,1.0,1.0,1.0,1,1,1,497,822,8985,3432,0.1,a,,,,3.3,2,11,275
2026-10-01T00:32:18+00:00,640,431639,Flemming,12,4,55,0,0,0.5,0,,False,0.5,0.5,0.5,1,1,1,908,980,9270,3202,0.1,a,,,,2.0,0,6,60
2026-10-01T00:32:18+00:00,260,153682,Wilson,13,3,62,0,-3,-60.4,-4,,False,-60.5,-60.6,-60.8,-3,-3,-3,72,39955,29043,456657,1.7,i,0,Thigh injury - Unknown return date,2026-09-18T13:30:09.626858Z,0.3,0,5,145
2026-10-01T00:32:18+00:00,326,201595,Perri,13,1,45,0,0,0.0,0,,False,0.0,0.0,0.0,0,0,0,0,1278,532,26478,0.3,u,0,Has joined Torino on loan for the rest of the season,2026-09-01T13:12:39.210133Z,0.0,0,0,0
2026-10-01T00:32:18+00:00,327,434752,Bijol,13,2,50,0,0,5.0,-4,,False,4.9,4.9,4.8,1,1,1,786,5468,69088,59083,0.7,a,,,,0.3,0,12,164
2026-10-01T00:32:18+00:00,329,214225,Rodon,13,2,43,-1,-2,-6.3,0,,False,-6.3,-6.3,-6.3,-1,-1,-1,45,8686,26939,296691,0.8,i,0,Hamstring injury - Expected back 21 Nov,2026-08-30T16:00:08.564382Z,0.0,0,7,123
2026-10-01T00:32:18+00:00,330,226182,Bogle,13,2,46,0,1,56.3,18,,False,56.6,56.8,57.1,3,3,3,122829,25203,649402,84411,7.2,a,,,,11.3,5,42,365
2026-10-01T00:32:18+00:00,331,243526,Gudmundsson,13,2,45,0,0,0.9,0,,False,0.9,0.9,0.9,1,1,1,520,325,4118,2755,0.1,a,100,,2026-08-08T20:00:07.546568Z,4.7,6,14,252
2026-10-01T00:32:18+00:00,332,220627,Justin,13,2,45,0,0,18.0,-1,,False,17.9,17.9,17.9,1,1,1,4133,5755,121405,70668,1.4,a,,,,4.7,8,26,450
2026-10-01T00:32:18+00:00,333,437738,Bornauw,13,2,45,0,0,0.0,0,,False,0.0,0.0,0.0,0,0,0,0,5,0,299,0.0,u,0,Has joined Hamburg SV on loan for the rest of the season,2026-08-19T13:56:14.645970Z,0.0,0,0,0
2026-10-01T00:32:18+00:00,334,522047,Muharemović,13,2,50,0,0,38.2,-2,,False,38.1,38.1,38.1,2,2,2,27389,23667,298674,172551,4.3,a,,,,5.7,6,27,450
2026-10-01T00:32:18+00:00,335,466525,Stach,13,3,60,0,0,15.9,-2,,False,15.9,15.8,15.8,1,1,1,4726,19275,202069,164008,2.5,a,,,,3.3,5,27,447
2026-10-01T00:32:18+00:00,336,435997,Okafor,13,3,58,0,-2,1.4,1,,False,1.4,1.5,1.5,1,1,1,1739,3311,26846,35097,0.4,a,,,,5.0,3,18,299
2026-10-01T00:32:18+00:00,337,427637,Aaronson,13,3,53,-1,-2,-7.6,-1,,False,-7.8,-8.0,-8.2,-1,-1,-1,210,3329,6773,48058,0.5,a,,,,1.0,1,7,194
2026-10-01T00:32:18+00:00,338,199598,Ampadu,13,3,54,0,-1,-28.1,0,,False,-28.1,-28.1,-28.1,-2,-2,-2,1577,4848,18010,60527,0.9,a,,,,4.7,5,21,450
2026-10-01T00:32:18+00:00,339,180135,Longstaff,13,3,49,0,-1,-96.7,0,,False,-96.7,-96.7,-96.7,-4,-4,-4,132,623,2505,8107,0.1,a,,,,0.3,0,2,10
2026-10-01T00:32:18+00:00,341,492859,Gnonto,13,3,50,0,0,0.0,0,,False,0.0,0.0,0.0,0,0,0,0,52,244,1810,0.0,u,0,Has joined ACF Fiorentina on loan for the rest of the season,2026-09-02T16:04:47.189648Z,0.0,0,0,0
2026-10-01T00:32:18+00:00,342,221399,Harrison,13,3,50,0,0,0.0,0,,False,0.0,0.0,0.0,0,0,0,0,5,0,79,0.0,u,0,Has joined New England Revolution permanently,2026-07-28T12:59:09.492431Z,0.0,0,0,0
2026-10-01T00:32:18+00:00,343,200617,James,13,3,49,0,-1,-27.7,0,,False,-27.7,-27.7,-27.7,-2,-2,-2,182,550,4151,8000,0.1,a,,,,0.7,1,3,52
2026-10-01T00:32:18+00:00,344,486520,Gruev,13,3,50,0,0,0.0,0,,False,0.0,0.0,0.0,0,0,0,48,20,127,315,0.0,a,100,,2026-08-14T23:00:06.272027Z,0.0,0,0,0
2026-10-01T00:32:18+00:00,345,248056,Tanaka,13,3,49,0,-1,4.8,0,,False,4.8,4.8,4.8,1,1,1,2184,2228,22702,17463,0.3,a,,,,4.3,2,14,255
2026-10-01T00:32:18+00:00,346,177815,Calvert-Lewin,13,4,60,0,0,67.9,-5,,False,67.8,67.7,67.6,3,3,3,92501,167004,1009130,1319946,24.8,a,,,,4.3,2,22,419
2026-10-01T00:32:18+00:00,347,174594,Nmecha,13,4,54,0,-1,-26.1,-1,,False,-26.5,-26.9,-27.3,-2,-2,-2,1983,3691,22177,37112,0.5,a,,,,1.0,1,7,64
2026-10-01T00:32:18+00:00,348,235826,Piroe,13,4,50,0,0,0.0,0,,False,0.0,0.0,0.0,0,0,0,0,420,0,11215,0.1,u,0,Has joined West Ham United on loan for the rest of the season,2026-08-19T13:56:14.666726Z,0.0,0,0,0
2026-10-01T00:32:18+00:00,349,565297,Mateo Joseph,13,4,45,0,0,-41.0,0,,False,-41.0,-41.0,-41.0,-3,-3,-3,310,476,3096,4450,0.1,i,0,Knee injury - Unknown return date,2026-07-29T18:00:10.338170Z,0.0,0,0,0
2026-10-01T00:32:18+00:00,385,432720,Trafford,13,1,50,0,0,33.4,-6,,False,33.3,33.2,33.1,2,2,2,22012,14689,263983,159034,5.5,a,,,,5.3,10,28,450
2026-10-01T00:32:18+00:00,598,173774,Elvedi,13,2,45,0,0,0.7,0,,False,0.7,0.7,0.7,1,1,1,224,228,5339,2787,0.1,a,,,,4.0,6,13,326
2026-10-01T00:32:18+00:00,603,643970,Lienou,13,2,40,0,0,0.1,-1,,False,0.1,0.1,0.1,1,1,1,237,511,6910,3978,0.1,a,,,,0.0,0,0,0
2026-10-01T00:32:18+00:00,604,592740,Cresswell,13,3,45,0,0,-11.6,0,,False,-11.6,-11.6,-11.6,-1,-1,-1,300,879,14056,7907,0.1,a,,,,0.0,0,0,0
2026-10-01T00:32:18+00:00,625,97846,Cairns,13,1,40,0,0,0.4,0,,False,0.4,0.4,0.4,1,1,1,831,767,19790,5925,0.2,a,,,,0.0,0,0,0
2026-10-01T00:32:18+00:00,629,155465,Zetterer,13,1,40,0,0,2.2,-2,,False,2.2,2.2,2.1,1,1,1,2991,2750,58431,14125,0.7,a,,,,0.0,0,0,0
2026-10-01T00:32:18+00:00,641,437497,Bard,13,2,45,0,0,0.0,0,,False,0.0,0.0,0.0,0,0,0,96,79,958,355,0.0,a,,,,0.3,0,1,18
2026-10-01T00:32:18+00:00,648,587982,Bahoya,13,3,50,0,0,-51.9,0,,False,-51.9,-51.9,-51.9,-3,-3,-3,106,173,2238,1141,0.0,a,,,,0.3,1,1,1
2026-10-01T00:32:18+00:00,350,116535,A.Becker,14,1,55,0,0,1.6,1,,False,1.6,1.6,1.7,1,1,1,12944,11546,146262,145070,4.1,a,,,,8.3,8,27,450
2026-10-01T00:32:18+00:00,351,449027,Mamardashvili,14,1,49,0,-1,-96.4,0,,False,-96.4,-96.4,-96.4,-4,-4,-4,253,609,2865,8627,0.1,a,,,,0.0,0,0,0
2026-10-01T00:32:18+00:00,352,155503,Woodman,14,1,40,0,0,-31.4,0,,False,-31.4,-31.4,-31.4,-2,-2,-2,779,2336,18273,27194,1.0,a,,,,0.0,0,0,0
2026-10-01T00:32:18+00:00,353,586268,Pecsi,14,1,40,0,0,0.0,0,,False,0.0,0.0,0.0,0,0,0,0,60,0,1087,0.0,u,0,Has joined TSV Hartberg on loan for the rest of the season,2026-08-18T14:11:18.638344Z,0.0,0,0,0
2026-10-01T00:32:18+00:00,354,432987,Jaros,14,1,40,0,0,0.1,0,,False,0.1,0.1,0.1,1,1,1,204,157,1751,1243,0.0,i,0,Knee injury - Unknown return date,2026-07-29T18:00:10.351066Z,0.0,0,0,0
2026-10-01T00:32:18+00:00,355,464353,Davies,14,1,40,0,0,0.1,0,,False,0.1,0.1,0.1,1,1,1,286,465,4738,4245,0.2,a,,,,0.0,0,0,0
2026-10-01T00:32:18+00:00,356,97032,Virgil,14,2,65,0,0,-59.3,4,,False,-59.2,-59.2,-59.2,-3,-3,-3,21057,43154,278073,615787,16.2,a,,,,7.3,8,25,450
2026-10-01T00:32:18+00:00,357,216094,Frimpong,14,2,53,0,-2,-37.0,-2,,False,-37.2,-37.4,-37.5,-2,-2,-2,1594,12593,58937,245978,1.8,a,,,,0.3,0,2,178
2026-10-01T00:32:18+00:00,358,544877,Kerkez,14,2,53,-1,-2,-0.1,0,,False,-0.1,-0.1,-0.1,-1,-1,-1,2598,10259,47615,187631,2.2,a,,,,4.0,6,13,385
2026-10-01T00:32:18+00:00,359,171287,Gomez,14,2,49,0,-1,0.0,0,,False,0.0,0.0,0.0,0,0,0,318,114,738,1178,0.0,a,100,,2026-07-26T08:30:10.078473Z,0.0,0,0,0
2026-10-01T00:32:18+00:00,360,492777,Bradley,14,2,50,0,0,-86.3,0,,False,-86.3,-86.3,-86.3,-3,-3,-3,55,83,372,795,0.0,i,0,Knee injury - Unknown return date,2026-07-23T12:01:23.565711Z,0.0,0,0,0
2026-10-01T00:32:18+00:00,361,519440,Lucky,14,2,40,0,0,-53.1,0,,False,-53.1,-53.1,-53.1,-3,-3,-3,293,570,3870,5795,0.1,a,,,,0.0,0,0,0
2026-10-01T00:32:18+00:00,362,606702,Jacquet,14,2,50,0,0,55.4,11,,False,55.5,55.7,55.8,3,3,3,33173,13151,231055,123184,3.5,a,100,,2026-07-23T12:01:23.581126Z,6.7,6,24,415
2026-10-01T00:32:18+00:00,363,647681,Leoni,14,2,40,0,0,-60.2,0,,False,-60.2,-60.2,-60.2,-3,-3,-3,65,178,866,2109,0.0,i,0,Knee injury - Unknown return date,2026-07-23T12:01:23.596909Z,0.0,0,0,0
2026-10-01T00:32:18+00:00,364,214285,Tsimikas,14,2,49,0,-1,-54.7,0,,False,-54.7,-54.7,-54.7,-3,-3,-3,90,390,1577,4416,0.1,a,,,,0.3,0,2,64
2026-10-01T00:32:18+00:00,365,489580,Ramsay,14,2,40,0,0,0.0,0,,False,0.0,0.0,0.0,0,0,0,0,471,638,12700,0.1,u,0,Has joined St Mirren on loan for the rest of the season,2026-08-26T14:05:26.748768Z,0.0,0,0,0
2026-10-01T00:32:18+00:00,366,494595,Wirtz,14,3,73,0,-2,-36.7,-5,,False,-36.9,-37.0,-37.1,-2,-2,-2,3322,41553,133590,764950,5.7,a,,,,4.0,6,18,402
2026-10-01T00:32:18+00:00,367,243298,Gakpo,14,3,72,0,2,-0.1,-55,,False,-0.5,-1.0,-1.4,-1,-1,-1,50995,89026,1337407,716623,12.4,d,75,Ankle injury - 75% chance of playing,2026-09-27T21:30:07.786183Z,5.0,3,32,370
2026-10-01T00:32:18+00:00,368,424876,Szoboszlai,14,3,70,0,0,-96.4,-44,,False,-96.6,-96.8,-97.1,-4,-4,-4,35536,210523,927895,1678681,32.8,a,,,,2.7,2,20,440
2026-10-01T00:32:18+00:00,369,611922,Ngumoha,14,3,57,-1,-3,-22.9,0,,False,-22.9,-22.9,-22.9,-2,-2,-2,768,4204,14546,89230,0.5,a,,,,0.3,0,4,99
2026-10-01T00:32:18+00:00,370,223541,Chiesa,14,3,53,-1,-2,-5.9,0,,False,-5.9,-5.9,-5.9,-1,-1,-1,17,246,682,10079,0.0,i,0,Back injury - Unknown return date,2026-08-27T13:30:07.598926Z,0.0,0,0,0
2026-10-01T00:32:18+00:00,371,441266,Gravenberch,14,3,58,-1,-2,-22.1,-1,,False,-22.2,-22.3,-22.4,-2,-2,-2,1194,8984,35732,130337,1.1,a,,,,1.0,1,9,190
2026-10-01T00:32:18+00:00,372,243016,Mac Allister,14,3,54,0,-1,-42.7,0,,False,-42.7,-42.7,-42.7,-3,-3,-3,3787,6800,45407,96514,1.3,a,,,,2.7,5,11,306
2026-10-01T00:32:18+00:00,373,206915,C.Jones,14,3,55,0,0,0.0,0,,False,0.0,0.0,0.0,0,0,0,0,60,34,2647,0.0,u,0,Has joined Internazionale permanently,2026-08-16T18:30:07.426408Z,0.0,0,0,0
2026-10-01T00:32:18+00:00,374,158983,Endo,14,3,49,0,-1,-61.5,0,,False,-61.5,-61.5,-61.5,-3,-3,-3,163,439,2326,4805,0.1,a,100,,2026-07-23T12:01:23.612529Z,0.0,0,0,0
2026-10-01T00:32:18+00:00,375,591386,Nyoni,14,3,49,0,-1,-85.7,0,,False,-85.7,-85.7,-85.7,-3,-3,-3,91,309,1348,3054,0.0,a,,,,0.7,1,3,38
2026-10-01T00:32:18+00:00,376,535928,Bajcetic,14,3,50,0,0,0.0,0,,False,0.0,0.0,0.0,0,0,0,0,3,19,107,0.0,u,0,Has joined Celta Vigo permanently,2026-07-23T12:01:23.628373Z,0.0,0,0,0
2026-10-01T00:32:18+00:00,377,551499,Munoz,14,3,65,0,0,6.4,-2,,False,6.4,6.3,6.3,1,1,1,1429,11370,117412,101712,0.9,a,,,,1.7,1,15,257
2026-10-01T00:32:18+00:00,378,491501,McConnell,14,3,44,0,-1,-3.5,-1,,False,-4.2,-5.0,-5.8,-1,-1,-1,1051,1485,6926,12942,0.2,a,,,,0.0,0,0,0
2026-10-01T00:32:18+00:00,379,219168,Isak,14,4,91,0,1,8.0,-34,,False,7.6,7.1,6.6,1,1,1,114750,81533,1241912,741502,22.4,d,75,Thigh injury - 75% chance of playing,2026-09-27T10:30:09.051435Z,7.7,8,33,413
2026-10-01T00:32:18+00:00,380,510663,Ekitiké,14,4,74,0,-1,-27.3,0,,False,-27.3,-27.3,-27.3,-2,-2,-2,366,822,2638,11285,0.1,i,0,Achilles injury - Unknown return date,2026-07-23T12:01:23.643771Z,0.0,0,0,0
2026-10-01T00:32:18+00:00,381,514514,Koumas,14,3,50,0,0,-93.1,0,,False,-93.1,-93.1,-93.1,-3,-3,-3,152,189,831,1390,0.0,a,,,,0.7,1,3,22
2026-10-01T00:32:18+00:00,382,500058,Danns,14,4,45,0,0,3.6,0,,False,3.6,3.6,3.6,1,1,1,3446,2360,23253,9639,0.2,a,100,,2026-07-23T12:01:23.659279Z,0.0,0,0,0
2026-10-01T00:32:18+00:00,383,444884,Elliott,14,3,54,0,-1,0.0,0,,False,0.0,0.0,0.0,0,0,0,0,223,907,6143,0.0,u,0,Has joined Valencia on loan for the rest of the season,2026-09-02T16:05:49.104326Z,0.0,0,0,0
2026-10-01T00:32:18+00:00,579,445087,Araujo,14,2,54,0,-1,33.8,5,,False,33.9,33.9,34.0,2,2,2,16642,10337,148558,160026,3.0,a,,,,7.0,7,22,284
2026-10-01T00:32:18+00:00,627,482616,Barcola,14,3,80,0,0,-66.7,1,,False,-66.7,-66.6,-66.6,-3,-3,-3,10611,18710,288073,129956,1.9,a,,,,2.3,3,7,168
2026-10-01T00:32:18+00:00,155,448047,Enzo,15,3,69,0,-1,1.3,0,,False,1.3,1.3,1.3,1,1,1,30528,14303,172195,321212,3.6,a,,,,4.0,7,13,271
2026-10-01T00:32:18+00:00,237,440993,Ndiaye,15,3,58,-1,-2,-19.7,-11,,False,-19.9,-20.0,-20.1,-1,-2,-2,6887,67892,297756,1135895,6.7,a,,,,3.0,5,22,385
2026-10-01T00:32:18+00:00,384,204936,Donnarumma,15,1,55,0,0,-51.0,-8,,False,-51.2,-51.3,-51.5,-3,-3,-3,10543,29998,206734,315914,7.6,a,,,,5.3,2,19,450
2026-10-01T00:32:18+00:00,386,122074,Bettinelli,15,1,45,0,0,-86.3,0,,False,-86.3,-86.3,-86.3,-3,-3,-3,51,87,566,1123,0.0,a,,,,0.0,0,0,0
2026-10-01T00:32:18+00:00,387,472769,O'Reilly,15,2,63,-1,-2,-3.8,-6,,False,-3.8,-3.9,-3.9,-1,-1,-1,5284,69827,192628,1206338,10.9,a,100,,2026-09-05T18:00:06.379802Z,0.7,1,6,163
2026-10-01T00:32:18+00:00,388,209036,Guéhi,15,2,60,0,0,64.5,-12,,False,64.3,64.1,63.9,3,3,3,23201,50574,505121,462550,18.2,a,,,,6.0,4,30,450
2026-10-01T00:32:18+00:00,389,465351,Matheus N.,15,2,59,0,-1,-33.4,-2,,False,-33.7,-34.1,-34.5,-2,-2,-2,1626,2886,14781,74027,1.0,a,100,,2026-08-27T11:30:08.171622Z,3.3,1,11,213
2026-10-01T00:32:18+00:00,390,171314,Rúben,15,2,55,0,0,3.8,-2,,False,3.8,3.8,3.7,1,1,1,4608,8979,67196,73781,1.9,a,,,,4.3,1,17,450
2026-10-01T00:32:18+00:00,391,477424,Gvardiol,15,2,57,0,2,78.7,-6,,False,78.7,78.6,78.5,3,3,3,145375,53644,1827407,413860,26.8,a,,,,7.7,4,37,434
2026-10-01T00:32:18+00:00,392,448514,Aït-Nouri,15,2,53,0,-2,-97.4,0,,False,-97.4,-97.4,-97.4,-4,-4,-4,518,2147,7870,61556,0.4,a,,,,0.0,0,0,0
2026-10-01T00:32:18+00:00,393,578153,Khusanov,15,2,54,0,-1,-34.3,-4,,False,-34.8,-35.2,-35.7,-2,-2,-2,1390,8920,26826,80566,1.4,a,,,,1.7,0,9,268
2026-10-01T00:32:18+00:00,394,494307,Alleyne,15,2,50,0,0,0.0,0,,False,0.0,0.0,0.0,0,0,0,0,20,0,618,0.0,u,0,Has joined Burnley on loan for the rest of the season,2026-08-18T14:11:56.324656Z,0.0,0,0,0
2026-10-01T00:32:18+00:00,395,477064,Lewis,15,2,44,0,-1,-65.0,0,,False,-65.0,-65.0,-65.0,-3,-3,-3,300,1195,8256,16261,0.2,a,,,,0.0,0,1,56
2026-10-01T00:32:18+00:00,396,616222,Vitor Reis,15,2,45,0,0,-81.7,0,,False,-81.7,-81.7,-81.7,-3,-3,-3,71,148,551,1171,0.0,a,,,,0.0,0,1,1
2026-10-01T00:32:18+00:00,397,437730,Semenyo,15,3,84,0,-1,-19.7,-14,,False,-19.7,-19.8,-19.9,-1,-1,-1,124943,65347,315846,1208047,15.3,d,75,Ankle injury - 75% chance of playing,2026-09-24T12:00:09.848000Z,8.7,17,33,450
2026-10-01T00:32:18+00:00,398,209244,Foden,15,3,69,0,-1,-47.6,-4,,False,-47.8,-47.9,-48.0,-3,-3,-3,206,28033,303452,565755,1.8,s,0,Suspended until 17 Oct,2026-09-13T17:00:09.433455Z,-0.3,0,9,217
2026-10-01T00:32:18+00:00,399,466052,Cherki,15,3,78,0,3,-56.0,19,,False,-55.8,-55.5,-55.2,-3,-3,-3,121377,87970,2668538,954915,28.4,a,,,,4.0,8,34,302
2026-10-01T00:32:18+00:00,400,248875,Doku,15,3,74,0,-1,0.2,0,,False,0.2,0.2,0.2,1,1,1,4260,2034,5727,128120,0.7,a,100,,2026-08-18T17:00:08.385597Z,0.3,1,1,15
2026-10-01T00:32:18+00:00,402,220566,Rodrigo,15,3,65,0,0,0.0,0,,False,0.0,0.0,0.0,0,0,0,0,25,0,1229,0.0,u,0,Has joined Barcelona permanently,2026-07-23T12:01:23.675537Z,0.0,0,0,0
2026-10-01T00:32:18+00:00,404,433036,Reijnders,15,3,60,0,0,0.0,0,,False,0.0,0.0,0.0,0,0,0,0,99,0,8184,0.0,u,0,Has joined Al Qadsiah permanently,2026-08-20T14:02:58.154273Z,0.0,0,0,0
2026-10-01T00:32:18+00:00,406,91651,Kovačić,15,3,54,0,-1,-95.5,0,,False,-95.5,-95.5,-95.5,-4,-4,-4,109,454,2251,6283,0.1,a,,,,0.0,0,2,42
2026-10-01T00:32:18+00:00,407,575204,Echeverri,15,3,49,0,-1,0.0,0,,False,0.0,0.0,0.0,0,0,0,0,52,250,1341,0.0,u,0,Has joined Benfica on loan for the rest of the season,2026-09-03T15:41:24.710479Z,0.0,0,0,0
2026-10-01T00:32:18+00:00,408,155405,Phillips,15,3,50,0,0,0.0,0,,False,0.0,0.0,0.0,0,0,0,0,12,0,571,0.0,u,0,Has joined Sheffield United on loan for the rest of the season,2026-08-18T14:11:56.348781Z,0.0,0,0,0
2026-10-01T00:32:18+00:00,409,590039,Mukasa,15,3,45,0,0,0.0,0,,False,0.0,0.0,0.0,0,0,0,0,587,1621,12154,0.1,u,0,has joined West Ham on loan for the rest of the seaon.,2026-09-03T10:34:10.733520Z,0.0,0,0,0
2026-10-01T00:32:18+00:00,410,649208,Monga,15,3,49,0,-1,0.0,0,,False,0.0,0.0,0.0,0,0,0,0,50,219,1270,0.0,u,0,Has joined Swansea City on loan for the rest of the season,2026-09-02T16:02:01.136760Z,0.0,0,0,0
2026-10-01T00:32:18+00:00,411,223094,Haaland,15,4,156,0,1,22.4,2,,False,22.5,22.5,22.5,2,2,2,77454,19769,922731,321427,73.8,a,,,,8.0,6,39,450
2026-10-01T00:32:18+00:00,481,215379,Anderson,15,3,63,0,-2,-41.1,-4,,False,-41.3,-41.4,-41.6,-3,-3,-3,7710,27460,105149,445300,4.0,a,100,,2026-08-23T17:00:07.952697Z,3.3,2,15,413
2026-10-01T00:32:18+00:00,587,106921,Rulli,15,1,50,0,0,-89.4,0,,False,-89.4,-89.4,-89.4,-3,-3,-3,69,102,601,1113,0.0,a,,,,0.0,0,0,0
2026-10-01T00:32:18+00:00,616,637238,Bouaddi,15,3,55,0,0,-32.0,0,,False,-32.0,-32.0,-32.0,-2,-2,-2,831,2097,21030,13536,0.2,a,,,,0.3,0,2,22
2026-10-01T00:32:18+00:00,621,616288,McAidoo,15,3,45,0,0,-88.2,0,,False,-88.2,-88.2,-88.2,-3,-3,-3,192,1079,11361,7102,0.1,a,,,,0.3,0,2,11
2026-10-01T00:32:18+00:00,622,554054,Braithwaite,15,2,40,0,0,-37.8,0,,False,-37.8,-37.8,-37.8,-2,-2,-2,573,1628,16780,9179,0.2,a,,,,0.0,0,1,1
2026-10-01T00:32:18+00:00,628,624777,Allan,15,3,60,0,0,0.1,0,,False,0.1,0.1,0.1,1,1,1,221,161,1184,682,0.0,a,,,,0.0,0,0,0
2026-10-01T00:32:18+00:00,653,595480,Samba,15,3,45,0,0,-39.8,0,,False,-39.8,-39.8,-39.8,-2,-2,-2,241,486,3890,2169,0.0,a,,,,0.0,0,0,0
2026-10-01T00:32:18+00:00,43,166989,Tielemans,16,3,58,0,-2,-36.4,0,,False,-36.4,-36.4,-36.4,-2,-2,-2,3093,10579,44540,161203,1.5,a,100,,2026-07-23T12:01:23.321726Z,2.7,4,14,402
2026-10-01T00:32:18+00:00,131,535301,Baleba,16,3,49,0,-1,0.0,0,,False,0.0,0.0,0.0,0,0,0,1249,717,6688,14358,0.1,a,100,,2026-08-06T16:00:10.997714Z,0.0,0,0,0
2026-10-01T00:32:18+00:00,162,532605,Andrey Santos,16,3,48,0,-2,-48.9,-1,,False,-49.2,-49.6,-49.9,-3,-3,-3,1028,4882,22225,73501,0.6,a,,,,0.3,0,4,82
2026-10-01T00:32:18+00:00,325,59735,Darlow,16,1,45,0,0,-22.7,0,,False,-22.7,-22.7,-22.7,-2,-2,-2,58,210,1065,1591,0.0,d,75,Unspecified injury - 75% chance of playing,2026-09-21T13:30:08.885505Z,0.0,0,0,0
2026-10-01T00:32:18+00:00,412,465247,Lammens,16,1,49,0,-1,-16.7,-2,,False,-16.7,-16.7,-16.7,-1,-1,-1,6622,48089,98830,686520,9.9,a,,,,2.7,4,11,450
2026-10-01T00:32:18+00:00,413,451302,Bayindir,16,1,45,0,0,0.0,0,,False,0.0,0.0,0.0,0,0,0,0,37,0,1147,0.0,u,0,Has joined Celta Vigo on loan for the rest of the season,2026-08-10T14:02:28.608415Z,0.0,0,0,0
2026-10-01T00:32:18+00:00,414,21205,Heaton,16,1,40,0,0,-35.5,0,,False,-35.5,-35.5,-35.5,-2,-2,-2,189,264,2107,3551,0.1,i,0,Hamstring injury - Unknown return date,2026-08-15T16:00:07.854151Z,0.0,0,0,0
2026-10-01T00:32:18+00:00,415,596777,Dorgu,16,3,58,0,-2,-57.9,-4,,False,-58.5,-59.1,-59.7,-3,-3,-3,1026,4048,13996,97585,0.5,d,75,Hamstring injury - 75% chance of playing,2026-09-27T21:30:07.831640Z,3.0,4,10,171
2026-10-01T00:32:18+00:00,416,209365,De Ligt,16,2,50,0,0,-95.4,0,,False,-95.4,-95.4,-95.4,-4,-4,-4,71,130,450,1553,0.0,i,0,Back injury - Unknown return date,2026-07-23T12:01:23.690880Z,0.0,0,0,0
2026-10-01T00:32:18+00:00,417,216051,Dalot,16,2,49,0,-1,-76.4,0,,False,-76.4,-76.4,-76.4,-3,-3,-3,1221,7432,26000,135927,1.6,a,,,,1.7,2,8,346
2026-10-01T00:32:18+00:00,418,95658,Maguire,16,2,48,-1,-2,-1.8,-10,,False,-1.9,-2.0,-2.1,-1,-1,-1,4247,74196,138205,1003887,8.6,a,,,,1.7,2,10,450
2026-10-01T00:32:18+00:00,419,221820,Martinez,16,2,50,0,0,-95.6,0,,False,-95.6,-95.6,-95.6,-4,-4,-4,3631,6361,36557,67214,1.3,a,100,,2026-07-24T20:00:10.337107Z,1.7,0,6,360
2026-10-01T00:32:18+00:00,420,550864,Yoro,16,2,48,-1,-2,-10.5,-1,,False,-10.7,-10.9,-11.1,-1,-1,-1,456,2144,5238,35986,0.5,a,,,,0.3,0,2,22
2026-10-01T00:32:18+00:00,421,606745,Heaven,16,2,43,-1,-2,0.0,0,,False,0.0,0.0,0.0,0,0,0,233,1460,6003,24046,0.3,a,,,,0.0,0,1,90
2026-10-01T00:32:18+00:00,422,230001,Mazraoui,16,2,44,0,-1,-72.8,-1,,False,-73.1,-73.5,-73.9,-3,-3,-3,575,2850,14359,40937,0.5,a,,,,0.3,0,3,97
2026-10-01T00:32:18+00:00,423,106760,Shaw,16,2,43,-1,-2,-4.6,1,,False,-4.6,-4.6,-4.6,-1,-1,-1,3539,75955,101023,1307884,7.7,a,100,,2026-09-11T13:00:09.030120Z,2.0,2,9,335
2026-10-01T00:32:18+00:00,424,577974,Amass,16,2,40,0,0,-45.1,0,,False,-45.1,-45.1,-45.1,-3,-3,-3,416,778,6318,8808,0.2,a,,,,0.0,0,0,0
2026-10-01T00:32:18+00:00,425,547676,Fredricson,16,2,40,0,0,0.0,0,,False,0.0,0.0,0.0,0,0,0,0,49,0,1317,0.0,u,0,Has joined Lausanne-Sport permanently,2026-08-18T14:12:31.904433Z,0.0,0,0,0
2026-10-01T00:32:18+00:00,426,141746,B.Fernandes,16,3,119,-1,-1,-1.1,2,,False,-1.1,-1.1,-1.1,-1,-1,-1,42792,194873,654392,1847823,38.5,a,,,,2.0,2,31,450
2026-10-01T00:32:18+00:00,427,446008,Mbeumo,16,3,79,0,-1,-74.6,3,,False,-74.6,-74.6,-74.6,-3,-3,-3,36088,128346,463067,2014845,20.6,a,,,,4.0,2,25,450
2026-10-01T00:32:18+00:00,428,430871,Cunha,16,3,79,0,-1,-93.9,4,,False,-93.8,-93.7,-93.6,-3,-3,-3,21533,21313,95279,509344,5.8,a,,,,5.0,10,26,407
2026-10-01T00:32:18+00:00,429,176297,Rashford,16,3,70,0,0,-81.6,-4,,False,-81.9,-82.1,-82.3,-3,-3,-3,4143,17428,85172,128509,1.5,d,75,Unspecified injury - 75% chance of playing,2026-09-21T10:30:09.221479Z,2.3,2,10,351
2026-10-01T00:32:18+00:00,430,184341,Mount,16,3,54,0,-1,0.1,1,,False,0.1,0.1,0.1,1,1,1,181,198,909,1974,0.0,a,100,,2026-08-15T16:00:07.879135Z,0.3,1,1,10
2026-10-01T00:32:18+00:00,431,493250,Amad,16,3,57,0,-3,-16.8,0,,False,-16.8,-16.8,-16.8,-1,-1,-1,126,1789,2168,123510,0.3,i,0,Unspecified injury - Unknown return date,2026-08-22T11:00:08.617283Z,0.0,0,0,0
2026-10-01T00:32:18+00:00,432,516895,Mainoo,16,3,55,0,0,13.8,-6,,False,13.7,13.7,13.6,1,1,1,7608,14850,94702,67127,1.6,d,75,Unspecified injury - 75% chance of playing,2026-09-21T13:00:09.169862Z,5.7,4,22,354
2026-10-01T00:32:18+00:00,433,232112,Ugarte,16,3,50,0,0,-67.7,0,,False,-67.7,-67.7,-67.7,-3,-3,-3,23,24,119,264,0.0,i,0,Knee injury - Unknown return date,2026-07-23T12:01:23.706702Z,0.0,0,0,0
2026-10-01T00:32:18+00:00,434,547037,J.Fletcher,16,3,49,0,-1,-38.0,0,,False,-38.0,-38.0,-38.0,-2,-2,-2,43,57,323,705,0.0,a,,,,0.0,0,0,0
2026-10-01T00:32:18+00:00,435,576628,Lacey,16,3,49,0,-1,-5.4,0,,False,-5.4,-5.4,-5.4,-1,-1,-1,370,354,1723,3319,0.1,a,,,,0.0,0,1,10
2026-10-01T00:32:18+00:00,436,490881,Collyer,16,3,50,0,0,0.0,0,,False,0.0,0.0,0.0,0,0,0,0,46,150,1053,0.0,u,0,Has joined West Brom permanently,2026-09-01T13:16:48.584385Z,0.0,0,0,0
2026-10-01T00:32:18+00:00,437,576620,Bendito Mantato,16,3,44,-1,-1,0.0,0,,False,0.0,0.0,0.0,0,0,0,417,852,5081,9633,0.2,a,,,,0.0,0,0,0
2026-10-01T00:32:18+00:00,438,519913,Fletcher,16,3,44,0,-1,0.4,0,,False,0.4,0.4,0.4,1,1,1,2552,2092,10621,16861,0.3,a,,,,0.0,0,0,0
2026-10-01T00:32:18+00:00,439,485711,Šeško,16,4,70,0,0,-40.6,-6,,False,-40.9,-41.2,-41.4,-3,-3,-3,6594,23796,104033,133469,1.6,d,75,Shin injury - 75% chance of playing,2026-09-20T19:30:08.505755Z,2.0,0,8,76
2026-10-01T00:32:18+00:00,440,458249,Zirkzee,16,4,53,-1,-2,-7.9,0,,False,-7.9,-7.9,-7.9,-1,-1,-1,1929,3097,15809,43650,0.4,a,,,,0.7,1,2,20
2026-10-01T00:32:18+00:00,441,596047,Obi,16,4,45,0,0,0.0,-2,,False,0.0,0.0,0.0,0,0,0,0,11196,45543,74138,0.9,u,0,Has joined Willem II on loan for the rest of the season,2026-09-14T16:12:42.090874Z,0.0,0,0,0
2026-10-01T00:32:18+00:00,405,465694,N.Gonzalez,17,3,55,0,0,0.8,0,,False,0.8,0.8,0.8,1,1,1,592,1833,18055,17002,0.2,a,100,,2026-09-14T21:30:07.343728Z,1.0,0,5,164
2026-10-01T00:32:18+00:00,442,98747,Pope,17,1,49,0,-1,-43.8,0,,False,-43.8,-43.8,-43.8,-3,-3,-3,855,3092,13348,53815,0.9,a,,,,0.0,0,0,0
2026-10-01T00:32:18+00:00,443,81441,Gillespie,17,1,45,0,0,-38.5,0,,False,-38.5,-38.5,-38.5,-2,-2,-2,43,87,768,1207,0.0,a,,,,0.0,0,0,0
2026-10-01T00:32:18+00:00,444,554578,Jaouen,17,1,44,-1,-1,-6.6,0,,False,-6.6,-6.6,-6.6,-1,-1,-1,20,117,453,1522,0.0,d,50,Ankle injury - 50% chance of playing,2026-09-10T16:00:09.127466Z,0.0,0,0,0
2026-10-01T00:32:18+00:00,445,465642,Thiaw,17,2,50,0,0,17.7,0,,False,17.7,17.7,17.7,1,1,1,8450,9891,177751,122902,2.2,a,,,,1.7,4,14,450
2026-10-01T00:32:18+00:00,446,119471,Schär,17,2,49,0,-1,-11.2,0,,False,-11.2,-11.2,-11.2,-1,-1,-1,545,894,7056,13840,0.2,a,100,,2026-08-15T16:30:07.209742Z,0.3,1,2,25
2026-10-01T00:32:18+00:00,447,220237,Botman,17,2,50,0,0,9.6,-1,,False,9.6,9.6,9.6,1,1,1,4684,2965,47358,28259,0.7,a,,,,2.3,4,15,450
2026-10-01T00:32:18+00:00,448,78916,Burn,17,2,48,-1,-2,-3.7,0,,False,-3.7,-3.7,-3.7,-1,-1,-1,110,5728,7325,160636,0.7,i,0,Ankle injury - Expected back 12 Oct,2026-08-23T18:00:08.367241Z,0.0,0,0,0
2026-10-01T00:32:18+00:00,449,487838,Hall,17,2,53,1,3,6.8,25,,False,6.9,7.1,7.2,1,1,1,243698,20099,1657200,347932,17.3,a,,,,5.7,13,31,449
2026-10-01T00:32:18+00:00,450,441191,Livramento,17,2,49,0,-1,1.5,0,,False,1.5,1.5,1.5,1,1,1,440,1477,10236,5917,0.1,d,75,Unspecified injury - 75% chance of playing,2026-09-19T14:00:09.046677Z,1.3,0,4,33
2026-10-01T00:32:18+00:00,451,545477,A.Murphy,17,2,40,0,0,0.0,0,,False,0.0,0.0,0.0,0,0,0,0,285,0,6936,0.1,u,0,Has joined FC Kaiserslautern on loan for the rest of the season,2026-08-12T14:05:29.224600Z,0.0,0,0,0
2026-10-01T00:32:18+00:00,453,201666,Barnes,17,3,61,1,1,15.6,24,,False,15.8,15.9,16.0,1,1,1,157864,17560,628967,149468,5.7,a,,,,7.7,9,28,450
2026-10-01T00:32:18+00:00,454,449434,Elanga,17,3,61,-1,1,-39.5,-26,,False,-39.7,-39.9,-40.0,-2,-2,-3,324,165408,1286161,1085369,4.5,i,0,Unspecified injury - Unknown return date,2026-09-14T20:00:09.505598Z,0.3,0,18,232
2026-10-01T00:32:18+00:00,456,232653,J.Ramsey,17,3,49,0,-1,-90.9,0,,False,-90.9,-90.9,-90.9,-3,-3,-3,64,4683,16610,30886,0.2,i,0,Thigh injury - Unknown return date,2026-09-15T09:00:08.191022Z,2.0,0,7,69
2026-10-01T00:32:18+00:00,457,114243,J.Murphy,17,3,59,0,-1,-19.9,0,,False,-19.9,-19.9,-19.9,-1,-1,-1,943,765,6046,10944,0.1,a,,,,0.7,1,3,181
2026-10-01T00:32:18+00:00,458,180974,Joelinton,17,3,54,0,-1,-61.6,0,,False,-61.6,-61.6,-61.6,-3,-3,-3,18,77,229,2239,0.0,i,0,Unspecified injury - Unknown return date,2026-08-16T08:00:08.074045Z,0.0,0,0,0
2026-10-01T00:32:18+00:00,459,547719,L.Miley,17,3,55,0,0,0.6,0,,False,0.6,0.6,0.6,1,1,1,476,454,6340,5461,0.1,a,100,,2026-07-23T12:01:23.785456Z,2.0,4,12,396
2026-10-01T00:32:18+00:00,460,200089,Willock,17,3,50,0,0,15.2,4,,False,15.2,15.3,15.4,1,1,1,9544,2680,64364,30665,0.6,a,,,,4.3,10,22,284
2026-10-01T00:32:18+00:00,461,611665,Touré,17,3,58,0,-2,-10.8,0,,False,-10.8,-10.8,-10.8,-1,-1,-1,321,844,3704,16451,0.1,a,,,,2.3,1,8,50
2026-10-01T00:32:18+00:00,462,636852,Steur,17,3,49,0,-1,-51.6,0,,False,-51.6,-51.6,-51.6,-3,-3,-3,264,379,2420,6176,0.1,a,,,,2.0,3,8,223
2026-10-01T00:32:18+00:00,463,470313,Woltemade,17,4,59,0,-1,0.0,0,,False,0.0,0.0,0.0,0,0,0,0,3648,14520,142083,0.5,u,0,Has joined Juventus on loan for the rest of the season,2026-09-02T16:07:16.549304Z,0.0,0,4,19
2026-10-01T00:32:18+00:00,464,216646,Wissa,17,4,62,0,2,61.4,13,,False,61.6,61.8,62.0,3,3,3,85927,139571,2281439,726581,18.7,a,,,,1.0,0,15,441
2026-10-01T00:32:18+00:00,465,538207,Osula,17,4,58,-1,-2,-8.0,0,,False,-8.0,-8.0,-8.0,-1,-1,-1,124,2343,21447,86648,0.3,i,0,Foot injury - Unknown return date,2026-08-25T19:00:08.004915Z,0.0,0,4,55
2026-10-01T00:32:18+00:00,466,599303,Neave,17,4,45,0,0,0.0,0,,False,0.0,0.0,0.0,0,0,0,0,3846,23805,52468,0.5,u,0,Has joined Wolves on loan for the rest of the season,2026-09-04T12:37:43.515176Z,0.0,0,0,0
2026-10-01T00:32:18+00:00,559,632794,Bamba,17,3,49,0,-1,-69.2,0,,False,-69.2,-69.2,-69.2,-3,-3,-3,128,486,2568,7570,0.1,a,,,,0.7,1,3,27
2026-10-01T00:32:18+00:00,567,470551,Horníček,17,1,50,0,0,23.6,4,,False,23.7,23.7,23.8,2,2,2,7081,4881,151731,71434,1.5,a,,,,2.0,3,14,450
2026-10-01T00:32:18+00:00,593,463726,Dedić,17,2,45,0,0,-10.2,-10,,False,-10.5,-10.8,-11.1,-1,-1,-1,256,37154,447878,307204,1.8,i,0,Unspecified injury - Unknown return date,2026-09-17T14:30:09.823731Z,0.3,0,13,327
2026-10-01T00:32:18+00:00,609,553746,Shahar,17,2,40,0,0,0.0,-1,,False,0.0,0.0,0.0,0,0,0,0,1847,18236,15745,0.2,u,0,has joined Arouca on loan for the rest of the seaon.,2026-09-11T14:41:57.406766Z,0.0,0,0,0
2026-10-01T00:32:18+00:00,634,613221,Fernandez-Pardo,17,4,60,0,0,0.7,1,,False,0.7,0.8,0.8,1,1,1,1962,1399,17033,6299,0.1,a,,,,1.3,2,4,157
2026-10-01T00:32:18+00:00,659,665243,Miley,17,3,45,0,0,0.0,0,,False,0.0,0.0,0.0,0,0,0,1395,640,4833,1242,0.0,a,,,,0.0,0,0,0
2026-10-01T00:32:18+00:00,663,578512,Pivas,17,2,40,0,0,0.0,0,2026-10-02T19:10:51.639791Z,False,0.0,0.0,0.0,0,0,0,386,56,386,56,0.0,a,,,,0.0,0,0,0
2026-10-01T00:32:18+00:00,664,601767,Salia,17,4,45,0,0,0.0,0,2026-10-02T19:11:17.402697Z,False,0.0,0.0,0.0,0,0,0,9547,1536,9547,1536,0.1,a,,,,0.0,0,0,0
2026-10-01T00:32:18+00:00,665,655585,Mills,17,3,45,0,0,0.0,0,2026-10-02T19:11:39.931907Z,False,0.0,0.0,0.0,0,0,0,159,29,159,29,0.0,a,,,,0.0,0,0,0
2026-10-01T00:32:18+00:00,666,671875,Thompson,17,3,45,0,0,0.0,0,2026-10-02T19:12:09.032926Z,False,0.0,0.0,0.0,0,0,0,232,35,232,35,0.0,a,,,,0.0,0,0,0
2026-10-01T00:32:18+00:00,167,463034,Delap,18,4,56,1,1,-23.5,-4,,False,-23.8,-24.0,-24.2,-2,-2,-2,24781,28447,311957,82019,2.7,a,,,,2.7,1,9,277
2026-10-01T00:32:18+00:00,201,247348,Muñoz,18,2,54,0,-1,-46.7,-4,,False,-46.8,-46.9,-47.0,-3,-3,-3,7741,29673,158299,483849,5.7,a,,,,1.7,2,5,257
2026-10-01T00:32:18+00:00,467,85633,Sels,18,1,50,0,0,4.4,-2,,False,4.4,4.4,4.4,1,1,1,1963,6033,68216,62095,1.6,a,,,,3.7,2,14,450
2026-10-01T00:32:18+00:00,468,221389,John,18,1,45,0,0,-73.1,0,,False,-73.1,-73.1,-73.1,-3,-3,-3,60,152,867,2012,0.1,a,,,,0.0,0,0,0
2026-10-01T00:32:18+00:00,469,215136,N.Williams,18,2,50,0,0,24.1,-4,,False,24.1,24.0,24.0,2,2,2,10853,46307,325339,351565,8.7,a,,,,3.7,2,19,450
2026-10-01T00:32:18+00:00,470,485047,Morato,18,2,50,0,0,0.0,0,,False,0.0,0.0,0.0,0,0,0,0,116,424,3696,0.0,u,0,Has joined West Ham on loan for the rest of the season,2026-09-02T16:19:54.503286Z,0.0,0,0,0
2026-10-01T00:32:18+00:00,471,227444,Milenković,18,2,54,-1,-1,-13.0,0,,False,-13.0,-13.0,-13.0,-1,-1,-1,65,12031,17997,107188,1.0,i,0,Hamstring injury - Expected back 11 Oct,2026-09-12T14:00:09.705107Z,2.3,0,12,270
2026-10-01T00:32:18+00:00,472,575476,Murillo,18,2,55,0,0,23.9,-1,,False,23.9,23.9,23.9,2,2,2,8192,8045,103689,61306,2.1,a,100,,2026-07-23T12:01:23.801183Z,6.0,4,23,449
2026-10-01T00:32:18+00:00,473,159506,Aina,18,2,44,-1,-1,-2.8,-3,,False,-2.9,-3.0,-3.1,-1,-1,-1,1051,20157,69164,169944,2.4,a,,,,1.0,0,8,306
2026-10-01T00:32:18+00:00,474,575458,Jair Cunha,18,2,45,0,0,-47.6,0,,False,-47.6,-47.6,-47.6,-3,-3,-3,239,632,9745,13158,0.2,a,100,,2026-09-12T14:00:09.724349Z,3.0,1,11,360
2026-10-01T00:32:18+00:00,475,500151,Savona,18,2,45,0,0,-19.3,0,,False,-19.3,-19.3,-19.3,-1,-1,-1,20,20,240,278,0.0,i,0,Knee injury - Unknown return date,2026-07-23T12:01:23.816304Z,0.0,0,0,0
2026-10-01T00:32:18+00:00,476,204822,O.Richards,18,2,40,0,0,-66.6,0,,False,-66.6,-66.6,-66.6,-3,-3,-3,294,721,3994,8272,0.2,a,,,,0.0,0,0,0
2026-10-01T00:32:18+00:00,477,549067,Abbott,18,2,40,0,0,0.0,0,,False,0.0,0.0,0.0,0,0,0,0,811,2459,13884,0.1,u,0,Has joined Southampton on loan for the rest of the season,2026-09-02T16:19:54.536676Z,0.0,0,0,0
2026-10-01T00:32:18+00:00,478,470315,Netz,18,2,44,0,-1,-7.7,0,,False,-7.7,-7.7,-7.7,-1,-1,-1,54,115,684,1586,0.0,a,,,,0.3,1,3,27
2026-10-01T00:32:18+00:00,479,538638,Bindon,18,2,40,0,0,0.0,0,,False,0.0,0.0,0.0,0,0,0,0,514,799,8644,0.1,u,0,Has joined Charlton Athletic on loan for the rest of the season,2026-09-01T13:16:05.383880Z,0.0,0,0,0
2026-10-01T00:32:18+00:00,480,222531,Gibbs-White,18,3,80,0,0,50.8,-6,,False,50.7,50.7,50.6,3,3,3,64861,81289,1208543,663983,15.7,a,100,,2026-08-24T15:30:08.350159Z,4.3,2,28,450
2026-10-01T00:32:18+00:00,482,209046,Hudson-Odoi,18,3,58,0,-2,-38.2,0,,False,-38.2,-38.2,-38.2,-2,-2,-2,255,1151,5266,17551,0.1,a,100,,2026-07-23T12:01:23.832709Z,0.0,0,1,1
2026-10-01T00:32:18+00:00,483,456512,Ndoye,18,3,55,0,0,13.2,0,,False,13.2,13.2,13.2,1,1,1,745,8025,72341,49188,0.7,a,,,,1.0,1,15,316
2026-10-01T00:32:18+00:00,484,503301,Hutchinson,18,3,54,0,-1,0.0,0,,False,0.0,0.0,0.0,0,0,0,0,360,427,10988,0.1,u,0,Has joined AC Milan on loan for the rest of the season,2026-09-01T13:23:52.340206Z,0.0,0,0,0
2026-10-01T00:32:18+00:00,485,476887,Bakwa,18,3,55,0,0,0.0,0,,False,0.0,0.0,0.0,0,0,0,0,33,107,1175,0.0,u,0,Has joined Lille on loan for the rest of the season,2026-08-27T14:53:03.381941Z,0.0,0,0,0
2026-10-01T00:32:18+00:00,486,432714,McAtee,18,3,55,0,0,2.2,0,,False,2.2,2.2,2.2,1,1,1,342,896,9987,5942,0.1,a,,,,2.3,2,12,416
2026-10-01T00:32:18+00:00,487,250199,Dominguez,18,3,49,0,-1,-66.8,0,,False,-66.8,-66.8,-66.8,-3,-3,-3,62,291,1200,4093,0.1,a,,,,0.0,0,1,1
2026-10-01T00:32:18+00:00,488,210462,I.Sangaré,18,3,49,0,-1,-96.9,0,,False,-96.9,-96.9,-96.9,-4,-4,-4,303,3002,9202,68581,0.4,a,100,,2026-08-28T09:30:07.471668Z,0.7,1,4,105
2026-10-01T00:32:18+00:00,489,204968,Yates,18,3,45,0,0,-87.4,-4,,False,-87.9,-88.4,-89.0,-3,-3,-3,586,7287,30232,93642,1.2,a,100,,2026-08-17T20:30:08.195072Z,0.0,0,0,0
2026-10-01T00:32:18+00:00,490,60689,Wood,18,4,58,0,-2,-39.3,-4,,False,-39.8,-40.4,-41.1,-2,-3,-3,1960,6412,24539,116259,0.9,a,,,,1.0,1,4,62
2026-10-01T00:32:18+00:00,491,482973,Igor Jesus,18,4,58,0,-2,0.1,1,,False,0.1,0.1,0.1,1,1,1,7164,22885,126164,270230,2.6,a,,,,3.0,1,12,257
2026-10-01T00:32:18+00:00,493,465680,Kalimuendo,18,4,54,0,-1,0.0,0,,False,0.0,0.0,0.0,0,0,0,226,411,3036,4111,0.1,a,,,,0.0,0,1,1
2026-10-01T00:32:18+00:00,558,204561,Schlager,18,3,50,0,0,0.4,0,,False,0.4,0.4,0.4,1,1,1,219,769,5899,5786,0.1,a,,,,2.7,2,13,376
2026-10-01T00:32:18+00:00,581,568420,Diomande,18,2,54,0,-1,-49.7,0,,False,-49.7,-49.7,-49.7,-3,-3,-3,1504,2228,13626,41693,0.5,a,,,,2.3,2,7,163
2026-10-01T00:32:18+00:00,590,428971,Benda,18,1,45,0,0,0.0,0,,False,0.0,0.0,0.0,0,0,0,123,236,2663,2837,0.1,a,,,,0.0,0,0,0
2026-10-01T00:32:18+00:00,112,469142,Van Hecke,19,2,49,0,-1,-14.9,-10,,False,-15.0,-15.1,-15.2,-1,-1,-1,18425,28373,154594,473768,6.5,d,75,Foot injury - 75% chance of playing,2026-09-30T16:00:09.552205Z,7.3,6,24,450
2026-10-01T00:32:18+00:00,147,109646,Tosin,19,2,44,0,-1,-38.9,0,,False,-38.9,-38.9,-38.9,-2,-2,-2,101,555,1993,7907,0.1,a,,,,0.3,0,1,5
2026-10-01T00:32:18+00:00,401,438234,Marmoush,19,4,70,0,0,37.4,7,,False,37.5,37.6,37.7,2,2,2,11154,21400,233633,162533,2.1,a,,,,2.0,2,8,339
2026-10-01T00:32:18+00:00,403,510281,Sávio,19,3,65,0,0,10.6,-1,,False,10.6,10.6,10.6,1,1,1,2824,6725,99736,79488,0.7,a,100,,2026-08-29T16:30:08.380416Z,2.7,2,8,240
2026-10-01T00:32:18+00:00,455,432422,Tonali,19,3,53,-1,-2,-19.0,1,,False,-18.9,-18.9,-18.8,-1,-1,-1,2264,14879,47853,269486,1.8,a,100,,2026-09-14T14:30:07.387706Z,3.3,2,14,427
2026-10-01T00:32:18+00:00,494,184254,Vicario,19,1,45,0,0,0.0,0,,False,0.0,0.0,0.0,0,0,0,0,709,0,22092,0.1,u,0,Has joined Juventus on loan for the rest of the season,2026-08-19T13:55:33.193962Z,0.0,0,0,0
2026-10-01T00:32:18+00:00,495,214572,Austin,19,1,40,0,0,2.2,0,,False,2.2,2.2,2.2,1,1,1,1902,2143,29553,21828,1.0,a,,,,0.0,0,0,0
2026-10-01T00:32:18+00:00,496,485055,Kinsky,19,1,45,0,0,-50.3,-6,,False,-50.3,-50.4,-50.4,-3,-3,-3,17613,109883,346767,792110,17.3,a,,,,5.0,2,18,450
2026-10-01T00:32:18+00:00,497,67089,Dubravka,19,1,40,0,0,-24.2,-3,,False,-24.2,-24.2,-24.2,-2,-2,-2,26138,47415,396777,440065,17.1,a,,,,0.0,0,0,0
2026-10-01T00:32:18+00:00,498,221466,Senesi,19,2,58,0,-2,-54.2,-2,,False,-54.3,-54.4,-54.5,-3,-3,-3,1166,21277,29310,457740,3.5,a,,,,0.0,0,3,90
2026-10-01T00:32:18+00:00,499,441164,Pedro Porro,19,2,54,0,-1,-30.0,-12,,False,-30.2,-30.3,-30.4,-2,-2,-2,1680,74077,124454,991825,7.6,d,75,Hamstring injury - 75% chance of playing,2026-09-19T12:00:08.823872Z,2.7,1,9,198
2026-10-01T00:32:18+00:00,500,221632,Romero,19,2,50,0,0,0.0,0,,False,0.0,0.0,0.0,0,0,0,0,296,0,16810,0.1,u,0,Has joined Atletico Madrid permanently,2026-08-17T13:49:05.465401Z,0.0,0,0,0
2026-10-01T00:32:18+00:00,502,122798,Robertson,19,2,44,0,-1,0.3,0,,False,0.3,0.3,0.3,1,1,1,5451,12594,67123,183270,2.5,a,,,,4.0,4,17,366
2026-10-01T00:32:18+00:00,503,491279,Van de Ven,19,2,50,0,0,-21.6,0,,False,-21.6,-21.6,-21.6,-2,-2,-2,5649,19521,94105,266762,3.8,a,100,,2026-08-21T15:00:07.610517Z,5.3,1,16,360
2026-10-01T00:32:18+00:00,505,232859,Spence,19,2,45,0,0,0.0,0,,False,0.0,0.0,0.0,0,0,0,0,1175,0,69261,0.2,u,0,Has joined Internazionale permanently,2026-08-18T14:13:08.454214Z,0.0,0,0,0
2026-10-01T00:32:18+00:00,506,487053,Udogie,19,2,44,0,-1,-20.6,0,,False,-20.6,-20.6,-20.6,-2,-2,-2,338,1605,5577,22435,0.3,a,100,,2026-09-11T18:00:09.092110Z,1.7,0,7,86
2026-10-01T00:32:18+00:00,507,548308,Phillips,19,2,45,0,0,0.0,0,,False,0.0,0.0,0.0,0,0,0,0,54,0,1269,0.0,u,0,Has joined Middlesbrough permanently,2026-08-18T14:13:08.474144Z,0.0,0,0,0
2026-10-01T00:32:18+00:00,508,115556,Davies,19,2,39,-1,-1,1.5,0,,False,1.5,1.5,1.5,1,1,1,7370,3850,19166,41293,0.9,a,,,,0.0,0,0,0
2026-10-01T00:32:18+00:00,509,640419,Byfield,19,2,40,0,0,-4.2,0,,False,-4.2,-4.2,-4.2,-1,-1,-1,124,246,2339,2590,0.1,a,,,,0.0,0,0,0
2026-10-01T00:32:18+00:00,510,499716,Rowswell,19,2,40,0,0,-16.1,0,,False,-16.1,-16.1,-16.1,-1,-1,-1,156,337,2885,3465,0.1,a,,,,0.0,0,0,0
2026-10-01T00:32:18+00:00,511,616221,Souza,19,2,40,0,0,0.0,0,,False,0.0,0.0,0.0,0,0,0,0,879,2555,16865,0.2,u,0,Has joined FC Porto on loan for the rest of the season,2026-09-01T13:24:26.858636Z,0.0,0,0,0
2026-10-01T00:32:18+00:00,512,460842,Kudus,19,3,65,0,0,2.1,0,,False,2.1,2.1,2.1,1,1,1,2225,1113,13019,11068,0.2,a,100,,2026-07-23T12:01:23.848657Z,2.0,4,7,123
2026-10-01T00:32:18+00:00,513,493362,Xavi,19,3,59,0,-1,-16.9,0,,False,-16.9,-16.9,-16.9,-1,-1,-1,52,80,344,1121,0.0,i,0,Knee injury - Unknown return date,2026-07-23T12:01:23.864304Z,0.0,0,0,0
2026-10-01T00:32:18+00:00,514,511499,Tel,19,3,57,-1,-3,-26.4,0,,False,-26.4,-26.4,-26.4,-2,-2,-2,198,1934,9130,46751,0.2,a,,,,1.3,0,8,257
2026-10-01T00:32:18+00:00,515,172780,Maddison,19,3,63,0,-2,-70.3,0,,False,-70.3,-70.3,-70.3,-3,-3,-3,729,1965,5778,96218,0.4,a,100,,2026-08-25T14:30:07.623508Z,0.7,1,3,59
2026-10-01T00:32:18+00:00,516,202993,Bentancur,19,3,55,0,0,-73.4,0,,False,-73.4,-73.4,-73.4,-3,-3,-3,369,695,5133,8352,0.2,a,,,,4.0,4,15,370
2026-10-01T00:32:18+00:00,517,550839,Odobert,19,3,55,0,0,0.0,0,,False,0.0,0.0,0.0,0,0,0,25,14,127,109,0.0,i,0,Knee injury - Unknown return date,2026-07-23T12:01:23.879434Z,0.0,0,0,0
2026-10-01T00:32:18+00:00,518,482442,P.M.Sarr,19,3,49,0,-1,0.0,0,,False,0.0,0.0,0.0,0,0,0,0,667,4138,23734,0.1,u,0,Has joined Juventus on loan for the rest of the season,2026-09-02T16:02:43.386849Z,0.0,0,0,0
2026-10-01T00:32:18+00:00,519,232787,Gallagher,19,3,53,0,-2,0.1,0,,False,0.1,0.1,0.1,1,1,1,805,650,4661,17038,0.2,a,,,,3.0,6,9,134
2026-10-01T00:32:18+00:00,520,570526,Bergvall,19,3,53,-1,-2,-3.1,0,,False,-3.1,-3.1,-3.1,-1,-1,-1,104,622,1884,9555,0.1,a,,,,0.7,1,3,78
2026-10-01T00:32:18+00:00,521,445044,Kulusevski,19,3,65,0,0,-79.5,0,,False,-79.5,-79.5,-79.5,-3,-3,-3,93,71,399,736,0.0,i,0,Knee injury - Unknown return date,2026-07-23T12:01:23.895175Z,0.0,0,0,0
2026-10-01T00:32:18+00:00,522,547701,Gray,19,3,49,0,-1,-24.1,0,,False,-24.1,-24.1,-24.1,-2,-2,-2,458,1187,6835,13358,0.2,a,,,,1.7,2,9,307
2026-10-01T00:32:18+00:00,523,499721,Moore,19,3,50,0,0,0.0,0,,False,0.0,0.0,0.0,0,0,0,0,538,3258,17023,0.1,u,0,Has joined FC Köln on loan for the rest of the season,2026-09-04T12:39:48.098158Z,0.0,0,3,89
2026-10-01T00:32:18+00:00,524,499726,Olusesi,19,3,44,0,-1,7.8,0,,False,7.8,7.8,7.8,1,1,1,6081,7580,55697,49425,1.0,a,,,,0.0,0,0,0
2026-10-01T00:32:18+00:00,525,551226,Fernandes,19,3,57,-1,-3,-9.9,0,,False,-9.9,-9.9,-9.9,-1,-1,-1,463,6594,14444,124681,0.8,a,,,,1.3,1,7,249
2026-10-01T00:32:18+00:00,526,154566,Solanke,19,4,58,0,-2,-30.0,2,,False,-29.7,-29.5,-29.2,-2,-2,-2,1886,5634,29433,94685,0.8,a,,,,1.7,2,7,170
2026-10-01T00:32:18+00:00,527,212319,Richarlison,19,4,59,0,-1,0.0,0,,False,0.0,0.0,0.0,0,0,0,0,5689,21439,268172,0.6,u,0,not included in squad.,2026-09-04T12:32:39.183614Z,0.0,0,2,67
2026-10-01T00:32:18+00:00,528,490145,Scarlett,19,4,45,0,0,0.0,-2,,False,0.0,0.0,0.0,0,0,0,0,7980,42525,109547,1.1,u,0,Has joined Leyton Orient permanently,2026-09-02T16:02:43.413625Z,0.0,0,0,0
2026-10-01T00:32:18+00:00,578,465920,Mudryk,19,3,53,-1,-2,-11.7,0,,False,-11.7,-11.7,-11.7,-1,-1,-1,20,557,5440,7605,0.0,i,0,Ankle injury - Unknown return date,2026-09-11T18:00:09.154412Z,0.3,0,1,16
2026-10-01T00:32:18+00:00,601,611917,Williams-Barnett,19,3,45,0,0,-51.8,0,,False,-51.8,-51.8,-51.8,-3,-3,-3,166,755,10248,7038,0.1,a,,,,0.0,0,0,0
2026-10-01T00:32:18+00:00,501,135720,Danso,20,2,50,0,0,-81.9,0,,False,-81.9,-81.9,-81.9,-3,-3,-3,1147,826,6572,9863,0.2,a,,,,1.0,0,3,270
2026-10-01T00:32:18+00:00,529,498016,Roefs,20,1,49,0,-1,-16.2,0,,False,-16.2,-16.2,-16.2,-1,-1,-1,2035,11465,21884,177590,2.4,a,,,,1.3,0,11,450
2026-10-01T00:32:18+00:00,530,232571,Patterson,20,1,40,0,0,0.0,0,,False,0.0,0.0,0.0,0,0,0,0,349,0,6001,0.1,u,0,Has joined Wrexham permanently,2026-08-12T14:08:03.064533Z,0.0,0,0,0
2026-10-01T00:32:18+00:00,531,515046,Ellborg,20,1,44,-1,-1,-0.2,0,,False,-0.2,-0.2,-0.2,-1,-1,-1,133,255,1172,3336,0.1,a,,,,0.0,0,0,0
2026-10-01T00:32:18+00:00,532,223827,Ballard,20,2,49,0,-1,-52.7,-3,,False,-52.8,-52.9,-53.0,-3,-3,-3,3592,16705,45491,317273,2.5,d,75,Hamstring injury - 75% chance of playing,2026-09-25T21:30:10.370384Z,2.0,2,14,450
2026-10-01T00:32:18+00:00,533,200834,Mukiele,20,2,54,0,-1,-16.7,0,,False,-16.7,-16.7,-16.7,-1,-1,-1,5068,8729,44399,129834,1.9,a,100,,2026-08-09T08:30:05.954750Z,1.3,0,13,360
2026-10-01T00:32:18+00:00,534,487676,Hume,20,2,43,-1,-2,-7.6,-1,,False,-7.7,-7.7,-7.7,-1,-1,-1,1213,29378,37839,397053,2.8,a,,,,0.7,1,10,206
2026-10-01T00:32:18+00:00,535,201895,Alderete,20,2,48,-1,-2,-6.6,0,,False,-6.6,-6.6,-6.6,-1,-1,-1,217,1055,4971,27331,0.2,a,100,,2026-08-09T08:30:05.962393Z,0.0,0,1,23
2026-10-01T00:32:18+00:00,536,434399,Reinildo,20,2,44,-1,-1,-0.1,0,,False,-0.1,-0.1,-0.1,-1,-1,-1,187,1553,4050,24353,0.3,a,100,,2026-09-12T21:30:09.421687Z,0.0,0,7,360
2026-10-01T00:32:18+00:00,537,519634,Seelt,20,2,45,0,0,0.0,0,,False,0.0,0.0,0.0,0,0,0,0,22,61,664,0.0,u,0,Has joined Swansea City on loan for the rest of the season,2026-08-29T00:34:52.425076Z,0.0,0,0,0
2026-10-01T00:32:18+00:00,538,477547,Hjelde,20,2,40,0,0,0.0,0,,False,0.0,0.0,0.0,0,0,0,0,154,0,2525,0.0,u,0,Has joined KV Mechelen on loan for the rest of the season,2026-08-12T14:08:03.081789Z,0.0,0,0,0
2026-10-01T00:32:18+00:00,539,167512,O'Nien,20,2,39,-1,-1,4.0,0,,False,4.0,4.0,4.0,1,1,1,17566,11474,32309,121374,2.5,a,,,,0.0,0,1,66
2026-10-01T00:32:18+00:00,540,105717,Masuaku,20,2,40,0,0,0.0,0,,False,0.0,0.0,0.0,0,0,0,0,626,0,11559,0.1,u,0,Has joined Konyaspor permanently,2026-08-12T14:08:03.097784Z,0.0,0,0,0
2026-10-01T00:32:18+00:00,541,93605,Meunier,20,2,45,0,0,-32.6,0,,False,-32.6,-32.6,-32.6,-2,-2,-2,1599,870,7000,9622,0.3,a,100,,2026-08-16T08:30:07.830062Z,2.3,3,14,396
2026-10-01T00:32:18+00:00,542,484420,E.Le Fée,20,3,57,-1,-3,-4.3,2,,False,-4.2,-4.2,-4.1,-1,-1,-1,11261,23712,44833,650287,3.4,a,,,,4.3,5,18,438
2026-10-01T00:32:18+00:00,543,547027,Diarra,20,3,53,-1,-2,-0.2,0,,False,-0.2,-0.2,-0.2,-1,-1,-1,20,231,558,5914,0.0,i,0,Hamstring injury - Unknown return date,2026-08-30T16:30:08.428960Z,0.0,0,5,28
2026-10-01T00:32:18+00:00,544,84450,Xhaka,20,3,55,0,0,-72.8,-2,,False,-72.9,-72.9,-73.0,-3,-3,-3,6164,23004,130696,208093,3.6,a,,,,2.0,2,21,450
2026-10-01T00:32:18+00:00,545,577669,Sadiki,20,3,49,0,-1,-73.1,0,,False,-73.1,-73.1,-73.1,-3,-3,-3,402,1327,5715,18352,0.2,a,,,,1.7,2,10,410
2026-10-01T00:32:18+00:00,546,535818,Adingra,20,3,49,0,-1,0.0,0,,False,0.0,0.0,0.0,0,0,0,0,189,240,7417,0.0,u,0,Has joined Ajax on loan for the rest of the season,2026-08-20T14:00:08.416985Z,0.0,0,0,0
2026-10-01T00:32:18+00:00,547,461199,Mundle,20,3,49,0,-1,-78.4,0,,False,-78.4,-78.4,-78.4,-3,-3,-3,10,54,201,672,0.0,i,0,Knee injury - Unknown return date,2026-09-09T14:00:08.462705Z,0.0,0,1,1
2026-10-01T00:32:18+00:00,548,554197,Rigg,20,3,49,0,-1,-76.7,0,,False,-76.7,-76.7,-76.7,-3,-3,-3,31,228,468,2848,0.0,a,,,,0.0,0,2,17
2026-10-01T00:32:18+00:00,549,549912,Talbi,20,3,53,0,-2,-29.0,0,,False,-29.0,-29.0,-29.0,-2,-2,-2,106,562,1339,11782,0.1,a,,,,0.0,0,1,31
2026-10-01T00:32:18+00:00,550,699989,Jocelin.T,20,3,50,0,0,-93.5,0,,False,-93.5,-93.5,-93.5,-3,-3,-3,32,43,306,424,0.0,a,,,,0.0,0,0,0
2026-10-01T00:32:18+00:00,551,536661,N.Angulo,20,3,50,0,0,1.3,0,,False,1.3,1.3,1.3,1,1,1,502,779,12781,10567,0.1,a,,,,2.7,4,16,313
2026-10-01T00:32:18+00:00,552,441264,Brobbey,20,4,57,-1,-3,80.8,-1,,False,80.8,80.8,80.7,3,3,3,194344,44645,285802,930817,6.9,d,75,Hamstring injury - 75% chance of playing,2026-09-24T21:30:10.382142Z,6.7,17,24,399
2026-10-01T00:32:18+00:00,553,437505,Isidor,20,4,55,0,0,3.1,0,,False,3.1,3.1,3.1,1,1,1,3195,11495,95497,86649,1.3,a,,,,2.0,1,15,117
2026-10-01T00:32:18+00:00,612,638411,Methalie,20,2,45,0,0,0.0,0,,False,0.0,0.0,0.0,0,0,0,114,66,903,492,0.0,a,100,,2026-08-28T13:00:08.950445Z,-0.3,-1,-1,90
2026-10-01T00:32:18+00:00,613,696104,Ahoka,20,3,45,0,0,-45.2,0,,False,-45.2,-45.2,-45.2,-3,-3,-3,587,1588,25382,14286,0.2,a,,,,0.0,0,0,0
2026-10-01T00:32:18+00:00,646,549940,Fofana,20,3,55,0,0,-12.4,0,,False,-12.4,-12.4,-12.4,-1,-1,-1,329,299,4065,1727,0.0,a,,,,1.0,1,3,60
2026-10-01T00:32:18+00:00,651,661313,J.Angulo,20,4,45,0,0,4.8,0,,False,4.8,4.8,4.8,1,1,1,8709,7226,90577,30241,0.7,a,,,,0.0,0,0,0
